ISO-10303-21;
HEADER;
/* Generated by software containing ST-Developer
 * from STEP Tools, Inc. (www.steptools.com) 
 */

FILE_DESCRIPTION(
/* description */ (''),
/* implementation_level */ '2;1');

FILE_NAME(
/* name */ 'rotaryinner-1 v1.step',
/* time_stamp */ '2025-09-16T18:56:10-07:00',
/* author */ (''),
/* organization */ (''),
/* preprocessor_version */ 'ST-DEVELOPER v20.1',
/* originating_system */ 'Autodesk Translation Framework v14.10.0.0',
/* authorisation */ '');

FILE_SCHEMA (('AUTOMOTIVE_DESIGN { 1 0 10303 214 3 1 1 }'));
ENDSEC;

DATA;
#10=MECHANICAL_DESIGN_GEOMETRIC_PRESENTATION_REPRESENTATION('',(#13),#2216);
#11=SHAPE_REPRESENTATION_RELATIONSHIP('SRR','None',#2223,#12);
#12=ADVANCED_BREP_SHAPE_REPRESENTATION('',(#14),#2215);
#13=STYLED_ITEM('',(#2233),#14);
#14=MANIFOLD_SOLID_BREP('Body1',#1284);
#15=ELLIPSE('',#1374,67.2340470379434,47.5416505871451);
#16=ELLIPSE('',#1381,67.2340470379434,47.5416505871451);
#17=ELLIPSE('',#1387,67.2340470379434,47.5416505871451);
#18=ELLIPSE('',#1388,67.2340470379434,47.5416505871451);
#19=ELLIPSE('',#1400,5.59450000000002,3.95590888734816);
#20=ELLIPSE('',#1401,5.59450000000002,3.95590888734816);
#21=ELLIPSE('',#1403,5.59450000000002,3.95590888734816);
#22=ELLIPSE('',#1404,5.59450000000002,3.95590888734816);
#23=ELLIPSE('',#1406,5.59450000000002,3.95590888734815);
#24=ELLIPSE('',#1407,5.59450000000002,3.95590888734815);
#25=ELLIPSE('',#1415,5.59450000000002,3.95590888734815);
#26=ELLIPSE('',#1416,5.59450000000002,3.95590888734815);
#27=CYLINDRICAL_SURFACE('',#1330,1.55);
#28=CYLINDRICAL_SURFACE('',#1335,1.55);
#29=CYLINDRICAL_SURFACE('',#1339,1.55);
#30=CYLINDRICAL_SURFACE('',#1344,1.55);
#31=CYLINDRICAL_SURFACE('',#1346,3.75);
#32=CYLINDRICAL_SURFACE('',#1348,10.);
#33=CYLINDRICAL_SURFACE('',#1350,10.);
#34=CYLINDRICAL_SURFACE('',#1354,5.);
#35=CYLINDRICAL_SURFACE('',#1366,1.588);
#36=CYLINDRICAL_SURFACE('',#1385,47.5416505871451);
#37=CYLINDRICAL_SURFACE('',#1389,6.);
#38=CYLINDRICAL_SURFACE('',#1392,1.588);
#39=CYLINDRICAL_SURFACE('',#1394,30.1043494128549);
#40=CYLINDRICAL_SURFACE('',#1399,3.95590888734815);
#41=CYLINDRICAL_SURFACE('',#1402,3.95590888734815);
#42=CYLINDRICAL_SURFACE('',#1405,3.95590888734815);
#43=CYLINDRICAL_SURFACE('',#1414,3.95590888734815);
#44=CYLINDRICAL_SURFACE('',#1426,6.);
#45=CYLINDRICAL_SURFACE('',#1427,6.6445);
#46=CYLINDRICAL_SURFACE('',#1428,6.6445);
#47=CYLINDRICAL_SURFACE('',#1429,6.6445);
#48=CYLINDRICAL_SURFACE('',#1430,6.6445);
#49=CYLINDRICAL_SURFACE('',#1431,5.);
#50=CYLINDRICAL_SURFACE('',#1440,6.6445);
#51=CYLINDRICAL_SURFACE('',#1441,6.6445);
#52=CYLINDRICAL_SURFACE('',#1442,6.6445);
#53=CYLINDRICAL_SURFACE('',#1443,6.6445);
#54=LINE('',#1868,#159);
#55=LINE('',#1875,#160);
#56=LINE('',#1879,#161);
#57=LINE('',#1885,#162);
#58=LINE('',#1894,#163);
#59=LINE('',#1900,#164);
#60=LINE('',#1904,#165);
#61=LINE('',#1916,#166);
#62=LINE('',#1921,#167);
#63=LINE('',#1926,#168);
#64=LINE('',#1930,#169);
#65=LINE('',#1934,#170);
#66=LINE('',#1939,#171);
#67=LINE('',#1944,#172);
#68=LINE('',#1948,#173);
#69=LINE('',#1951,#174);
#70=LINE('',#1954,#175);
#71=LINE('',#1957,#176);
#72=LINE('',#1959,#177);
#73=LINE('',#1963,#178);
#74=LINE('',#1964,#179);
#75=LINE('',#1967,#180);
#76=LINE('',#1968,#181);
#77=LINE('',#1971,#182);
#78=LINE('',#1975,#183);
#79=LINE('',#1977,#184);
#80=LINE('',#1979,#185);
#81=LINE('',#1980,#186);
#82=LINE('',#1985,#187);
#83=LINE('',#1991,#188);
#84=LINE('',#1993,#189);
#85=LINE('',#1995,#190);
#86=LINE('',#1997,#191);
#87=LINE('',#1999,#192);
#88=LINE('',#2003,#193);
#89=LINE('',#2005,#194);
#90=LINE('',#2007,#195);
#91=LINE('',#2009,#196);
#92=LINE('',#2011,#197);
#93=LINE('',#2015,#198);
#94=LINE('',#2017,#199);
#95=LINE('',#2019,#200);
#96=LINE('',#2021,#201);
#97=LINE('',#2023,#202);
#98=LINE('',#2027,#203);
#99=LINE('',#2029,#204);
#100=LINE('',#2031,#205);
#101=LINE('',#2033,#206);
#102=LINE('',#2035,#207);
#103=LINE('',#2041,#208);
#104=LINE('',#2044,#209);
#105=LINE('',#2046,#210);
#106=LINE('',#2049,#211);
#107=LINE('',#2050,#212);
#108=LINE('',#2053,#213);
#109=LINE('',#2054,#214);
#110=LINE('',#2057,#215);
#111=LINE('',#2059,#216);
#112=LINE('',#2060,#217);
#113=LINE('',#2062,#218);
#114=LINE('',#2065,#219);
#115=LINE('',#2067,#220);
#116=LINE('',#2072,#221);
#117=LINE('',#2074,#222);
#118=LINE('',#2077,#223);
#119=LINE('',#2079,#224);
#120=LINE('',#2080,#225);
#121=LINE('',#2082,#226);
#122=LINE('',#2085,#227);
#123=LINE('',#2087,#228);
#124=LINE('',#2092,#229);
#125=LINE('',#2094,#230);
#126=LINE('',#2097,#231);
#127=LINE('',#2100,#232);
#128=LINE('',#2102,#233);
#129=LINE('',#2105,#234);
#130=LINE('',#2107,#235);
#131=LINE('',#2111,#236);
#132=LINE('',#2115,#237);
#133=LINE('',#2116,#238);
#134=LINE('',#2117,#239);
#135=LINE('',#2120,#240);
#136=LINE('',#2126,#241);
#137=LINE('',#2127,#242);
#138=LINE('',#2130,#243);
#139=LINE('',#2131,#244);
#140=LINE('',#2134,#245);
#141=LINE('',#2135,#246);
#142=LINE('',#2141,#247);
#143=LINE('',#2147,#248);
#144=LINE('',#2153,#249);
#145=LINE('',#2165,#250);
#146=LINE('',#2172,#251);
#147=LINE('',#2183,#252);
#148=LINE('',#2185,#253);
#149=LINE('',#2187,#254);
#150=LINE('',#2189,#255);
#151=LINE('',#2191,#256);
#152=LINE('',#2194,#257);
#153=LINE('',#2196,#258);
#154=LINE('',#2198,#259);
#155=LINE('',#2206,#260);
#156=LINE('',#2208,#261);
#157=LINE('',#2210,#262);
#158=LINE('',#2212,#263);
#159=VECTOR('',#1474,2.275);
#160=VECTOR('',#1481,10.);
#161=VECTOR('',#1484,10.);
#162=VECTOR('',#1489,10.);
#163=VECTOR('',#1498,10.);
#164=VECTOR('',#1503,10.);
#165=VECTOR('',#1506,10.);
#166=VECTOR('',#1521,1.55);
#167=VECTOR('',#1526,2.275);
#168=VECTOR('',#1533,1.55);
#169=VECTOR('',#1538,2.275);
#170=VECTOR('',#1543,1.55);
#171=VECTOR('',#1548,2.275);
#172=VECTOR('',#1555,1.55);
#173=VECTOR('',#1560,3.75);
#174=VECTOR('',#1563,10.);
#175=VECTOR('',#1566,10.);
#176=VECTOR('',#1569,10.);
#177=VECTOR('',#1570,10.);
#178=VECTOR('',#1575,10.);
#179=VECTOR('',#1576,10.);
#180=VECTOR('',#1579,10.);
#181=VECTOR('',#1580,10.);
#182=VECTOR('',#1583,10.);
#183=VECTOR('',#1588,10.);
#184=VECTOR('',#1589,10.);
#185=VECTOR('',#1590,10.);
#186=VECTOR('',#1591,10.);
#187=VECTOR('',#1596,10.);
#188=VECTOR('',#1601,9.99999999999999);
#189=VECTOR('',#1602,10.);
#190=VECTOR('',#1603,10.);
#191=VECTOR('',#1604,10.);
#192=VECTOR('',#1605,9.99999999999999);
#193=VECTOR('',#1608,10.);
#194=VECTOR('',#1609,10.);
#195=VECTOR('',#1610,10.);
#196=VECTOR('',#1611,10.);
#197=VECTOR('',#1612,10.);
#198=VECTOR('',#1615,10.);
#199=VECTOR('',#1616,10.);
#200=VECTOR('',#1617,10.);
#201=VECTOR('',#1618,10.);
#202=VECTOR('',#1619,9.99999999999999);
#203=VECTOR('',#1622,10.);
#204=VECTOR('',#1623,10.);
#205=VECTOR('',#1624,10.);
#206=VECTOR('',#1625,10.);
#207=VECTOR('',#1626,10.);
#208=VECTOR('',#1633,10.);
#209=VECTOR('',#1636,10.);
#210=VECTOR('',#1639,10.);
#211=VECTOR('',#1642,10.);
#212=VECTOR('',#1643,10.);
#213=VECTOR('',#1646,10.);
#214=VECTOR('',#1647,10.);
#215=VECTOR('',#1650,10.);
#216=VECTOR('',#1651,10.);
#217=VECTOR('',#1652,10.);
#218=VECTOR('',#1655,10.);
#219=VECTOR('',#1658,10.);
#220=VECTOR('',#1659,10.);
#221=VECTOR('',#1666,10.);
#222=VECTOR('',#1669,10.);
#223=VECTOR('',#1672,10.);
#224=VECTOR('',#1673,10.);
#225=VECTOR('',#1674,10.);
#226=VECTOR('',#1677,10.);
#227=VECTOR('',#1680,10.);
#228=VECTOR('',#1681,10.);
#229=VECTOR('',#1688,10.);
#230=VECTOR('',#1691,10.);
#231=VECTOR('',#1694,10.);
#232=VECTOR('',#1697,10.);
#233=VECTOR('',#1698,10.);
#234=VECTOR('',#1701,10.);
#235=VECTOR('',#1702,10.);
#236=VECTOR('',#1707,10.);
#237=VECTOR('',#1712,10.);
#238=VECTOR('',#1713,10.);
#239=VECTOR('',#1714,10.);
#240=VECTOR('',#1717,10.);
#241=VECTOR('',#1726,10.);
#242=VECTOR('',#1727,10.);
#243=VECTOR('',#1730,10.);
#244=VECTOR('',#1731,10.);
#245=VECTOR('',#1734,10.);
#246=VECTOR('',#1735,10.);
#247=VECTOR('',#1742,3.95590888734815);
#248=VECTOR('',#1749,3.95590888734815);
#249=VECTOR('',#1756,3.95590888734815);
#250=VECTOR('',#1775,3.95590888734815);
#251=VECTOR('',#1786,10.);
#252=VECTOR('',#1799,6.6445);
#253=VECTOR('',#1802,6.6445);
#254=VECTOR('',#1805,6.6445);
#255=VECTOR('',#1808,6.6445);
#256=VECTOR('',#1811,10.);
#257=VECTOR('',#1816,10.);
#258=VECTOR('',#1819,10.);
#259=VECTOR('',#1822,10.);
#260=VECTOR('',#1833,6.6445);
#261=VECTOR('',#1836,6.6445);
#262=VECTOR('',#1839,6.6445);
#263=VECTOR('',#1842,6.6445);
#264=CONICAL_SURFACE('',#1310,2.275,0.785398163397448);
#265=CONICAL_SURFACE('',#1332,2.275,0.785398163397448);
#266=CONICAL_SURFACE('',#1337,2.275,0.785398163397448);
#267=CONICAL_SURFACE('',#1341,2.275,0.785398163397447);
#268=FACE_BOUND('',#358,.T.);
#269=FACE_BOUND('',#360,.T.);
#270=FACE_BOUND('',#362,.T.);
#271=FACE_BOUND('',#364,.T.);
#272=FACE_BOUND('',#367,.T.);
#273=FACE_BOUND('',#368,.T.);
#274=FACE_BOUND('',#369,.T.);
#275=FACE_BOUND('',#392,.T.);
#276=FACE_BOUND('',#398,.T.);
#277=FACE_BOUND('',#418,.T.);
#278=FACE_BOUND('',#419,.T.);
#279=FACE_BOUND('',#420,.T.);
#280=FACE_BOUND('',#421,.T.);
#281=FACE_BOUND('',#422,.T.);
#282=FACE_BOUND('',#423,.T.);
#283=FACE_BOUND('',#424,.T.);
#284=FACE_BOUND('',#425,.T.);
#285=FACE_BOUND('',#426,.T.);
#286=FACE_BOUND('',#427,.T.);
#287=FACE_BOUND('',#439,.T.);
#288=FACE_BOUND('',#441,.T.);
#289=FACE_OUTER_BOUND('',#357,.T.);
#290=FACE_OUTER_BOUND('',#359,.T.);
#291=FACE_OUTER_BOUND('',#361,.T.);
#292=FACE_OUTER_BOUND('',#363,.T.);
#293=FACE_OUTER_BOUND('',#365,.T.);
#294=FACE_OUTER_BOUND('',#366,.T.);
#295=FACE_OUTER_BOUND('',#370,.T.);
#296=FACE_OUTER_BOUND('',#371,.T.);
#297=FACE_OUTER_BOUND('',#372,.T.);
#298=FACE_OUTER_BOUND('',#373,.T.);
#299=FACE_OUTER_BOUND('',#374,.T.);
#300=FACE_OUTER_BOUND('',#375,.T.);
#301=FACE_OUTER_BOUND('',#376,.T.);
#302=FACE_OUTER_BOUND('',#377,.T.);
#303=FACE_OUTER_BOUND('',#378,.T.);
#304=FACE_OUTER_BOUND('',#379,.T.);
#305=FACE_OUTER_BOUND('',#380,.T.);
#306=FACE_OUTER_BOUND('',#381,.T.);
#307=FACE_OUTER_BOUND('',#382,.T.);
#308=FACE_OUTER_BOUND('',#383,.T.);
#309=FACE_OUTER_BOUND('',#384,.T.);
#310=FACE_OUTER_BOUND('',#385,.T.);
#311=FACE_OUTER_BOUND('',#386,.T.);
#312=FACE_OUTER_BOUND('',#387,.T.);
#313=FACE_OUTER_BOUND('',#388,.T.);
#314=FACE_OUTER_BOUND('',#389,.T.);
#315=FACE_OUTER_BOUND('',#390,.T.);
#316=FACE_OUTER_BOUND('',#391,.T.);
#317=FACE_OUTER_BOUND('',#393,.T.);
#318=FACE_OUTER_BOUND('',#394,.T.);
#319=FACE_OUTER_BOUND('',#395,.T.);
#320=FACE_OUTER_BOUND('',#396,.T.);
#321=FACE_OUTER_BOUND('',#397,.T.);
#322=FACE_OUTER_BOUND('',#399,.T.);
#323=FACE_OUTER_BOUND('',#400,.T.);
#324=FACE_OUTER_BOUND('',#401,.T.);
#325=FACE_OUTER_BOUND('',#402,.T.);
#326=FACE_OUTER_BOUND('',#403,.T.);
#327=FACE_OUTER_BOUND('',#404,.T.);
#328=FACE_OUTER_BOUND('',#405,.T.);
#329=FACE_OUTER_BOUND('',#406,.T.);
#330=FACE_OUTER_BOUND('',#407,.T.);
#331=FACE_OUTER_BOUND('',#408,.T.);
#332=FACE_OUTER_BOUND('',#409,.T.);
#333=FACE_OUTER_BOUND('',#410,.T.);
#334=FACE_OUTER_BOUND('',#411,.T.);
#335=FACE_OUTER_BOUND('',#412,.T.);
#336=FACE_OUTER_BOUND('',#413,.T.);
#337=FACE_OUTER_BOUND('',#414,.T.);
#338=FACE_OUTER_BOUND('',#415,.T.);
#339=FACE_OUTER_BOUND('',#416,.T.);
#340=FACE_OUTER_BOUND('',#417,.T.);
#341=FACE_OUTER_BOUND('',#428,.T.);
#342=FACE_OUTER_BOUND('',#429,.T.);
#343=FACE_OUTER_BOUND('',#430,.T.);
#344=FACE_OUTER_BOUND('',#431,.T.);
#345=FACE_OUTER_BOUND('',#432,.T.);
#346=FACE_OUTER_BOUND('',#433,.T.);
#347=FACE_OUTER_BOUND('',#434,.T.);
#348=FACE_OUTER_BOUND('',#435,.T.);
#349=FACE_OUTER_BOUND('',#436,.T.);
#350=FACE_OUTER_BOUND('',#437,.T.);
#351=FACE_OUTER_BOUND('',#438,.T.);
#352=FACE_OUTER_BOUND('',#440,.T.);
#353=FACE_OUTER_BOUND('',#442,.T.);
#354=FACE_OUTER_BOUND('',#443,.T.);
#355=FACE_OUTER_BOUND('',#444,.T.);
#356=FACE_OUTER_BOUND('',#445,.T.);
#357=EDGE_LOOP('',(#813));
#358=EDGE_LOOP('',(#814));
#359=EDGE_LOOP('',(#815));
#360=EDGE_LOOP('',(#816));
#361=EDGE_LOOP('',(#817));
#362=EDGE_LOOP('',(#818));
#363=EDGE_LOOP('',(#819));
#364=EDGE_LOOP('',(#820));
#365=EDGE_LOOP('',(#821,#822,#823,#824,#825));
#366=EDGE_LOOP('',(#826,#827,#828,#829,#830,#831,#832,#833,#834,#835,#836,
#837,#838,#839,#840,#841,#842,#843,#844,#845));
#367=EDGE_LOOP('',(#846));
#368=EDGE_LOOP('',(#847));
#369=EDGE_LOOP('',(#848));
#370=EDGE_LOOP('',(#849,#850,#851,#852));
#371=EDGE_LOOP('',(#853,#854,#855,#856,#857));
#372=EDGE_LOOP('',(#858,#859,#860,#861,#862));
#373=EDGE_LOOP('',(#863,#864,#865,#866,#867));
#374=EDGE_LOOP('',(#868,#869,#870,#871));
#375=EDGE_LOOP('',(#872,#873,#874,#875,#876));
#376=EDGE_LOOP('',(#877,#878,#879,#880,#881));
#377=EDGE_LOOP('',(#882,#883,#884,#885));
#378=EDGE_LOOP('',(#886,#887,#888,#889,#890));
#379=EDGE_LOOP('',(#891,#892,#893,#894,#895));
#380=EDGE_LOOP('',(#896,#897,#898,#899));
#381=EDGE_LOOP('',(#900,#901,#902,#903));
#382=EDGE_LOOP('',(#904,#905,#906,#907));
#383=EDGE_LOOP('',(#908,#909,#910,#911,#912,#913));
#384=EDGE_LOOP('',(#914,#915,#916,#917,#918,#919,#920,#921,#922,#923,#924,
#925,#926,#927,#928,#929,#930,#931,#932,#933,#934,#935,#936,#937,#938,#939,
#940,#941,#942,#943));
#385=EDGE_LOOP('',(#944,#945,#946,#947));
#386=EDGE_LOOP('',(#948,#949,#950,#951));
#387=EDGE_LOOP('',(#952,#953,#954));
#388=EDGE_LOOP('',(#955,#956,#957,#958));
#389=EDGE_LOOP('',(#959,#960,#961,#962));
#390=EDGE_LOOP('',(#963,#964,#965));
#391=EDGE_LOOP('',(#966,#967,#968,#969,#970,#971));
#392=EDGE_LOOP('',(#972));
#393=EDGE_LOOP('',(#973,#974,#975));
#394=EDGE_LOOP('',(#976,#977,#978,#979));
#395=EDGE_LOOP('',(#980,#981,#982,#983));
#396=EDGE_LOOP('',(#984,#985,#986));
#397=EDGE_LOOP('',(#987,#988,#989,#990,#991,#992));
#398=EDGE_LOOP('',(#993));
#399=EDGE_LOOP('',(#994,#995,#996));
#400=EDGE_LOOP('',(#997,#998,#999,#1000));
#401=EDGE_LOOP('',(#1001,#1002,#1003,#1004,#1005,#1006,#1007,#1008,#1009,
#1010,#1011,#1012,#1013,#1014,#1015,#1016,#1017,#1018,#1019,#1020));
#402=EDGE_LOOP('',(#1021,#1022,#1023,#1024));
#403=EDGE_LOOP('',(#1025,#1026,#1027,#1028,#1029,#1030));
#404=EDGE_LOOP('',(#1031,#1032,#1033,#1034));
#405=EDGE_LOOP('',(#1035,#1036,#1037,#1038,#1039,#1040,#1041,#1042));
#406=EDGE_LOOP('',(#1043,#1044,#1045,#1046));
#407=EDGE_LOOP('',(#1047,#1048,#1049,#1050));
#408=EDGE_LOOP('',(#1051,#1052,#1053,#1054));
#409=EDGE_LOOP('',(#1055,#1056,#1057,#1058,#1059));
#410=EDGE_LOOP('',(#1060,#1061,#1062,#1063,#1064));
#411=EDGE_LOOP('',(#1065,#1066,#1067,#1068,#1069));
#412=EDGE_LOOP('',(#1070,#1071,#1072));
#413=EDGE_LOOP('',(#1073,#1074,#1075));
#414=EDGE_LOOP('',(#1076,#1077,#1078));
#415=EDGE_LOOP('',(#1079,#1080,#1081,#1082,#1083));
#416=EDGE_LOOP('',(#1084,#1085,#1086));
#417=EDGE_LOOP('',(#1087,#1088,#1089,#1090,#1091,#1092,#1093,#1094,#1095,
#1096));
#418=EDGE_LOOP('',(#1097));
#419=EDGE_LOOP('',(#1098));
#420=EDGE_LOOP('',(#1099));
#421=EDGE_LOOP('',(#1100));
#422=EDGE_LOOP('',(#1101));
#423=EDGE_LOOP('',(#1102));
#424=EDGE_LOOP('',(#1103));
#425=EDGE_LOOP('',(#1104));
#426=EDGE_LOOP('',(#1105));
#427=EDGE_LOOP('',(#1106,#1107,#1108,#1109,#1110,#1111));
#428=EDGE_LOOP('',(#1112,#1113,#1114,#1115));
#429=EDGE_LOOP('',(#1116,#1117,#1118,#1119));
#430=EDGE_LOOP('',(#1120,#1121,#1122,#1123));
#431=EDGE_LOOP('',(#1124,#1125,#1126,#1127));
#432=EDGE_LOOP('',(#1128,#1129,#1130,#1131));
#433=EDGE_LOOP('',(#1132,#1133,#1134,#1135));
#434=EDGE_LOOP('',(#1136,#1137,#1138,#1139));
#435=EDGE_LOOP('',(#1140,#1141,#1142));
#436=EDGE_LOOP('',(#1143,#1144,#1145));
#437=EDGE_LOOP('',(#1146,#1147,#1148));
#438=EDGE_LOOP('',(#1149,#1150,#1151,#1152,#1153,#1154));
#439=EDGE_LOOP('',(#1155));
#440=EDGE_LOOP('',(#1156,#1157,#1158,#1159,#1160,#1161));
#441=EDGE_LOOP('',(#1162));
#442=EDGE_LOOP('',(#1163,#1164,#1165,#1166));
#443=EDGE_LOOP('',(#1167,#1168,#1169,#1170));
#444=EDGE_LOOP('',(#1171,#1172,#1173,#1174));
#445=EDGE_LOOP('',(#1175,#1176,#1177,#1178));
#446=CIRCLE('',#1299,6.6445);
#447=CIRCLE('',#1300,3.95590888734815);
#448=CIRCLE('',#1302,6.6445);
#449=CIRCLE('',#1303,3.95590888734815);
#450=CIRCLE('',#1305,6.6445);
#451=CIRCLE('',#1306,3.95590888734815);
#452=CIRCLE('',#1308,6.6445);
#453=CIRCLE('',#1309,3.95590888734815);
#454=CIRCLE('',#1311,1.55);
#455=CIRCLE('',#1312,3.);
#456=CIRCLE('',#1313,3.);
#457=CIRCLE('',#1315,5.);
#458=CIRCLE('',#1316,30.1043494128549);
#459=CIRCLE('',#1317,1.588);
#460=CIRCLE('',#1318,10.);
#461=CIRCLE('',#1319,3.);
#462=CIRCLE('',#1320,3.);
#463=CIRCLE('',#1321,10.);
#464=CIRCLE('',#1322,1.588);
#465=CIRCLE('',#1323,30.1043494128549);
#466=CIRCLE('',#1324,5.);
#467=CIRCLE('',#1325,10.);
#468=CIRCLE('',#1326,10.);
#469=CIRCLE('',#1327,3.);
#470=CIRCLE('',#1328,3.);
#471=CIRCLE('',#1329,3.75);
#472=CIRCLE('',#1331,1.55);
#473=CIRCLE('',#1333,1.55);
#474=CIRCLE('',#1334,1.55);
#475=CIRCLE('',#1336,1.55);
#476=CIRCLE('',#1338,1.55);
#477=CIRCLE('',#1340,1.55);
#478=CIRCLE('',#1342,1.55);
#479=CIRCLE('',#1343,1.55);
#480=CIRCLE('',#1345,1.55);
#481=CIRCLE('',#1347,3.75);
#482=CIRCLE('',#1349,10.);
#483=CIRCLE('',#1351,10.);
#484=CIRCLE('',#1355,5.);
#485=CIRCLE('',#1358,30.1043494128549);
#486=CIRCLE('',#1359,6.);
#487=CIRCLE('',#1360,47.5416505871451);
#488=CIRCLE('',#1361,47.5416505871451);
#489=CIRCLE('',#1362,47.5416505871451);
#490=CIRCLE('',#1363,47.5416505871451);
#491=CIRCLE('',#1364,47.5416505871451);
#492=CIRCLE('',#1365,6.);
#493=CIRCLE('',#1367,1.588);
#494=CIRCLE('',#1375,6.6445);
#495=CIRCLE('',#1382,6.6445);
#496=CIRCLE('',#1386,47.5416505871451);
#497=CIRCLE('',#1390,6.);
#498=CIRCLE('',#1393,1.588);
#499=CIRCLE('',#1395,30.1043494128549);
#500=CIRCLE('',#1409,6.6445);
#501=CIRCLE('',#1411,6.6445);
#502=CIRCLE('',#1413,6.6445);
#503=CIRCLE('',#1418,6.6445);
#504=CIRCLE('',#1420,6.);
#505=CIRCLE('',#1421,5.);
#506=CIRCLE('',#1422,6.64449999999999);
#507=CIRCLE('',#1423,6.64449999999999);
#508=CIRCLE('',#1424,6.64449999999999);
#509=CIRCLE('',#1425,6.64449999999999);
#510=CIRCLE('',#1437,6.6445);
#511=CIRCLE('',#1439,6.6445);
#512=VERTEX_POINT('',#1845);
#513=VERTEX_POINT('',#1847);
#514=VERTEX_POINT('',#1850);
#515=VERTEX_POINT('',#1852);
#516=VERTEX_POINT('',#1855);
#517=VERTEX_POINT('',#1857);
#518=VERTEX_POINT('',#1860);
#519=VERTEX_POINT('',#1862);
#520=VERTEX_POINT('',#1865);
#521=VERTEX_POINT('',#1867);
#522=VERTEX_POINT('',#1869);
#523=VERTEX_POINT('',#1873);
#524=VERTEX_POINT('',#1874);
#525=VERTEX_POINT('',#1876);
#526=VERTEX_POINT('',#1878);
#527=VERTEX_POINT('',#1880);
#528=VERTEX_POINT('',#1882);
#529=VERTEX_POINT('',#1884);
#530=VERTEX_POINT('',#1886);
#531=VERTEX_POINT('',#1888);
#532=VERTEX_POINT('',#1891);
#533=VERTEX_POINT('',#1893);
#534=VERTEX_POINT('',#1895);
#535=VERTEX_POINT('',#1897);
#536=VERTEX_POINT('',#1899);
#537=VERTEX_POINT('',#1901);
#538=VERTEX_POINT('',#1903);
#539=VERTEX_POINT('',#1907);
#540=VERTEX_POINT('',#1909);
#541=VERTEX_POINT('',#1911);
#542=VERTEX_POINT('',#1914);
#543=VERTEX_POINT('',#1918);
#544=VERTEX_POINT('',#1919);
#545=VERTEX_POINT('',#1924);
#546=VERTEX_POINT('',#1928);
#547=VERTEX_POINT('',#1932);
#548=VERTEX_POINT('',#1936);
#549=VERTEX_POINT('',#1937);
#550=VERTEX_POINT('',#1942);
#551=VERTEX_POINT('',#1946);
#552=VERTEX_POINT('',#1950);
#553=VERTEX_POINT('',#1952);
#554=VERTEX_POINT('',#1956);
#555=VERTEX_POINT('',#1958);
#556=VERTEX_POINT('',#1962);
#557=VERTEX_POINT('',#1966);
#558=VERTEX_POINT('',#1970);
#559=VERTEX_POINT('',#1974);
#560=VERTEX_POINT('',#1976);
#561=VERTEX_POINT('',#1978);
#562=VERTEX_POINT('',#1982);
#563=VERTEX_POINT('',#1984);
#564=VERTEX_POINT('',#1986);
#565=VERTEX_POINT('',#1988);
#566=VERTEX_POINT('',#1990);
#567=VERTEX_POINT('',#1992);
#568=VERTEX_POINT('',#1994);
#569=VERTEX_POINT('',#1996);
#570=VERTEX_POINT('',#1998);
#571=VERTEX_POINT('',#2000);
#572=VERTEX_POINT('',#2002);
#573=VERTEX_POINT('',#2004);
#574=VERTEX_POINT('',#2006);
#575=VERTEX_POINT('',#2008);
#576=VERTEX_POINT('',#2010);
#577=VERTEX_POINT('',#2012);
#578=VERTEX_POINT('',#2014);
#579=VERTEX_POINT('',#2016);
#580=VERTEX_POINT('',#2018);
#581=VERTEX_POINT('',#2020);
#582=VERTEX_POINT('',#2022);
#583=VERTEX_POINT('',#2024);
#584=VERTEX_POINT('',#2026);
#585=VERTEX_POINT('',#2028);
#586=VERTEX_POINT('',#2030);
#587=VERTEX_POINT('',#2032);
#588=VERTEX_POINT('',#2034);
#589=VERTEX_POINT('',#2036);
#590=VERTEX_POINT('',#2040);
#591=VERTEX_POINT('',#2042);
#592=VERTEX_POINT('',#2048);
#593=VERTEX_POINT('',#2052);
#594=VERTEX_POINT('',#2056);
#595=VERTEX_POINT('',#2058);
#596=VERTEX_POINT('',#2064);
#597=VERTEX_POINT('',#2066);
#598=VERTEX_POINT('',#2069);
#599=VERTEX_POINT('',#2076);
#600=VERTEX_POINT('',#2078);
#601=VERTEX_POINT('',#2084);
#602=VERTEX_POINT('',#2086);
#603=VERTEX_POINT('',#2089);
#604=VERTEX_POINT('',#2096);
#605=VERTEX_POINT('',#2098);
#606=VERTEX_POINT('',#2101);
#607=VERTEX_POINT('',#2103);
#608=VERTEX_POINT('',#2106);
#609=VERTEX_POINT('',#2110);
#610=VERTEX_POINT('',#2114);
#611=VERTEX_POINT('',#2119);
#612=VERTEX_POINT('',#2125);
#613=VERTEX_POINT('',#2129);
#614=VERTEX_POINT('',#2133);
#615=VERTEX_POINT('',#2137);
#616=VERTEX_POINT('',#2138);
#617=VERTEX_POINT('',#2143);
#618=VERTEX_POINT('',#2144);
#619=VERTEX_POINT('',#2149);
#620=VERTEX_POINT('',#2150);
#621=VERTEX_POINT('',#2161);
#622=VERTEX_POINT('',#2162);
#623=VERTEX_POINT('',#2170);
#624=VERTEX_POINT('',#2173);
#625=VERTEX_POINT('',#2175);
#626=VERTEX_POINT('',#2177);
#627=VERTEX_POINT('',#2179);
#628=VERTEX_POINT('',#2200);
#629=VERTEX_POINT('',#2203);
#630=EDGE_CURVE('',#512,#512,#446,.T.);
#631=EDGE_CURVE('',#513,#513,#447,.T.);
#632=EDGE_CURVE('',#514,#514,#448,.T.);
#633=EDGE_CURVE('',#515,#515,#449,.T.);
#634=EDGE_CURVE('',#516,#516,#450,.T.);
#635=EDGE_CURVE('',#517,#517,#451,.T.);
#636=EDGE_CURVE('',#518,#518,#452,.T.);
#637=EDGE_CURVE('',#519,#519,#453,.T.);
#638=EDGE_CURVE('',#520,#520,#454,.T.);
#639=EDGE_CURVE('',#520,#521,#54,.T.);
#640=EDGE_CURVE('',#521,#522,#455,.T.);
#641=EDGE_CURVE('',#522,#521,#456,.T.);
#642=EDGE_CURVE('',#523,#524,#55,.T.);
#643=EDGE_CURVE('',#525,#523,#457,.T.);
#644=EDGE_CURVE('',#526,#525,#56,.T.);
#645=EDGE_CURVE('',#527,#526,#458,.T.);
#646=EDGE_CURVE('',#528,#527,#459,.T.);
#647=EDGE_CURVE('',#529,#528,#57,.T.);
#648=EDGE_CURVE('',#529,#530,#460,.T.);
#649=EDGE_CURVE('',#531,#530,#461,.T.);
#650=EDGE_CURVE('',#530,#531,#462,.T.);
#651=EDGE_CURVE('',#530,#532,#463,.T.);
#652=EDGE_CURVE('',#533,#532,#58,.T.);
#653=EDGE_CURVE('',#534,#533,#464,.T.);
#654=EDGE_CURVE('',#535,#534,#465,.T.);
#655=EDGE_CURVE('',#536,#535,#59,.T.);
#656=EDGE_CURVE('',#537,#536,#466,.T.);
#657=EDGE_CURVE('',#538,#537,#60,.T.);
#658=EDGE_CURVE('',#538,#522,#467,.T.);
#659=EDGE_CURVE('',#522,#524,#468,.T.);
#660=EDGE_CURVE('',#539,#539,#469,.T.);
#661=EDGE_CURVE('',#540,#540,#470,.T.);
#662=EDGE_CURVE('',#541,#541,#471,.T.);
#663=EDGE_CURVE('',#542,#542,#472,.T.);
#664=EDGE_CURVE('',#542,#520,#61,.T.);
#665=EDGE_CURVE('',#543,#544,#473,.T.);
#666=EDGE_CURVE('',#544,#539,#62,.T.);
#667=EDGE_CURVE('',#544,#543,#474,.T.);
#668=EDGE_CURVE('',#545,#545,#475,.T.);
#669=EDGE_CURVE('',#545,#543,#63,.T.);
#670=EDGE_CURVE('',#546,#546,#476,.T.);
#671=EDGE_CURVE('',#546,#531,#64,.T.);
#672=EDGE_CURVE('',#547,#547,#477,.T.);
#673=EDGE_CURVE('',#547,#546,#65,.T.);
#674=EDGE_CURVE('',#548,#549,#478,.T.);
#675=EDGE_CURVE('',#549,#540,#66,.T.);
#676=EDGE_CURVE('',#549,#548,#479,.T.);
#677=EDGE_CURVE('',#550,#550,#480,.T.);
#678=EDGE_CURVE('',#550,#548,#67,.T.);
#679=EDGE_CURVE('',#551,#551,#481,.T.);
#680=EDGE_CURVE('',#551,#541,#68,.T.);
#681=EDGE_CURVE('',#552,#529,#69,.T.);
#682=EDGE_CURVE('',#553,#552,#482,.T.);
#683=EDGE_CURVE('',#532,#553,#70,.T.);
#684=EDGE_CURVE('',#524,#554,#71,.T.);
#685=EDGE_CURVE('',#555,#538,#72,.T.);
#686=EDGE_CURVE('',#554,#555,#483,.T.);
#687=EDGE_CURVE('',#556,#528,#73,.T.);
#688=EDGE_CURVE('',#552,#556,#74,.T.);
#689=EDGE_CURVE('',#557,#537,#75,.T.);
#690=EDGE_CURVE('',#555,#557,#76,.T.);
#691=EDGE_CURVE('',#536,#558,#77,.T.);
#692=EDGE_CURVE('',#558,#557,#484,.T.);
#693=EDGE_CURVE('',#535,#559,#78,.T.);
#694=EDGE_CURVE('',#559,#560,#79,.T.);
#695=EDGE_CURVE('',#561,#560,#80,.T.);
#696=EDGE_CURVE('',#558,#561,#81,.T.);
#697=EDGE_CURVE('',#559,#562,#485,.T.);
#698=EDGE_CURVE('',#563,#562,#82,.T.);
#699=EDGE_CURVE('',#564,#563,#486,.T.);
#700=EDGE_CURVE('',#565,#564,#487,.T.);
#701=EDGE_CURVE('',#566,#565,#83,.T.);
#702=EDGE_CURVE('',#567,#566,#84,.T.);
#703=EDGE_CURVE('',#568,#567,#85,.T.);
#704=EDGE_CURVE('',#569,#568,#86,.T.);
#705=EDGE_CURVE('',#570,#569,#87,.T.);
#706=EDGE_CURVE('',#571,#570,#488,.T.);
#707=EDGE_CURVE('',#572,#571,#88,.T.);
#708=EDGE_CURVE('',#573,#572,#89,.T.);
#709=EDGE_CURVE('',#574,#573,#90,.T.);
#710=EDGE_CURVE('',#575,#574,#91,.T.);
#711=EDGE_CURVE('',#576,#575,#92,.T.);
#712=EDGE_CURVE('',#577,#576,#489,.T.);
#713=EDGE_CURVE('',#578,#577,#93,.T.);
#714=EDGE_CURVE('',#579,#578,#94,.T.);
#715=EDGE_CURVE('',#580,#579,#95,.T.);
#716=EDGE_CURVE('',#581,#580,#96,.T.);
#717=EDGE_CURVE('',#582,#581,#97,.T.);
#718=EDGE_CURVE('',#583,#582,#490,.T.);
#719=EDGE_CURVE('',#584,#583,#98,.T.);
#720=EDGE_CURVE('',#585,#584,#99,.T.);
#721=EDGE_CURVE('',#586,#585,#100,.T.);
#722=EDGE_CURVE('',#587,#586,#101,.T.);
#723=EDGE_CURVE('',#588,#587,#102,.T.);
#724=EDGE_CURVE('',#589,#588,#491,.T.);
#725=EDGE_CURVE('',#560,#589,#492,.T.);
#726=EDGE_CURVE('',#533,#590,#103,.T.);
#727=EDGE_CURVE('',#590,#591,#493,.T.);
#728=EDGE_CURVE('',#591,#534,#104,.T.);
#729=EDGE_CURVE('',#590,#553,#105,.T.);
#730=EDGE_CURVE('',#592,#578,#106,.T.);
#731=EDGE_CURVE('',#579,#592,#107,.T.);
#732=EDGE_CURVE('',#577,#593,#108,.T.);
#733=EDGE_CURVE('',#593,#592,#109,.F.);
#734=EDGE_CURVE('',#575,#594,#110,.T.);
#735=EDGE_CURVE('',#594,#595,#111,.F.);
#736=EDGE_CURVE('',#595,#576,#112,.T.);
#737=EDGE_CURVE('',#594,#574,#113,.T.);
#738=EDGE_CURVE('',#573,#596,#114,.T.);
#739=EDGE_CURVE('',#597,#596,#115,.F.);
#740=EDGE_CURVE('',#595,#597,#15,.T.);
#741=EDGE_CURVE('',#598,#598,#494,.T.);
#742=EDGE_CURVE('',#596,#572,#116,.T.);
#743=EDGE_CURVE('',#571,#597,#117,.T.);
#744=EDGE_CURVE('',#569,#599,#118,.T.);
#745=EDGE_CURVE('',#599,#600,#119,.F.);
#746=EDGE_CURVE('',#600,#570,#120,.T.);
#747=EDGE_CURVE('',#599,#568,#121,.T.);
#748=EDGE_CURVE('',#567,#601,#122,.T.);
#749=EDGE_CURVE('',#602,#601,#123,.F.);
#750=EDGE_CURVE('',#600,#602,#16,.T.);
#751=EDGE_CURVE('',#603,#603,#495,.T.);
#752=EDGE_CURVE('',#601,#566,#124,.T.);
#753=EDGE_CURVE('',#565,#602,#125,.T.);
#754=EDGE_CURVE('',#604,#564,#126,.T.);
#755=EDGE_CURVE('',#605,#604,#496,.T.);
#756=EDGE_CURVE('',#589,#605,#127,.T.);
#757=EDGE_CURVE('',#606,#588,#128,.T.);
#758=EDGE_CURVE('',#606,#607,#17,.T.);
#759=EDGE_CURVE('',#583,#607,#129,.T.);
#760=EDGE_CURVE('',#608,#582,#130,.T.);
#761=EDGE_CURVE('',#608,#593,#18,.T.);
#762=EDGE_CURVE('',#563,#609,#131,.T.);
#763=EDGE_CURVE('',#609,#604,#497,.T.);
#764=EDGE_CURVE('',#610,#525,#132,.T.);
#765=EDGE_CURVE('',#609,#610,#133,.T.);
#766=EDGE_CURVE('',#562,#526,#134,.T.);
#767=EDGE_CURVE('',#527,#611,#135,.T.);
#768=EDGE_CURVE('',#611,#556,#498,.T.);
#769=EDGE_CURVE('',#611,#591,#499,.T.);
#770=EDGE_CURVE('',#587,#612,#136,.T.);
#771=EDGE_CURVE('',#612,#606,#137,.F.);
#772=EDGE_CURVE('',#607,#613,#138,.F.);
#773=EDGE_CURVE('',#613,#584,#139,.T.);
#774=EDGE_CURVE('',#581,#614,#140,.T.);
#775=EDGE_CURVE('',#614,#608,#141,.F.);
#776=EDGE_CURVE('',#615,#616,#19,.T.);
#777=EDGE_CURVE('',#616,#615,#20,.T.);
#778=EDGE_CURVE('',#616,#517,#142,.T.);
#779=EDGE_CURVE('',#617,#618,#21,.T.);
#780=EDGE_CURVE('',#618,#617,#22,.T.);
#781=EDGE_CURVE('',#618,#513,#143,.T.);
#782=EDGE_CURVE('',#619,#620,#23,.T.);
#783=EDGE_CURVE('',#620,#619,#24,.T.);
#784=EDGE_CURVE('',#620,#515,#144,.T.);
#785=EDGE_CURVE('',#615,#615,#500,.T.);
#786=EDGE_CURVE('',#617,#617,#501,.T.);
#787=EDGE_CURVE('',#619,#619,#502,.T.);
#788=EDGE_CURVE('',#621,#622,#25,.T.);
#789=EDGE_CURVE('',#622,#621,#26,.T.);
#790=EDGE_CURVE('',#622,#519,#145,.T.);
#791=EDGE_CURVE('',#621,#621,#503,.T.);
#792=EDGE_CURVE('',#605,#561,#504,.T.);
#793=EDGE_CURVE('',#623,#610,#505,.T.);
#794=EDGE_CURVE('',#623,#554,#146,.T.);
#795=EDGE_CURVE('',#624,#624,#506,.T.);
#796=EDGE_CURVE('',#625,#625,#507,.T.);
#797=EDGE_CURVE('',#626,#626,#508,.T.);
#798=EDGE_CURVE('',#627,#627,#509,.T.);
#799=EDGE_CURVE('',#627,#512,#147,.T.);
#800=EDGE_CURVE('',#626,#518,#148,.T.);
#801=EDGE_CURVE('',#625,#516,#149,.T.);
#802=EDGE_CURVE('',#624,#514,#150,.T.);
#803=EDGE_CURVE('',#523,#623,#151,.T.);
#804=EDGE_CURVE('',#612,#586,#152,.T.);
#805=EDGE_CURVE('',#585,#613,#153,.T.);
#806=EDGE_CURVE('',#614,#580,#154,.T.);
#807=EDGE_CURVE('',#628,#628,#510,.T.);
#808=EDGE_CURVE('',#629,#629,#511,.T.);
#809=EDGE_CURVE('',#617,#598,#155,.T.);
#810=EDGE_CURVE('',#619,#628,#156,.T.);
#811=EDGE_CURVE('',#621,#629,#157,.T.);
#812=EDGE_CURVE('',#615,#603,#158,.T.);
#813=ORIENTED_EDGE('',*,*,#630,.F.);
#814=ORIENTED_EDGE('',*,*,#631,.F.);
#815=ORIENTED_EDGE('',*,*,#632,.F.);
#816=ORIENTED_EDGE('',*,*,#633,.F.);
#817=ORIENTED_EDGE('',*,*,#634,.F.);
#818=ORIENTED_EDGE('',*,*,#635,.F.);
#819=ORIENTED_EDGE('',*,*,#636,.F.);
#820=ORIENTED_EDGE('',*,*,#637,.F.);
#821=ORIENTED_EDGE('',*,*,#638,.T.);
#822=ORIENTED_EDGE('',*,*,#639,.T.);
#823=ORIENTED_EDGE('',*,*,#640,.T.);
#824=ORIENTED_EDGE('',*,*,#641,.T.);
#825=ORIENTED_EDGE('',*,*,#639,.F.);
#826=ORIENTED_EDGE('',*,*,#642,.F.);
#827=ORIENTED_EDGE('',*,*,#643,.F.);
#828=ORIENTED_EDGE('',*,*,#644,.F.);
#829=ORIENTED_EDGE('',*,*,#645,.F.);
#830=ORIENTED_EDGE('',*,*,#646,.F.);
#831=ORIENTED_EDGE('',*,*,#647,.F.);
#832=ORIENTED_EDGE('',*,*,#648,.T.);
#833=ORIENTED_EDGE('',*,*,#649,.F.);
#834=ORIENTED_EDGE('',*,*,#650,.F.);
#835=ORIENTED_EDGE('',*,*,#651,.T.);
#836=ORIENTED_EDGE('',*,*,#652,.F.);
#837=ORIENTED_EDGE('',*,*,#653,.F.);
#838=ORIENTED_EDGE('',*,*,#654,.F.);
#839=ORIENTED_EDGE('',*,*,#655,.F.);
#840=ORIENTED_EDGE('',*,*,#656,.F.);
#841=ORIENTED_EDGE('',*,*,#657,.F.);
#842=ORIENTED_EDGE('',*,*,#658,.T.);
#843=ORIENTED_EDGE('',*,*,#640,.F.);
#844=ORIENTED_EDGE('',*,*,#641,.F.);
#845=ORIENTED_EDGE('',*,*,#659,.T.);
#846=ORIENTED_EDGE('',*,*,#660,.F.);
#847=ORIENTED_EDGE('',*,*,#661,.F.);
#848=ORIENTED_EDGE('',*,*,#662,.T.);
#849=ORIENTED_EDGE('',*,*,#663,.F.);
#850=ORIENTED_EDGE('',*,*,#664,.T.);
#851=ORIENTED_EDGE('',*,*,#638,.F.);
#852=ORIENTED_EDGE('',*,*,#664,.F.);
#853=ORIENTED_EDGE('',*,*,#665,.T.);
#854=ORIENTED_EDGE('',*,*,#666,.T.);
#855=ORIENTED_EDGE('',*,*,#660,.T.);
#856=ORIENTED_EDGE('',*,*,#666,.F.);
#857=ORIENTED_EDGE('',*,*,#667,.T.);
#858=ORIENTED_EDGE('',*,*,#668,.F.);
#859=ORIENTED_EDGE('',*,*,#669,.T.);
#860=ORIENTED_EDGE('',*,*,#667,.F.);
#861=ORIENTED_EDGE('',*,*,#665,.F.);
#862=ORIENTED_EDGE('',*,*,#669,.F.);
#863=ORIENTED_EDGE('',*,*,#670,.T.);
#864=ORIENTED_EDGE('',*,*,#671,.T.);
#865=ORIENTED_EDGE('',*,*,#649,.T.);
#866=ORIENTED_EDGE('',*,*,#650,.T.);
#867=ORIENTED_EDGE('',*,*,#671,.F.);
#868=ORIENTED_EDGE('',*,*,#672,.F.);
#869=ORIENTED_EDGE('',*,*,#673,.T.);
#870=ORIENTED_EDGE('',*,*,#670,.F.);
#871=ORIENTED_EDGE('',*,*,#673,.F.);
#872=ORIENTED_EDGE('',*,*,#674,.T.);
#873=ORIENTED_EDGE('',*,*,#675,.T.);
#874=ORIENTED_EDGE('',*,*,#661,.T.);
#875=ORIENTED_EDGE('',*,*,#675,.F.);
#876=ORIENTED_EDGE('',*,*,#676,.T.);
#877=ORIENTED_EDGE('',*,*,#677,.F.);
#878=ORIENTED_EDGE('',*,*,#678,.T.);
#879=ORIENTED_EDGE('',*,*,#676,.F.);
#880=ORIENTED_EDGE('',*,*,#674,.F.);
#881=ORIENTED_EDGE('',*,*,#678,.F.);
#882=ORIENTED_EDGE('',*,*,#679,.F.);
#883=ORIENTED_EDGE('',*,*,#680,.T.);
#884=ORIENTED_EDGE('',*,*,#662,.F.);
#885=ORIENTED_EDGE('',*,*,#680,.F.);
#886=ORIENTED_EDGE('',*,*,#681,.F.);
#887=ORIENTED_EDGE('',*,*,#682,.F.);
#888=ORIENTED_EDGE('',*,*,#683,.F.);
#889=ORIENTED_EDGE('',*,*,#651,.F.);
#890=ORIENTED_EDGE('',*,*,#648,.F.);
#891=ORIENTED_EDGE('',*,*,#684,.F.);
#892=ORIENTED_EDGE('',*,*,#659,.F.);
#893=ORIENTED_EDGE('',*,*,#658,.F.);
#894=ORIENTED_EDGE('',*,*,#685,.F.);
#895=ORIENTED_EDGE('',*,*,#686,.F.);
#896=ORIENTED_EDGE('',*,*,#681,.T.);
#897=ORIENTED_EDGE('',*,*,#647,.T.);
#898=ORIENTED_EDGE('',*,*,#687,.F.);
#899=ORIENTED_EDGE('',*,*,#688,.F.);
#900=ORIENTED_EDGE('',*,*,#685,.T.);
#901=ORIENTED_EDGE('',*,*,#657,.T.);
#902=ORIENTED_EDGE('',*,*,#689,.F.);
#903=ORIENTED_EDGE('',*,*,#690,.F.);
#904=ORIENTED_EDGE('',*,*,#656,.T.);
#905=ORIENTED_EDGE('',*,*,#691,.T.);
#906=ORIENTED_EDGE('',*,*,#692,.T.);
#907=ORIENTED_EDGE('',*,*,#689,.T.);
#908=ORIENTED_EDGE('',*,*,#655,.T.);
#909=ORIENTED_EDGE('',*,*,#693,.T.);
#910=ORIENTED_EDGE('',*,*,#694,.T.);
#911=ORIENTED_EDGE('',*,*,#695,.F.);
#912=ORIENTED_EDGE('',*,*,#696,.F.);
#913=ORIENTED_EDGE('',*,*,#691,.F.);
#914=ORIENTED_EDGE('',*,*,#697,.T.);
#915=ORIENTED_EDGE('',*,*,#698,.F.);
#916=ORIENTED_EDGE('',*,*,#699,.F.);
#917=ORIENTED_EDGE('',*,*,#700,.F.);
#918=ORIENTED_EDGE('',*,*,#701,.F.);
#919=ORIENTED_EDGE('',*,*,#702,.F.);
#920=ORIENTED_EDGE('',*,*,#703,.F.);
#921=ORIENTED_EDGE('',*,*,#704,.F.);
#922=ORIENTED_EDGE('',*,*,#705,.F.);
#923=ORIENTED_EDGE('',*,*,#706,.F.);
#924=ORIENTED_EDGE('',*,*,#707,.F.);
#925=ORIENTED_EDGE('',*,*,#708,.F.);
#926=ORIENTED_EDGE('',*,*,#709,.F.);
#927=ORIENTED_EDGE('',*,*,#710,.F.);
#928=ORIENTED_EDGE('',*,*,#711,.F.);
#929=ORIENTED_EDGE('',*,*,#712,.F.);
#930=ORIENTED_EDGE('',*,*,#713,.F.);
#931=ORIENTED_EDGE('',*,*,#714,.F.);
#932=ORIENTED_EDGE('',*,*,#715,.F.);
#933=ORIENTED_EDGE('',*,*,#716,.F.);
#934=ORIENTED_EDGE('',*,*,#717,.F.);
#935=ORIENTED_EDGE('',*,*,#718,.F.);
#936=ORIENTED_EDGE('',*,*,#719,.F.);
#937=ORIENTED_EDGE('',*,*,#720,.F.);
#938=ORIENTED_EDGE('',*,*,#721,.F.);
#939=ORIENTED_EDGE('',*,*,#722,.F.);
#940=ORIENTED_EDGE('',*,*,#723,.F.);
#941=ORIENTED_EDGE('',*,*,#724,.F.);
#942=ORIENTED_EDGE('',*,*,#725,.F.);
#943=ORIENTED_EDGE('',*,*,#694,.F.);
#944=ORIENTED_EDGE('',*,*,#653,.T.);
#945=ORIENTED_EDGE('',*,*,#726,.T.);
#946=ORIENTED_EDGE('',*,*,#727,.T.);
#947=ORIENTED_EDGE('',*,*,#728,.T.);
#948=ORIENTED_EDGE('',*,*,#683,.T.);
#949=ORIENTED_EDGE('',*,*,#729,.F.);
#950=ORIENTED_EDGE('',*,*,#726,.F.);
#951=ORIENTED_EDGE('',*,*,#652,.T.);
#952=ORIENTED_EDGE('',*,*,#714,.T.);
#953=ORIENTED_EDGE('',*,*,#730,.F.);
#954=ORIENTED_EDGE('',*,*,#731,.F.);
#955=ORIENTED_EDGE('',*,*,#713,.T.);
#956=ORIENTED_EDGE('',*,*,#732,.T.);
#957=ORIENTED_EDGE('',*,*,#733,.T.);
#958=ORIENTED_EDGE('',*,*,#730,.T.);
#959=ORIENTED_EDGE('',*,*,#711,.T.);
#960=ORIENTED_EDGE('',*,*,#734,.T.);
#961=ORIENTED_EDGE('',*,*,#735,.T.);
#962=ORIENTED_EDGE('',*,*,#736,.T.);
#963=ORIENTED_EDGE('',*,*,#710,.T.);
#964=ORIENTED_EDGE('',*,*,#737,.F.);
#965=ORIENTED_EDGE('',*,*,#734,.F.);
#966=ORIENTED_EDGE('',*,*,#709,.T.);
#967=ORIENTED_EDGE('',*,*,#738,.T.);
#968=ORIENTED_EDGE('',*,*,#739,.F.);
#969=ORIENTED_EDGE('',*,*,#740,.F.);
#970=ORIENTED_EDGE('',*,*,#735,.F.);
#971=ORIENTED_EDGE('',*,*,#737,.T.);
#972=ORIENTED_EDGE('',*,*,#741,.F.);
#973=ORIENTED_EDGE('',*,*,#708,.T.);
#974=ORIENTED_EDGE('',*,*,#742,.F.);
#975=ORIENTED_EDGE('',*,*,#738,.F.);
#976=ORIENTED_EDGE('',*,*,#707,.T.);
#977=ORIENTED_EDGE('',*,*,#743,.T.);
#978=ORIENTED_EDGE('',*,*,#739,.T.);
#979=ORIENTED_EDGE('',*,*,#742,.T.);
#980=ORIENTED_EDGE('',*,*,#705,.T.);
#981=ORIENTED_EDGE('',*,*,#744,.T.);
#982=ORIENTED_EDGE('',*,*,#745,.T.);
#983=ORIENTED_EDGE('',*,*,#746,.T.);
#984=ORIENTED_EDGE('',*,*,#704,.T.);
#985=ORIENTED_EDGE('',*,*,#747,.F.);
#986=ORIENTED_EDGE('',*,*,#744,.F.);
#987=ORIENTED_EDGE('',*,*,#703,.T.);
#988=ORIENTED_EDGE('',*,*,#748,.T.);
#989=ORIENTED_EDGE('',*,*,#749,.F.);
#990=ORIENTED_EDGE('',*,*,#750,.F.);
#991=ORIENTED_EDGE('',*,*,#745,.F.);
#992=ORIENTED_EDGE('',*,*,#747,.T.);
#993=ORIENTED_EDGE('',*,*,#751,.T.);
#994=ORIENTED_EDGE('',*,*,#702,.T.);
#995=ORIENTED_EDGE('',*,*,#752,.F.);
#996=ORIENTED_EDGE('',*,*,#748,.F.);
#997=ORIENTED_EDGE('',*,*,#701,.T.);
#998=ORIENTED_EDGE('',*,*,#753,.T.);
#999=ORIENTED_EDGE('',*,*,#749,.T.);
#1000=ORIENTED_EDGE('',*,*,#752,.T.);
#1001=ORIENTED_EDGE('',*,*,#712,.T.);
#1002=ORIENTED_EDGE('',*,*,#736,.F.);
#1003=ORIENTED_EDGE('',*,*,#740,.T.);
#1004=ORIENTED_EDGE('',*,*,#743,.F.);
#1005=ORIENTED_EDGE('',*,*,#706,.T.);
#1006=ORIENTED_EDGE('',*,*,#746,.F.);
#1007=ORIENTED_EDGE('',*,*,#750,.T.);
#1008=ORIENTED_EDGE('',*,*,#753,.F.);
#1009=ORIENTED_EDGE('',*,*,#700,.T.);
#1010=ORIENTED_EDGE('',*,*,#754,.F.);
#1011=ORIENTED_EDGE('',*,*,#755,.F.);
#1012=ORIENTED_EDGE('',*,*,#756,.F.);
#1013=ORIENTED_EDGE('',*,*,#724,.T.);
#1014=ORIENTED_EDGE('',*,*,#757,.F.);
#1015=ORIENTED_EDGE('',*,*,#758,.T.);
#1016=ORIENTED_EDGE('',*,*,#759,.F.);
#1017=ORIENTED_EDGE('',*,*,#718,.T.);
#1018=ORIENTED_EDGE('',*,*,#760,.F.);
#1019=ORIENTED_EDGE('',*,*,#761,.T.);
#1020=ORIENTED_EDGE('',*,*,#732,.F.);
#1021=ORIENTED_EDGE('',*,*,#699,.T.);
#1022=ORIENTED_EDGE('',*,*,#762,.T.);
#1023=ORIENTED_EDGE('',*,*,#763,.T.);
#1024=ORIENTED_EDGE('',*,*,#754,.T.);
#1025=ORIENTED_EDGE('',*,*,#644,.T.);
#1026=ORIENTED_EDGE('',*,*,#764,.F.);
#1027=ORIENTED_EDGE('',*,*,#765,.F.);
#1028=ORIENTED_EDGE('',*,*,#762,.F.);
#1029=ORIENTED_EDGE('',*,*,#698,.T.);
#1030=ORIENTED_EDGE('',*,*,#766,.T.);
#1031=ORIENTED_EDGE('',*,*,#646,.T.);
#1032=ORIENTED_EDGE('',*,*,#767,.T.);
#1033=ORIENTED_EDGE('',*,*,#768,.T.);
#1034=ORIENTED_EDGE('',*,*,#687,.T.);
#1035=ORIENTED_EDGE('',*,*,#728,.F.);
#1036=ORIENTED_EDGE('',*,*,#769,.F.);
#1037=ORIENTED_EDGE('',*,*,#767,.F.);
#1038=ORIENTED_EDGE('',*,*,#645,.T.);
#1039=ORIENTED_EDGE('',*,*,#766,.F.);
#1040=ORIENTED_EDGE('',*,*,#697,.F.);
#1041=ORIENTED_EDGE('',*,*,#693,.F.);
#1042=ORIENTED_EDGE('',*,*,#654,.T.);
#1043=ORIENTED_EDGE('',*,*,#723,.T.);
#1044=ORIENTED_EDGE('',*,*,#770,.T.);
#1045=ORIENTED_EDGE('',*,*,#771,.T.);
#1046=ORIENTED_EDGE('',*,*,#757,.T.);
#1047=ORIENTED_EDGE('',*,*,#719,.T.);
#1048=ORIENTED_EDGE('',*,*,#759,.T.);
#1049=ORIENTED_EDGE('',*,*,#772,.T.);
#1050=ORIENTED_EDGE('',*,*,#773,.T.);
#1051=ORIENTED_EDGE('',*,*,#717,.T.);
#1052=ORIENTED_EDGE('',*,*,#774,.T.);
#1053=ORIENTED_EDGE('',*,*,#775,.T.);
#1054=ORIENTED_EDGE('',*,*,#760,.T.);
#1055=ORIENTED_EDGE('',*,*,#776,.F.);
#1056=ORIENTED_EDGE('',*,*,#777,.F.);
#1057=ORIENTED_EDGE('',*,*,#778,.T.);
#1058=ORIENTED_EDGE('',*,*,#635,.T.);
#1059=ORIENTED_EDGE('',*,*,#778,.F.);
#1060=ORIENTED_EDGE('',*,*,#779,.F.);
#1061=ORIENTED_EDGE('',*,*,#780,.F.);
#1062=ORIENTED_EDGE('',*,*,#781,.T.);
#1063=ORIENTED_EDGE('',*,*,#631,.T.);
#1064=ORIENTED_EDGE('',*,*,#781,.F.);
#1065=ORIENTED_EDGE('',*,*,#782,.F.);
#1066=ORIENTED_EDGE('',*,*,#783,.F.);
#1067=ORIENTED_EDGE('',*,*,#784,.T.);
#1068=ORIENTED_EDGE('',*,*,#633,.T.);
#1069=ORIENTED_EDGE('',*,*,#784,.F.);
#1070=ORIENTED_EDGE('',*,*,#785,.T.);
#1071=ORIENTED_EDGE('',*,*,#776,.T.);
#1072=ORIENTED_EDGE('',*,*,#777,.T.);
#1073=ORIENTED_EDGE('',*,*,#786,.T.);
#1074=ORIENTED_EDGE('',*,*,#779,.T.);
#1075=ORIENTED_EDGE('',*,*,#780,.T.);
#1076=ORIENTED_EDGE('',*,*,#787,.T.);
#1077=ORIENTED_EDGE('',*,*,#782,.T.);
#1078=ORIENTED_EDGE('',*,*,#783,.T.);
#1079=ORIENTED_EDGE('',*,*,#788,.F.);
#1080=ORIENTED_EDGE('',*,*,#789,.F.);
#1081=ORIENTED_EDGE('',*,*,#790,.T.);
#1082=ORIENTED_EDGE('',*,*,#637,.T.);
#1083=ORIENTED_EDGE('',*,*,#790,.F.);
#1084=ORIENTED_EDGE('',*,*,#791,.T.);
#1085=ORIENTED_EDGE('',*,*,#788,.T.);
#1086=ORIENTED_EDGE('',*,*,#789,.T.);
#1087=ORIENTED_EDGE('',*,*,#686,.T.);
#1088=ORIENTED_EDGE('',*,*,#690,.T.);
#1089=ORIENTED_EDGE('',*,*,#692,.F.);
#1090=ORIENTED_EDGE('',*,*,#696,.T.);
#1091=ORIENTED_EDGE('',*,*,#792,.F.);
#1092=ORIENTED_EDGE('',*,*,#755,.T.);
#1093=ORIENTED_EDGE('',*,*,#763,.F.);
#1094=ORIENTED_EDGE('',*,*,#765,.T.);
#1095=ORIENTED_EDGE('',*,*,#793,.F.);
#1096=ORIENTED_EDGE('',*,*,#794,.T.);
#1097=ORIENTED_EDGE('',*,*,#677,.T.);
#1098=ORIENTED_EDGE('',*,*,#668,.T.);
#1099=ORIENTED_EDGE('',*,*,#679,.T.);
#1100=ORIENTED_EDGE('',*,*,#672,.T.);
#1101=ORIENTED_EDGE('',*,*,#663,.T.);
#1102=ORIENTED_EDGE('',*,*,#795,.T.);
#1103=ORIENTED_EDGE('',*,*,#796,.T.);
#1104=ORIENTED_EDGE('',*,*,#797,.T.);
#1105=ORIENTED_EDGE('',*,*,#798,.T.);
#1106=ORIENTED_EDGE('',*,*,#688,.T.);
#1107=ORIENTED_EDGE('',*,*,#768,.F.);
#1108=ORIENTED_EDGE('',*,*,#769,.T.);
#1109=ORIENTED_EDGE('',*,*,#727,.F.);
#1110=ORIENTED_EDGE('',*,*,#729,.T.);
#1111=ORIENTED_EDGE('',*,*,#682,.T.);
#1112=ORIENTED_EDGE('',*,*,#725,.T.);
#1113=ORIENTED_EDGE('',*,*,#756,.T.);
#1114=ORIENTED_EDGE('',*,*,#792,.T.);
#1115=ORIENTED_EDGE('',*,*,#695,.T.);
#1116=ORIENTED_EDGE('',*,*,#798,.F.);
#1117=ORIENTED_EDGE('',*,*,#799,.T.);
#1118=ORIENTED_EDGE('',*,*,#630,.T.);
#1119=ORIENTED_EDGE('',*,*,#799,.F.);
#1120=ORIENTED_EDGE('',*,*,#797,.F.);
#1121=ORIENTED_EDGE('',*,*,#800,.T.);
#1122=ORIENTED_EDGE('',*,*,#636,.T.);
#1123=ORIENTED_EDGE('',*,*,#800,.F.);
#1124=ORIENTED_EDGE('',*,*,#796,.F.);
#1125=ORIENTED_EDGE('',*,*,#801,.T.);
#1126=ORIENTED_EDGE('',*,*,#634,.T.);
#1127=ORIENTED_EDGE('',*,*,#801,.F.);
#1128=ORIENTED_EDGE('',*,*,#795,.F.);
#1129=ORIENTED_EDGE('',*,*,#802,.T.);
#1130=ORIENTED_EDGE('',*,*,#632,.T.);
#1131=ORIENTED_EDGE('',*,*,#802,.F.);
#1132=ORIENTED_EDGE('',*,*,#643,.T.);
#1133=ORIENTED_EDGE('',*,*,#803,.T.);
#1134=ORIENTED_EDGE('',*,*,#793,.T.);
#1135=ORIENTED_EDGE('',*,*,#764,.T.);
#1136=ORIENTED_EDGE('',*,*,#684,.T.);
#1137=ORIENTED_EDGE('',*,*,#794,.F.);
#1138=ORIENTED_EDGE('',*,*,#803,.F.);
#1139=ORIENTED_EDGE('',*,*,#642,.T.);
#1140=ORIENTED_EDGE('',*,*,#722,.T.);
#1141=ORIENTED_EDGE('',*,*,#804,.F.);
#1142=ORIENTED_EDGE('',*,*,#770,.F.);
#1143=ORIENTED_EDGE('',*,*,#720,.T.);
#1144=ORIENTED_EDGE('',*,*,#773,.F.);
#1145=ORIENTED_EDGE('',*,*,#805,.F.);
#1146=ORIENTED_EDGE('',*,*,#716,.T.);
#1147=ORIENTED_EDGE('',*,*,#806,.F.);
#1148=ORIENTED_EDGE('',*,*,#774,.F.);
#1149=ORIENTED_EDGE('',*,*,#715,.T.);
#1150=ORIENTED_EDGE('',*,*,#731,.T.);
#1151=ORIENTED_EDGE('',*,*,#733,.F.);
#1152=ORIENTED_EDGE('',*,*,#761,.F.);
#1153=ORIENTED_EDGE('',*,*,#775,.F.);
#1154=ORIENTED_EDGE('',*,*,#806,.T.);
#1155=ORIENTED_EDGE('',*,*,#807,.F.);
#1156=ORIENTED_EDGE('',*,*,#721,.T.);
#1157=ORIENTED_EDGE('',*,*,#805,.T.);
#1158=ORIENTED_EDGE('',*,*,#772,.F.);
#1159=ORIENTED_EDGE('',*,*,#758,.F.);
#1160=ORIENTED_EDGE('',*,*,#771,.F.);
#1161=ORIENTED_EDGE('',*,*,#804,.T.);
#1162=ORIENTED_EDGE('',*,*,#808,.F.);
#1163=ORIENTED_EDGE('',*,*,#786,.F.);
#1164=ORIENTED_EDGE('',*,*,#809,.T.);
#1165=ORIENTED_EDGE('',*,*,#741,.T.);
#1166=ORIENTED_EDGE('',*,*,#809,.F.);
#1167=ORIENTED_EDGE('',*,*,#787,.F.);
#1168=ORIENTED_EDGE('',*,*,#810,.T.);
#1169=ORIENTED_EDGE('',*,*,#807,.T.);
#1170=ORIENTED_EDGE('',*,*,#810,.F.);
#1171=ORIENTED_EDGE('',*,*,#791,.F.);
#1172=ORIENTED_EDGE('',*,*,#811,.T.);
#1173=ORIENTED_EDGE('',*,*,#808,.T.);
#1174=ORIENTED_EDGE('',*,*,#811,.F.);
#1175=ORIENTED_EDGE('',*,*,#785,.F.);
#1176=ORIENTED_EDGE('',*,*,#812,.T.);
#1177=ORIENTED_EDGE('',*,*,#751,.F.);
#1178=ORIENTED_EDGE('',*,*,#812,.F.);
#1179=PLANE('',#1298);
#1180=PLANE('',#1301);
#1181=PLANE('',#1304);
#1182=PLANE('',#1307);
#1183=PLANE('',#1314);
#1184=PLANE('',#1352);
#1185=PLANE('',#1353);
#1186=PLANE('',#1356);
#1187=PLANE('',#1357);
#1188=PLANE('',#1368);
#1189=PLANE('',#1369);
#1190=PLANE('',#1370);
#1191=PLANE('',#1371);
#1192=PLANE('',#1372);
#1193=PLANE('',#1373);
#1194=PLANE('',#1376);
#1195=PLANE('',#1377);
#1196=PLANE('',#1378);
#1197=PLANE('',#1379);
#1198=PLANE('',#1380);
#1199=PLANE('',#1383);
#1200=PLANE('',#1384);
#1201=PLANE('',#1391);
#1202=PLANE('',#1396);
#1203=PLANE('',#1397);
#1204=PLANE('',#1398);
#1205=PLANE('',#1408);
#1206=PLANE('',#1410);
#1207=PLANE('',#1412);
#1208=PLANE('',#1417);
#1209=PLANE('',#1419);
#1210=PLANE('',#1432);
#1211=PLANE('',#1433);
#1212=PLANE('',#1434);
#1213=PLANE('',#1435);
#1214=PLANE('',#1436);
#1215=PLANE('',#1438);
#1216=ADVANCED_FACE('',(#289,#268),#1179,.T.);
#1217=ADVANCED_FACE('',(#290,#269),#1180,.T.);
#1218=ADVANCED_FACE('',(#291,#270),#1181,.T.);
#1219=ADVANCED_FACE('',(#292,#271),#1182,.T.);
#1220=ADVANCED_FACE('',(#293),#264,.F.);
#1221=ADVANCED_FACE('',(#294,#272,#273,#274),#1183,.T.);
#1222=ADVANCED_FACE('',(#295),#27,.F.);
#1223=ADVANCED_FACE('',(#296),#265,.F.);
#1224=ADVANCED_FACE('',(#297),#28,.F.);
#1225=ADVANCED_FACE('',(#298),#266,.F.);
#1226=ADVANCED_FACE('',(#299),#29,.F.);
#1227=ADVANCED_FACE('',(#300),#267,.F.);
#1228=ADVANCED_FACE('',(#301),#30,.F.);
#1229=ADVANCED_FACE('',(#302),#31,.F.);
#1230=ADVANCED_FACE('',(#303),#32,.T.);
#1231=ADVANCED_FACE('',(#304),#33,.T.);
#1232=ADVANCED_FACE('',(#305),#1184,.T.);
#1233=ADVANCED_FACE('',(#306),#1185,.T.);
#1234=ADVANCED_FACE('',(#307),#34,.F.);
#1235=ADVANCED_FACE('',(#308),#1186,.F.);
#1236=ADVANCED_FACE('',(#309),#1187,.T.);
#1237=ADVANCED_FACE('',(#310),#35,.F.);
#1238=ADVANCED_FACE('',(#311),#1188,.T.);
#1239=ADVANCED_FACE('',(#312),#1189,.F.);
#1240=ADVANCED_FACE('',(#313),#1190,.T.);
#1241=ADVANCED_FACE('',(#314),#1191,.T.);
#1242=ADVANCED_FACE('',(#315),#1192,.F.);
#1243=ADVANCED_FACE('',(#316,#275),#1193,.F.);
#1244=ADVANCED_FACE('',(#317),#1194,.F.);
#1245=ADVANCED_FACE('',(#318),#1195,.T.);
#1246=ADVANCED_FACE('',(#319),#1196,.T.);
#1247=ADVANCED_FACE('',(#320),#1197,.F.);
#1248=ADVANCED_FACE('',(#321,#276),#1198,.F.);
#1249=ADVANCED_FACE('',(#322),#1199,.F.);
#1250=ADVANCED_FACE('',(#323),#1200,.T.);
#1251=ADVANCED_FACE('',(#324),#36,.T.);
#1252=ADVANCED_FACE('',(#325),#37,.T.);
#1253=ADVANCED_FACE('',(#326),#1201,.F.);
#1254=ADVANCED_FACE('',(#327),#38,.F.);
#1255=ADVANCED_FACE('',(#328),#39,.F.);
#1256=ADVANCED_FACE('',(#329),#1202,.T.);
#1257=ADVANCED_FACE('',(#330),#1203,.T.);
#1258=ADVANCED_FACE('',(#331),#1204,.T.);
#1259=ADVANCED_FACE('',(#332),#40,.F.);
#1260=ADVANCED_FACE('',(#333),#41,.F.);
#1261=ADVANCED_FACE('',(#334),#42,.F.);
#1262=ADVANCED_FACE('',(#335),#1205,.F.);
#1263=ADVANCED_FACE('',(#336),#1206,.F.);
#1264=ADVANCED_FACE('',(#337),#1207,.F.);
#1265=ADVANCED_FACE('',(#338),#43,.F.);
#1266=ADVANCED_FACE('',(#339),#1208,.F.);
#1267=ADVANCED_FACE('',(#340,#277,#278,#279,#280,#281,#282,#283,#284,#285,
#286),#1209,.F.);
#1268=ADVANCED_FACE('',(#341),#44,.T.);
#1269=ADVANCED_FACE('',(#342),#45,.F.);
#1270=ADVANCED_FACE('',(#343),#46,.F.);
#1271=ADVANCED_FACE('',(#344),#47,.F.);
#1272=ADVANCED_FACE('',(#345),#48,.F.);
#1273=ADVANCED_FACE('',(#346),#49,.F.);
#1274=ADVANCED_FACE('',(#347),#1210,.T.);
#1275=ADVANCED_FACE('',(#348),#1211,.F.);
#1276=ADVANCED_FACE('',(#349),#1212,.F.);
#1277=ADVANCED_FACE('',(#350),#1213,.F.);
#1278=ADVANCED_FACE('',(#351,#287),#1214,.F.);
#1279=ADVANCED_FACE('',(#352,#288),#1215,.F.);
#1280=ADVANCED_FACE('',(#353),#50,.F.);
#1281=ADVANCED_FACE('',(#354),#51,.F.);
#1282=ADVANCED_FACE('',(#355),#52,.F.);
#1283=ADVANCED_FACE('',(#356),#53,.F.);
#1284=CLOSED_SHELL('',(#1216,#1217,#1218,#1219,#1220,#1221,#1222,#1223,
#1224,#1225,#1226,#1227,#1228,#1229,#1230,#1231,#1232,#1233,#1234,#1235,
#1236,#1237,#1238,#1239,#1240,#1241,#1242,#1243,#1244,#1245,#1246,#1247,
#1248,#1249,#1250,#1251,#1252,#1253,#1254,#1255,#1256,#1257,#1258,#1259,
#1260,#1261,#1262,#1263,#1264,#1265,#1266,#1267,#1268,#1269,#1270,#1271,
#1272,#1273,#1274,#1275,#1276,#1277,#1278,#1279,#1280,#1281,#1282,#1283));
#1285=DERIVED_UNIT_ELEMENT(#1287,1.);
#1286=DERIVED_UNIT_ELEMENT(#2218,-3.);
#1287=(
MASS_UNIT()
NAMED_UNIT(*)
SI_UNIT(.KILO.,.GRAM.)
);
#1288=DERIVED_UNIT((#1285,#1286));
#1289=MEASURE_REPRESENTATION_ITEM('density measure',
POSITIVE_RATIO_MEASURE(1000.),#1288);
#1290=PROPERTY_DEFINITION_REPRESENTATION(#1295,#1292);
#1291=PROPERTY_DEFINITION_REPRESENTATION(#1296,#1293);
#1292=REPRESENTATION('material name',(#1294),#2215);
#1293=REPRESENTATION('density',(#1289),#2215);
#1294=DESCRIPTIVE_REPRESENTATION_ITEM('Generic','Generic');
#1295=PROPERTY_DEFINITION('material property','material name',#2225);
#1296=PROPERTY_DEFINITION('material property','density of part',#2225);
#1297=AXIS2_PLACEMENT_3D('',#1843,#1444,#1445);
#1298=AXIS2_PLACEMENT_3D('',#1844,#1446,#1447);
#1299=AXIS2_PLACEMENT_3D('',#1846,#1448,#1449);
#1300=AXIS2_PLACEMENT_3D('',#1848,#1450,#1451);
#1301=AXIS2_PLACEMENT_3D('',#1849,#1452,#1453);
#1302=AXIS2_PLACEMENT_3D('',#1851,#1454,#1455);
#1303=AXIS2_PLACEMENT_3D('',#1853,#1456,#1457);
#1304=AXIS2_PLACEMENT_3D('',#1854,#1458,#1459);
#1305=AXIS2_PLACEMENT_3D('',#1856,#1460,#1461);
#1306=AXIS2_PLACEMENT_3D('',#1858,#1462,#1463);
#1307=AXIS2_PLACEMENT_3D('',#1859,#1464,#1465);
#1308=AXIS2_PLACEMENT_3D('',#1861,#1466,#1467);
#1309=AXIS2_PLACEMENT_3D('',#1863,#1468,#1469);
#1310=AXIS2_PLACEMENT_3D('',#1864,#1470,#1471);
#1311=AXIS2_PLACEMENT_3D('',#1866,#1472,#1473);
#1312=AXIS2_PLACEMENT_3D('',#1870,#1475,#1476);
#1313=AXIS2_PLACEMENT_3D('',#1871,#1477,#1478);
#1314=AXIS2_PLACEMENT_3D('',#1872,#1479,#1480);
#1315=AXIS2_PLACEMENT_3D('',#1877,#1482,#1483);
#1316=AXIS2_PLACEMENT_3D('',#1881,#1485,#1486);
#1317=AXIS2_PLACEMENT_3D('',#1883,#1487,#1488);
#1318=AXIS2_PLACEMENT_3D('',#1887,#1490,#1491);
#1319=AXIS2_PLACEMENT_3D('',#1889,#1492,#1493);
#1320=AXIS2_PLACEMENT_3D('',#1890,#1494,#1495);
#1321=AXIS2_PLACEMENT_3D('',#1892,#1496,#1497);
#1322=AXIS2_PLACEMENT_3D('',#1896,#1499,#1500);
#1323=AXIS2_PLACEMENT_3D('',#1898,#1501,#1502);
#1324=AXIS2_PLACEMENT_3D('',#1902,#1504,#1505);
#1325=AXIS2_PLACEMENT_3D('',#1905,#1507,#1508);
#1326=AXIS2_PLACEMENT_3D('',#1906,#1509,#1510);
#1327=AXIS2_PLACEMENT_3D('',#1908,#1511,#1512);
#1328=AXIS2_PLACEMENT_3D('',#1910,#1513,#1514);
#1329=AXIS2_PLACEMENT_3D('',#1912,#1515,#1516);
#1330=AXIS2_PLACEMENT_3D('',#1913,#1517,#1518);
#1331=AXIS2_PLACEMENT_3D('',#1915,#1519,#1520);
#1332=AXIS2_PLACEMENT_3D('',#1917,#1522,#1523);
#1333=AXIS2_PLACEMENT_3D('',#1920,#1524,#1525);
#1334=AXIS2_PLACEMENT_3D('',#1922,#1527,#1528);
#1335=AXIS2_PLACEMENT_3D('',#1923,#1529,#1530);
#1336=AXIS2_PLACEMENT_3D('',#1925,#1531,#1532);
#1337=AXIS2_PLACEMENT_3D('',#1927,#1534,#1535);
#1338=AXIS2_PLACEMENT_3D('',#1929,#1536,#1537);
#1339=AXIS2_PLACEMENT_3D('',#1931,#1539,#1540);
#1340=AXIS2_PLACEMENT_3D('',#1933,#1541,#1542);
#1341=AXIS2_PLACEMENT_3D('',#1935,#1544,#1545);
#1342=AXIS2_PLACEMENT_3D('',#1938,#1546,#1547);
#1343=AXIS2_PLACEMENT_3D('',#1940,#1549,#1550);
#1344=AXIS2_PLACEMENT_3D('',#1941,#1551,#1552);
#1345=AXIS2_PLACEMENT_3D('',#1943,#1553,#1554);
#1346=AXIS2_PLACEMENT_3D('',#1945,#1556,#1557);
#1347=AXIS2_PLACEMENT_3D('',#1947,#1558,#1559);
#1348=AXIS2_PLACEMENT_3D('',#1949,#1561,#1562);
#1349=AXIS2_PLACEMENT_3D('',#1953,#1564,#1565);
#1350=AXIS2_PLACEMENT_3D('',#1955,#1567,#1568);
#1351=AXIS2_PLACEMENT_3D('',#1960,#1571,#1572);
#1352=AXIS2_PLACEMENT_3D('',#1961,#1573,#1574);
#1353=AXIS2_PLACEMENT_3D('',#1965,#1577,#1578);
#1354=AXIS2_PLACEMENT_3D('',#1969,#1581,#1582);
#1355=AXIS2_PLACEMENT_3D('',#1972,#1584,#1585);
#1356=AXIS2_PLACEMENT_3D('',#1973,#1586,#1587);
#1357=AXIS2_PLACEMENT_3D('',#1981,#1592,#1593);
#1358=AXIS2_PLACEMENT_3D('',#1983,#1594,#1595);
#1359=AXIS2_PLACEMENT_3D('',#1987,#1597,#1598);
#1360=AXIS2_PLACEMENT_3D('',#1989,#1599,#1600);
#1361=AXIS2_PLACEMENT_3D('',#2001,#1606,#1607);
#1362=AXIS2_PLACEMENT_3D('',#2013,#1613,#1614);
#1363=AXIS2_PLACEMENT_3D('',#2025,#1620,#1621);
#1364=AXIS2_PLACEMENT_3D('',#2037,#1627,#1628);
#1365=AXIS2_PLACEMENT_3D('',#2038,#1629,#1630);
#1366=AXIS2_PLACEMENT_3D('',#2039,#1631,#1632);
#1367=AXIS2_PLACEMENT_3D('',#2043,#1634,#1635);
#1368=AXIS2_PLACEMENT_3D('',#2045,#1637,#1638);
#1369=AXIS2_PLACEMENT_3D('',#2047,#1640,#1641);
#1370=AXIS2_PLACEMENT_3D('',#2051,#1644,#1645);
#1371=AXIS2_PLACEMENT_3D('',#2055,#1648,#1649);
#1372=AXIS2_PLACEMENT_3D('',#2061,#1653,#1654);
#1373=AXIS2_PLACEMENT_3D('',#2063,#1656,#1657);
#1374=AXIS2_PLACEMENT_3D('',#2068,#1660,#1661);
#1375=AXIS2_PLACEMENT_3D('',#2070,#1662,#1663);
#1376=AXIS2_PLACEMENT_3D('',#2071,#1664,#1665);
#1377=AXIS2_PLACEMENT_3D('',#2073,#1667,#1668);
#1378=AXIS2_PLACEMENT_3D('',#2075,#1670,#1671);
#1379=AXIS2_PLACEMENT_3D('',#2081,#1675,#1676);
#1380=AXIS2_PLACEMENT_3D('',#2083,#1678,#1679);
#1381=AXIS2_PLACEMENT_3D('',#2088,#1682,#1683);
#1382=AXIS2_PLACEMENT_3D('',#2090,#1684,#1685);
#1383=AXIS2_PLACEMENT_3D('',#2091,#1686,#1687);
#1384=AXIS2_PLACEMENT_3D('',#2093,#1689,#1690);
#1385=AXIS2_PLACEMENT_3D('',#2095,#1692,#1693);
#1386=AXIS2_PLACEMENT_3D('',#2099,#1695,#1696);
#1387=AXIS2_PLACEMENT_3D('',#2104,#1699,#1700);
#1388=AXIS2_PLACEMENT_3D('',#2108,#1703,#1704);
#1389=AXIS2_PLACEMENT_3D('',#2109,#1705,#1706);
#1390=AXIS2_PLACEMENT_3D('',#2112,#1708,#1709);
#1391=AXIS2_PLACEMENT_3D('',#2113,#1710,#1711);
#1392=AXIS2_PLACEMENT_3D('',#2118,#1715,#1716);
#1393=AXIS2_PLACEMENT_3D('',#2121,#1718,#1719);
#1394=AXIS2_PLACEMENT_3D('',#2122,#1720,#1721);
#1395=AXIS2_PLACEMENT_3D('',#2123,#1722,#1723);
#1396=AXIS2_PLACEMENT_3D('',#2124,#1724,#1725);
#1397=AXIS2_PLACEMENT_3D('',#2128,#1728,#1729);
#1398=AXIS2_PLACEMENT_3D('',#2132,#1732,#1733);
#1399=AXIS2_PLACEMENT_3D('',#2136,#1736,#1737);
#1400=AXIS2_PLACEMENT_3D('',#2139,#1738,#1739);
#1401=AXIS2_PLACEMENT_3D('',#2140,#1740,#1741);
#1402=AXIS2_PLACEMENT_3D('',#2142,#1743,#1744);
#1403=AXIS2_PLACEMENT_3D('',#2145,#1745,#1746);
#1404=AXIS2_PLACEMENT_3D('',#2146,#1747,#1748);
#1405=AXIS2_PLACEMENT_3D('',#2148,#1750,#1751);
#1406=AXIS2_PLACEMENT_3D('',#2151,#1752,#1753);
#1407=AXIS2_PLACEMENT_3D('',#2152,#1754,#1755);
#1408=AXIS2_PLACEMENT_3D('',#2154,#1757,#1758);
#1409=AXIS2_PLACEMENT_3D('',#2155,#1759,#1760);
#1410=AXIS2_PLACEMENT_3D('',#2156,#1761,#1762);
#1411=AXIS2_PLACEMENT_3D('',#2157,#1763,#1764);
#1412=AXIS2_PLACEMENT_3D('',#2158,#1765,#1766);
#1413=AXIS2_PLACEMENT_3D('',#2159,#1767,#1768);
#1414=AXIS2_PLACEMENT_3D('',#2160,#1769,#1770);
#1415=AXIS2_PLACEMENT_3D('',#2163,#1771,#1772);
#1416=AXIS2_PLACEMENT_3D('',#2164,#1773,#1774);
#1417=AXIS2_PLACEMENT_3D('',#2166,#1776,#1777);
#1418=AXIS2_PLACEMENT_3D('',#2167,#1778,#1779);
#1419=AXIS2_PLACEMENT_3D('',#2168,#1780,#1781);
#1420=AXIS2_PLACEMENT_3D('',#2169,#1782,#1783);
#1421=AXIS2_PLACEMENT_3D('',#2171,#1784,#1785);
#1422=AXIS2_PLACEMENT_3D('',#2174,#1787,#1788);
#1423=AXIS2_PLACEMENT_3D('',#2176,#1789,#1790);
#1424=AXIS2_PLACEMENT_3D('',#2178,#1791,#1792);
#1425=AXIS2_PLACEMENT_3D('',#2180,#1793,#1794);
#1426=AXIS2_PLACEMENT_3D('',#2181,#1795,#1796);
#1427=AXIS2_PLACEMENT_3D('',#2182,#1797,#1798);
#1428=AXIS2_PLACEMENT_3D('',#2184,#1800,#1801);
#1429=AXIS2_PLACEMENT_3D('',#2186,#1803,#1804);
#1430=AXIS2_PLACEMENT_3D('',#2188,#1806,#1807);
#1431=AXIS2_PLACEMENT_3D('',#2190,#1809,#1810);
#1432=AXIS2_PLACEMENT_3D('',#2192,#1812,#1813);
#1433=AXIS2_PLACEMENT_3D('',#2193,#1814,#1815);
#1434=AXIS2_PLACEMENT_3D('',#2195,#1817,#1818);
#1435=AXIS2_PLACEMENT_3D('',#2197,#1820,#1821);
#1436=AXIS2_PLACEMENT_3D('',#2199,#1823,#1824);
#1437=AXIS2_PLACEMENT_3D('',#2201,#1825,#1826);
#1438=AXIS2_PLACEMENT_3D('',#2202,#1827,#1828);
#1439=AXIS2_PLACEMENT_3D('',#2204,#1829,#1830);
#1440=AXIS2_PLACEMENT_3D('',#2205,#1831,#1832);
#1441=AXIS2_PLACEMENT_3D('',#2207,#1834,#1835);
#1442=AXIS2_PLACEMENT_3D('',#2209,#1837,#1838);
#1443=AXIS2_PLACEMENT_3D('',#2211,#1840,#1841);
#1444=DIRECTION('axis',(0.,0.,1.));
#1445=DIRECTION('refdir',(1.,0.,0.));
#1446=DIRECTION('center_axis',(0.,-1.,0.));
#1447=DIRECTION('ref_axis',(0.,0.,-1.));
#1448=DIRECTION('center_axis',(0.,1.,0.));
#1449=DIRECTION('ref_axis',(0.866025403784439,0.,0.5));
#1450=DIRECTION('center_axis',(0.,-1.,0.));
#1451=DIRECTION('ref_axis',(0.17364817766693,0.,0.984807753012208));
#1452=DIRECTION('center_axis',(0.,-1.,0.));
#1453=DIRECTION('ref_axis',(0.,0.,-1.));
#1454=DIRECTION('center_axis',(0.,1.,0.));
#1455=DIRECTION('ref_axis',(0.866025403784439,0.,0.5));
#1456=DIRECTION('center_axis',(0.,-1.,0.));
#1457=DIRECTION('ref_axis',(0.766044443118978,0.,0.642787609686539));
#1458=DIRECTION('center_axis',(0.,-1.,0.));
#1459=DIRECTION('ref_axis',(0.,0.,-1.));
#1460=DIRECTION('center_axis',(0.,1.,0.));
#1461=DIRECTION('ref_axis',(0.866025403784439,0.,0.5));
#1462=DIRECTION('center_axis',(0.,-1.,0.));
#1463=DIRECTION('ref_axis',(-0.5,0.,0.866025403784439));
#1464=DIRECTION('center_axis',(0.,-1.,0.));
#1465=DIRECTION('ref_axis',(0.,0.,-1.));
#1466=DIRECTION('center_axis',(0.,1.,0.));
#1467=DIRECTION('ref_axis',(0.866025403784439,0.,0.5));
#1468=DIRECTION('center_axis',(0.,-1.,0.));
#1469=DIRECTION('ref_axis',(1.,0.,0.));
#1470=DIRECTION('center_axis',(0.,1.,0.));
#1471=DIRECTION('ref_axis',(-1.,0.,0.));
#1472=DIRECTION('center_axis',(0.,-1.,0.));
#1473=DIRECTION('ref_axis',(-1.,0.,0.));
#1474=DIRECTION('',(0.707106781186547,0.707106781186548,-8.65956056235493E-17));
#1475=DIRECTION('center_axis',(0.,1.,0.));
#1476=DIRECTION('ref_axis',(-1.,0.,0.));
#1477=DIRECTION('center_axis',(0.,1.,0.));
#1478=DIRECTION('ref_axis',(-1.,0.,0.));
#1479=DIRECTION('center_axis',(0.,1.,0.));
#1480=DIRECTION('ref_axis',(0.,0.,1.));
#1481=DIRECTION('',(0.965750435532514,0.,0.25947272740841));
#1482=DIRECTION('center_axis',(0.,1.,0.));
#1483=DIRECTION('ref_axis',(-0.366772357369443,0.,0.930310721140879));
#1484=DIRECTION('',(0.88299169802412,0.,0.469388603632941));
#1485=DIRECTION('center_axis',(0.,-1.,0.));
#1486=DIRECTION('ref_axis',(1.,0.,-1.01314353206748E-16));
#1487=DIRECTION('center_axis',(0.,1.,0.));
#1488=DIRECTION('ref_axis',(-0.355078641774218,0.,-0.934836433904764));
#1489=DIRECTION('',(-0.858245453097741,0.,-0.51323945896341));
#1490=DIRECTION('center_axis',(0.,1.,0.));
#1491=DIRECTION('ref_axis',(1.,0.,0.));
#1492=DIRECTION('center_axis',(0.,1.,0.));
#1493=DIRECTION('ref_axis',(-1.,0.,0.));
#1494=DIRECTION('center_axis',(0.,1.,0.));
#1495=DIRECTION('ref_axis',(-1.,0.,0.));
#1496=DIRECTION('center_axis',(0.,1.,0.));
#1497=DIRECTION('ref_axis',(1.,0.,0.));
#1498=DIRECTION('',(-0.873601136235764,0.,-0.486642635583425));
#1499=DIRECTION('center_axis',(0.,1.,0.));
#1500=DIRECTION('ref_axis',(0.987131421031887,0.,-0.159911092834636));
#1501=DIRECTION('center_axis',(0.,-1.,0.));
#1502=DIRECTION('ref_axis',(1.,0.,-1.01314353206748E-16));
#1503=DIRECTION('',(0.84799830400508,0.,0.529998940003193));
#1504=DIRECTION('center_axis',(0.,1.,0.));
#1505=DIRECTION('ref_axis',(-0.622286539236317,0.,0.782789539458268));
#1506=DIRECTION('',(0.707585191291158,0.,0.706628047182855));
#1507=DIRECTION('center_axis',(0.,1.,0.));
#1508=DIRECTION('ref_axis',(1.,0.,0.));
#1509=DIRECTION('center_axis',(0.,1.,0.));
#1510=DIRECTION('ref_axis',(1.,0.,0.));
#1511=DIRECTION('center_axis',(0.,1.,0.));
#1512=DIRECTION('ref_axis',(-1.,0.,0.));
#1513=DIRECTION('center_axis',(0.,1.,0.));
#1514=DIRECTION('ref_axis',(-1.,0.,0.));
#1515=DIRECTION('center_axis',(0.,-1.,0.));
#1516=DIRECTION('ref_axis',(1.,0.,0.));
#1517=DIRECTION('center_axis',(0.,1.,0.));
#1518=DIRECTION('ref_axis',(-1.,0.,0.));
#1519=DIRECTION('center_axis',(0.,1.,0.));
#1520=DIRECTION('ref_axis',(-1.,0.,0.));
#1521=DIRECTION('',(0.,1.,0.));
#1522=DIRECTION('center_axis',(0.,1.,0.));
#1523=DIRECTION('ref_axis',(-1.,0.,0.));
#1524=DIRECTION('center_axis',(0.,-1.,0.));
#1525=DIRECTION('ref_axis',(-1.,0.,0.));
#1526=DIRECTION('',(0.707106781186547,0.707106781186548,-8.65956056235493E-17));
#1527=DIRECTION('center_axis',(0.,-1.,0.));
#1528=DIRECTION('ref_axis',(-1.,0.,0.));
#1529=DIRECTION('center_axis',(0.,1.,0.));
#1530=DIRECTION('ref_axis',(1.,0.,0.));
#1531=DIRECTION('center_axis',(0.,1.,0.));
#1532=DIRECTION('ref_axis',(1.,0.,0.));
#1533=DIRECTION('',(0.,1.,0.));
#1534=DIRECTION('center_axis',(0.,1.,0.));
#1535=DIRECTION('ref_axis',(-1.,0.,0.));
#1536=DIRECTION('center_axis',(0.,-1.,0.));
#1537=DIRECTION('ref_axis',(-1.,0.,0.));
#1538=DIRECTION('',(0.707106781186547,0.707106781186548,-8.65956056235493E-17));
#1539=DIRECTION('center_axis',(0.,1.,0.));
#1540=DIRECTION('ref_axis',(-1.,0.,0.));
#1541=DIRECTION('center_axis',(0.,1.,0.));
#1542=DIRECTION('ref_axis',(-1.,0.,0.));
#1543=DIRECTION('',(0.,1.,0.));
#1544=DIRECTION('center_axis',(0.,1.,0.));
#1545=DIRECTION('ref_axis',(-1.,0.,0.));
#1546=DIRECTION('center_axis',(0.,-1.,0.));
#1547=DIRECTION('ref_axis',(-1.,0.,0.));
#1548=DIRECTION('',(0.707106781186547,0.707106781186548,-8.65956056235492E-17));
#1549=DIRECTION('center_axis',(0.,-1.,0.));
#1550=DIRECTION('ref_axis',(-1.,0.,0.));
#1551=DIRECTION('center_axis',(0.,1.,0.));
#1552=DIRECTION('ref_axis',(1.,0.,0.));
#1553=DIRECTION('center_axis',(0.,1.,0.));
#1554=DIRECTION('ref_axis',(1.,0.,0.));
#1555=DIRECTION('',(0.,1.,0.));
#1556=DIRECTION('center_axis',(0.,1.,0.));
#1557=DIRECTION('ref_axis',(1.,0.,0.));
#1558=DIRECTION('center_axis',(0.,1.,0.));
#1559=DIRECTION('ref_axis',(1.,0.,0.));
#1560=DIRECTION('',(0.,1.,0.));
#1561=DIRECTION('center_axis',(0.,1.,0.));
#1562=DIRECTION('ref_axis',(-0.5,0.,0.866025403784439));
#1563=DIRECTION('',(0.,1.,0.));
#1564=DIRECTION('center_axis',(0.,-1.,0.));
#1565=DIRECTION('ref_axis',(1.,0.,0.));
#1566=DIRECTION('',(0.,-1.,0.));
#1567=DIRECTION('center_axis',(0.,1.,0.));
#1568=DIRECTION('ref_axis',(1.,0.,0.));
#1569=DIRECTION('',(0.,-1.,0.));
#1570=DIRECTION('',(0.,1.,0.));
#1571=DIRECTION('center_axis',(0.,-1.,0.));
#1572=DIRECTION('ref_axis',(1.,0.,0.));
#1573=DIRECTION('center_axis',(-0.51323945896341,0.,0.858245453097741));
#1574=DIRECTION('ref_axis',(-0.858245453097741,0.,-0.51323945896341));
#1575=DIRECTION('',(0.,1.,0.));
#1576=DIRECTION('',(-0.858245453097741,0.,-0.51323945896341));
#1577=DIRECTION('center_axis',(0.706628047182855,0.,-0.707585191291159));
#1578=DIRECTION('ref_axis',(0.707585191291159,0.,0.706628047182855));
#1579=DIRECTION('',(0.,1.,0.));
#1580=DIRECTION('',(0.707585191291158,0.,0.706628047182855));
#1581=DIRECTION('center_axis',(0.,-1.,0.));
#1582=DIRECTION('ref_axis',(-0.622286539236317,0.,0.782789539458268));
#1583=DIRECTION('',(0.,-1.,0.));
#1584=DIRECTION('center_axis',(0.,-1.,0.));
#1585=DIRECTION('ref_axis',(-0.622286539236317,0.,0.782789539458268));
#1586=DIRECTION('center_axis',(-0.529998940003193,0.,0.84799830400508));
#1587=DIRECTION('ref_axis',(-0.84799830400508,0.,-0.529998940003193));
#1588=DIRECTION('',(0.,1.,0.));
#1589=DIRECTION('',(0.84799830400508,0.,0.529998940003193));
#1590=DIRECTION('',(0.,1.,0.));
#1591=DIRECTION('',(0.84799830400508,0.,0.529998940003193));
#1592=DIRECTION('center_axis',(0.,1.,0.));
#1593=DIRECTION('ref_axis',(0.,0.,1.));
#1594=DIRECTION('center_axis',(0.,-1.,0.));
#1595=DIRECTION('ref_axis',(1.,0.,-1.01314353206748E-16));
#1596=DIRECTION('',(0.88299169802412,0.,0.469388603632941));
#1597=DIRECTION('center_axis',(0.,-1.,0.));
#1598=DIRECTION('ref_axis',(-0.360934808959577,0.,-0.932591048467287));
#1599=DIRECTION('center_axis',(0.,-1.,0.));
#1600=DIRECTION('ref_axis',(1.,0.,0.));
#1601=DIRECTION('',(-0.639053273113103,0.,-0.769162475764015));
#1602=DIRECTION('',(-1.,0.,0.));
#1603=DIRECTION('',(0.,0.,-1.));
#1604=DIRECTION('',(1.,0.,0.));
#1605=DIRECTION('',(0.639053273113103,0.,-0.769162475764015));
#1606=DIRECTION('center_axis',(0.,-1.,0.));
#1607=DIRECTION('ref_axis',(1.,0.,0.));
#1608=DIRECTION('',(-0.983951317982218,0.,-0.178437114527935));
#1609=DIRECTION('',(-0.766044443118978,0.,0.642787609686539));
#1610=DIRECTION('',(-0.642787609686539,0.,-0.766044443118978));
#1611=DIRECTION('',(0.766044443118978,0.,-0.642787609686539));
#1612=DIRECTION('',(-0.00486490053164469,0.,-0.99998816630139));
#1613=DIRECTION('center_axis',(0.,-1.,0.));
#1614=DIRECTION('ref_axis',(1.,0.,0.));
#1615=DIRECTION('',(-0.868447605766642,0.,0.495780955703411));
#1616=DIRECTION('',(-0.17364817766693,0.,0.984807753012208));
#1617=DIRECTION('',(-0.984807753012208,0.,-0.17364817766693));
#1618=DIRECTION('',(0.17364817766693,0.,-0.984807753012208));
#1619=DIRECTION('',(-0.646506733150279,0.,-0.762908280195826));
#1620=DIRECTION('center_axis',(0.,-1.,0.));
#1621=DIRECTION('ref_axis',(1.,0.,0.));
#1622=DIRECTION('',(-0.34658760709282,0.,0.938017606769549));
#1623=DIRECTION('',(0.5,0.,0.866025403784439));
#1624=DIRECTION('',(-0.866025403784439,0.,0.5));
#1625=DIRECTION('',(-0.5,0.,-0.866025403784439));
#1626=DIRECTION('',(-0.985640880205922,0.,-0.168855131005529));
#1627=DIRECTION('center_axis',(0.,-1.,0.));
#1628=DIRECTION('ref_axis',(1.,0.,0.));
#1629=DIRECTION('center_axis',(0.,-1.,0.));
#1630=DIRECTION('ref_axis',(0.988114943794427,0.,-0.153716810564544));
#1631=DIRECTION('center_axis',(0.,-1.,0.));
#1632=DIRECTION('ref_axis',(0.987131421031887,0.,-0.159911092834636));
#1633=DIRECTION('',(0.,-1.,0.));
#1634=DIRECTION('center_axis',(0.,-1.,0.));
#1635=DIRECTION('ref_axis',(0.987131421031887,0.,-0.159911092834636));
#1636=DIRECTION('',(0.,1.,0.));
#1637=DIRECTION('center_axis',(-0.486642635583425,0.,0.873601136235764));
#1638=DIRECTION('ref_axis',(-0.873601136235764,0.,-0.486642635583425));
#1639=DIRECTION('',(-0.873601136235764,0.,-0.486642635583425));
#1640=DIRECTION('center_axis',(-0.984807753012208,0.,-0.17364817766693));
#1641=DIRECTION('ref_axis',(-0.122787803968973,-0.707106781186547,0.696364240320019));
#1642=DIRECTION('',(0.,1.,0.));
#1643=DIRECTION('',(-0.122787803968973,-0.707106781186547,0.696364240320019));
#1644=DIRECTION('center_axis',(0.495780955703411,0.,0.868447605766642));
#1645=DIRECTION('ref_axis',(0.868447605766642,0.,-0.495780955703411));
#1646=DIRECTION('',(0.,-1.,0.));
#1647=DIRECTION('',(-0.731782967206321,-0.538487638513084,0.417761597176325));
#1648=DIRECTION('center_axis',(-0.99998816630139,0.,0.00486490053164469));
#1649=DIRECTION('ref_axis',(0.00486490053164469,0.,0.99998816630139));
#1650=DIRECTION('',(0.,-1.,0.));
#1651=DIRECTION('',(-0.00409932772290604,0.538487638513082,-0.842623438245593));
#1652=DIRECTION('',(0.,1.,0.));
#1653=DIRECTION('center_axis',(0.642787609686539,0.,0.766044443118978));
#1654=DIRECTION('ref_axis',(0.541675220419702,0.707106781186547,-0.454519477672044));
#1655=DIRECTION('',(0.541675220419702,0.707106781186547,-0.454519477672044));
#1656=DIRECTION('center_axis',(0.541675220419702,-0.707106781186548,-0.454519477672043));
#1657=DIRECTION('ref_axis',(0.541675220419702,0.707106781186547,-0.454519477672044));
#1658=DIRECTION('',(-0.541675220419702,-0.707106781186547,0.454519477672044));
#1659=DIRECTION('',(-0.829110254065322,-0.538487638513079,-0.150357074234452));
#1660=DIRECTION('center_axis',(0.541675220419702,-0.707106781186548,-0.454519477672044));
#1661=DIRECTION('ref_axis',(0.541675220419702,0.707106781186547,-0.454519477672044));
#1662=DIRECTION('center_axis',(-0.541675220419702,0.707106781186548,0.454519477672043));
#1663=DIRECTION('ref_axis',(0.541675220419702,0.707106781186547,-0.454519477672044));
#1664=DIRECTION('center_axis',(-0.642787609686539,0.,-0.766044443118978));
#1665=DIRECTION('ref_axis',(-0.541675220419702,-0.707106781186547,0.454519477672044));
#1666=DIRECTION('',(0.,1.,0.));
#1667=DIRECTION('center_axis',(-0.178437114527935,0.,0.983951317982218));
#1668=DIRECTION('ref_axis',(0.983951317982218,0.,0.178437114527935));
#1669=DIRECTION('',(0.,-1.,0.));
#1670=DIRECTION('center_axis',(-0.769162475764015,0.,-0.639053273113103));
#1671=DIRECTION('ref_axis',(-0.639053273113103,0.,0.769162475764015));
#1672=DIRECTION('',(0.,-1.,0.));
#1673=DIRECTION('',(0.538487638513082,0.538487638513082,-0.648121999578173));
#1674=DIRECTION('',(0.,1.,0.));
#1675=DIRECTION('center_axis',(0.,0.,1.));
#1676=DIRECTION('ref_axis',(0.707106781186548,0.707106781186547,0.));
#1677=DIRECTION('',(0.707106781186548,0.707106781186547,0.));
#1678=DIRECTION('center_axis',(0.707106781186547,-0.707106781186548,0.));
#1679=DIRECTION('ref_axis',(0.707106781186548,0.707106781186547,0.));
#1680=DIRECTION('',(-0.707106781186548,-0.707106781186547,0.));
#1681=DIRECTION('',(-0.538487638513082,-0.538487638513082,-0.648121999578173));
#1682=DIRECTION('center_axis',(0.707106781186547,-0.707106781186548,0.));
#1683=DIRECTION('ref_axis',(0.707106781186548,0.707106781186547,0.));
#1684=DIRECTION('center_axis',(0.707106781186547,-0.707106781186548,0.));
#1685=DIRECTION('ref_axis',(0.707106781186548,0.707106781186547,0.));
#1686=DIRECTION('center_axis',(0.,0.,-1.));
#1687=DIRECTION('ref_axis',(-0.707106781186548,-0.707106781186547,0.));
#1688=DIRECTION('',(0.,1.,0.));
#1689=DIRECTION('center_axis',(-0.769162475764015,0.,0.639053273113103));
#1690=DIRECTION('ref_axis',(0.639053273113103,0.,0.769162475764015));
#1691=DIRECTION('',(0.,-1.,0.));
#1692=DIRECTION('center_axis',(0.,-1.,0.));
#1693=DIRECTION('ref_axis',(-0.500000000000009,0.,0.866025403784433));
#1694=DIRECTION('',(0.,1.,0.));
#1695=DIRECTION('center_axis',(0.,-1.,0.));
#1696=DIRECTION('ref_axis',(1.,0.,0.));
#1697=DIRECTION('',(0.,-1.,0.));
#1698=DIRECTION('',(0.,1.,0.));
#1699=DIRECTION('center_axis',(-0.353553390593274,-0.707106781186548,-0.612372435695794));
#1700=DIRECTION('ref_axis',(0.353553390593274,-0.707106781186547,0.612372435695795));
#1701=DIRECTION('',(0.,-1.,0.));
#1702=DIRECTION('',(0.,1.,0.));
#1703=DIRECTION('center_axis',(0.122787803968973,-0.707106781186548,-0.696364240320019));
#1704=DIRECTION('ref_axis',(0.122787803968973,0.707106781186547,-0.696364240320019));
#1705=DIRECTION('center_axis',(0.,-1.,0.));
#1706=DIRECTION('ref_axis',(-0.360934808959577,0.,-0.932591048467287));
#1707=DIRECTION('',(0.,-1.,0.));
#1708=DIRECTION('center_axis',(0.,1.,0.));
#1709=DIRECTION('ref_axis',(-0.360934808959577,0.,-0.932591048467287));
#1710=DIRECTION('center_axis',(-0.469388603632941,0.,0.88299169802412));
#1711=DIRECTION('ref_axis',(-0.88299169802412,0.,-0.469388603632941));
#1712=DIRECTION('',(0.,1.,0.));
#1713=DIRECTION('',(0.88299169802412,0.,0.469388603632941));
#1714=DIRECTION('',(0.,-1.,0.));
#1715=DIRECTION('center_axis',(0.,1.,0.));
#1716=DIRECTION('ref_axis',(-0.355078641774218,0.,-0.934836433904764));
#1717=DIRECTION('',(0.,-1.,0.));
#1718=DIRECTION('center_axis',(0.,-1.,0.));
#1719=DIRECTION('ref_axis',(-0.355078641774218,0.,-0.934836433904764));
#1720=DIRECTION('center_axis',(0.,-1.,0.));
#1721=DIRECTION('ref_axis',(-1.,0.,0.));
#1722=DIRECTION('center_axis',(0.,1.,0.));
#1723=DIRECTION('ref_axis',(-1.,0.,0.));
#1724=DIRECTION('center_axis',(-0.168855131005529,0.,0.985640880205923));
#1725=DIRECTION('ref_axis',(0.985640880205923,0.,0.168855131005529));
#1726=DIRECTION('',(0.,-1.,0.));
#1727=DIRECTION('',(-0.830533935642808,0.538487638513079,-0.14228297478713));
#1728=DIRECTION('center_axis',(0.938017606769549,0.,0.34658760709282));
#1729=DIRECTION('ref_axis',(0.34658760709282,0.,-0.938017606769549));
#1730=DIRECTION('',(-0.292046297129725,-0.538487638513081,0.790404974365307));
#1731=DIRECTION('',(0.,1.,0.));
#1732=DIRECTION('center_axis',(-0.762908280195826,0.,0.646506733150279));
#1733=DIRECTION('ref_axis',(0.646506733150279,0.,0.762908280195826));
#1734=DIRECTION('',(0.,-1.,0.));
#1735=DIRECTION('',(-0.544768172958383,0.538487638513088,-0.64285200544152));
#1736=DIRECTION('center_axis',(0.,-1.,0.));
#1737=DIRECTION('ref_axis',(-0.5,0.,0.866025403784439));
#1738=DIRECTION('center_axis',(0.707106781186547,-0.707106781186548,0.));
#1739=DIRECTION('ref_axis',(-0.707106781186548,-0.707106781186547,9.92245084122936E-17));
#1740=DIRECTION('center_axis',(0.707106781186547,-0.707106781186548,0.));
#1741=DIRECTION('ref_axis',(-0.707106781186548,-0.707106781186547,9.92245084122936E-17));
#1742=DIRECTION('',(0.,-1.,0.));
#1743=DIRECTION('center_axis',(0.,-1.,0.));
#1744=DIRECTION('ref_axis',(0.17364817766693,0.,0.984807753012208));
#1745=DIRECTION('center_axis',(0.541675220419702,-0.707106781186548,-0.454519477672043));
#1746=DIRECTION('ref_axis',(-0.541675220419702,-0.707106781186547,0.454519477672044));
#1747=DIRECTION('center_axis',(0.541675220419702,-0.707106781186548,-0.454519477672043));
#1748=DIRECTION('ref_axis',(-0.541675220419702,-0.707106781186547,0.454519477672044));
#1749=DIRECTION('',(0.,-1.,0.));
#1750=DIRECTION('center_axis',(0.,-1.,0.));
#1751=DIRECTION('ref_axis',(0.766044443118978,0.,0.642787609686539));
#1752=DIRECTION('center_axis',(0.122787803968973,-0.707106781186548,-0.696364240320019));
#1753=DIRECTION('ref_axis',(-0.122787803968973,-0.707106781186547,0.696364240320019));
#1754=DIRECTION('center_axis',(0.122787803968973,-0.707106781186548,-0.696364240320019));
#1755=DIRECTION('ref_axis',(-0.122787803968973,-0.707106781186547,0.696364240320019));
#1756=DIRECTION('',(0.,-1.,0.));
#1757=DIRECTION('center_axis',(0.707106781186547,-0.707106781186548,0.));
#1758=DIRECTION('ref_axis',(0.,0.,-1.));
#1759=DIRECTION('center_axis',(-0.707106781186547,0.707106781186548,0.));
#1760=DIRECTION('ref_axis',(0.707106781186548,0.707106781186547,0.));
#1761=DIRECTION('center_axis',(0.541675220419702,-0.707106781186548,-0.454519477672043));
#1762=DIRECTION('ref_axis',(-0.642787609686539,-3.33066907387547E-16,-0.766044443118978));
#1763=DIRECTION('center_axis',(-0.541675220419702,0.707106781186548,0.454519477672043));
#1764=DIRECTION('ref_axis',(0.541675220419702,0.707106781186547,-0.454519477672044));
#1765=DIRECTION('center_axis',(0.122787803968973,-0.707106781186548,-0.696364240320019));
#1766=DIRECTION('ref_axis',(-0.984807753012208,-2.63677968348475E-16,-0.17364817766693));
#1767=DIRECTION('center_axis',(-0.122787803968973,0.707106781186548,0.696364240320019));
#1768=DIRECTION('ref_axis',(0.122787803968973,0.707106781186547,-0.696364240320019));
#1769=DIRECTION('center_axis',(0.,-1.,0.));
#1770=DIRECTION('ref_axis',(1.,0.,0.));
#1771=DIRECTION('center_axis',(-0.353553390593273,-0.707106781186548,-0.612372435695794));
#1772=DIRECTION('ref_axis',(0.353553390593274,-0.707106781186547,0.612372435695795));
#1773=DIRECTION('center_axis',(-0.353553390593273,-0.707106781186548,-0.612372435695794));
#1774=DIRECTION('ref_axis',(0.353553390593274,-0.707106781186547,0.612372435695795));
#1775=DIRECTION('',(0.,-1.,0.));
#1776=DIRECTION('center_axis',(-0.353553390593273,-0.707106781186548,-0.612372435695794));
#1777=DIRECTION('ref_axis',(-0.866025403784439,-1.66533453693773E-16,0.5));
#1778=DIRECTION('center_axis',(0.353553390593273,0.707106781186548,0.612372435695794));
#1779=DIRECTION('ref_axis',(-0.353553390593274,0.707106781186547,-0.612372435695795));
#1780=DIRECTION('center_axis',(0.,1.,0.));
#1781=DIRECTION('ref_axis',(0.,0.,1.));
#1782=DIRECTION('center_axis',(0.,1.,0.));
#1783=DIRECTION('ref_axis',(0.988114943794427,0.,-0.153716810564544));
#1784=DIRECTION('center_axis',(0.,-1.,0.));
#1785=DIRECTION('ref_axis',(-0.366772357369443,0.,0.930310721140879));
#1786=DIRECTION('',(0.965750435532514,0.,0.25947272740841));
#1787=DIRECTION('center_axis',(0.,1.,0.));
#1788=DIRECTION('ref_axis',(-1.,0.,0.));
#1789=DIRECTION('center_axis',(0.,1.,0.));
#1790=DIRECTION('ref_axis',(-1.,0.,0.));
#1791=DIRECTION('center_axis',(0.,1.,0.));
#1792=DIRECTION('ref_axis',(-1.,0.,0.));
#1793=DIRECTION('center_axis',(0.,1.,0.));
#1794=DIRECTION('ref_axis',(-1.,0.,0.));
#1795=DIRECTION('center_axis',(0.,1.,0.));
#1796=DIRECTION('ref_axis',(0.988114943794427,0.,-0.153716810564544));
#1797=DIRECTION('center_axis',(0.,1.,0.));
#1798=DIRECTION('ref_axis',(0.866025403784439,0.,0.5));
#1799=DIRECTION('',(0.,1.,0.));
#1800=DIRECTION('center_axis',(0.,1.,0.));
#1801=DIRECTION('ref_axis',(0.866025403784439,0.,0.5));
#1802=DIRECTION('',(0.,1.,0.));
#1803=DIRECTION('center_axis',(0.,1.,0.));
#1804=DIRECTION('ref_axis',(0.866025403784439,0.,0.5));
#1805=DIRECTION('',(0.,1.,0.));
#1806=DIRECTION('center_axis',(0.,1.,0.));
#1807=DIRECTION('ref_axis',(0.866025403784439,0.,0.5));
#1808=DIRECTION('',(0.,1.,0.));
#1809=DIRECTION('center_axis',(0.,-1.,0.));
#1810=DIRECTION('ref_axis',(-0.366772357369443,0.,0.930310721140879));
#1811=DIRECTION('',(0.,-1.,0.));
#1812=DIRECTION('center_axis',(0.25947272740841,0.,-0.965750435532514));
#1813=DIRECTION('ref_axis',(0.965750435532514,0.,0.25947272740841));
#1814=DIRECTION('center_axis',(0.866025403784439,0.,-0.5));
#1815=DIRECTION('ref_axis',(-0.353553390593274,0.707106781186547,-0.612372435695795));
#1816=DIRECTION('',(-0.353553390593274,0.707106781186547,-0.612372435695795));
#1817=DIRECTION('center_axis',(-0.866025403784439,0.,0.5));
#1818=DIRECTION('ref_axis',(0.353553390593274,-0.707106781186547,0.612372435695795));
#1819=DIRECTION('',(0.353553390593274,-0.707106781186547,0.612372435695795));
#1820=DIRECTION('center_axis',(0.984807753012208,0.,0.17364817766693));
#1821=DIRECTION('ref_axis',(0.122787803968973,0.707106781186547,-0.696364240320019));
#1822=DIRECTION('',(0.122787803968973,0.707106781186547,-0.696364240320019));
#1823=DIRECTION('center_axis',(0.122787803968973,-0.707106781186548,-0.696364240320019));
#1824=DIRECTION('ref_axis',(0.122787803968973,0.707106781186547,-0.696364240320019));
#1825=DIRECTION('center_axis',(-0.122787803968973,0.707106781186548,0.696364240320019));
#1826=DIRECTION('ref_axis',(0.122787803968973,0.707106781186547,-0.696364240320019));
#1827=DIRECTION('center_axis',(-0.353553390593274,-0.707106781186548,-0.612372435695794));
#1828=DIRECTION('ref_axis',(-0.353553390593274,0.707106781186547,-0.612372435695795));
#1829=DIRECTION('center_axis',(0.353553390593274,0.707106781186548,0.612372435695794));
#1830=DIRECTION('ref_axis',(-0.353553390593274,0.707106781186547,-0.612372435695795));
#1831=DIRECTION('center_axis',(-0.541675220419702,0.707106781186548,0.454519477672043));
#1832=DIRECTION('ref_axis',(0.541675220419702,0.707106781186547,-0.454519477672044));
#1833=DIRECTION('',(-0.541675220419702,0.707106781186548,0.454519477672043));
#1834=DIRECTION('center_axis',(-0.122787803968973,0.707106781186548,0.696364240320019));
#1835=DIRECTION('ref_axis',(0.122787803968973,0.707106781186547,-0.696364240320019));
#1836=DIRECTION('',(-0.122787803968973,0.707106781186548,0.696364240320019));
#1837=DIRECTION('center_axis',(0.353553390593273,0.707106781186548,0.612372435695794));
#1838=DIRECTION('ref_axis',(-0.353553390593274,0.707106781186547,-0.612372435695795));
#1839=DIRECTION('',(0.353553390593273,0.707106781186548,0.612372435695794));
#1840=DIRECTION('center_axis',(-0.707106781186547,0.707106781186548,0.));
#1841=DIRECTION('ref_axis',(0.707106781186548,0.707106781186547,0.));
#1842=DIRECTION('',(-0.707106781186547,0.707106781186548,0.));
#1843=CARTESIAN_POINT('',(0.,0.,0.));
#1844=CARTESIAN_POINT('Origin',(9.08285658479193,5.,24.9549433708605));
#1845=CARTESIAN_POINT('',(3.32855078934623,5.,21.6326933708605));
#1846=CARTESIAN_POINT('Origin',(9.08285658479193,5.,24.9549433708605));
#1847=CARTESIAN_POINT('',(8.39592021548747,5.,21.0591336283902));
#1848=CARTESIAN_POINT('Origin',(9.08285658479189,5.,24.9549433708605));
#1849=CARTESIAN_POINT('Origin',(32.0814567984368,5.,38.233191395193));
#1850=CARTESIAN_POINT('',(26.3271510029911,5.,34.910941395193));
#1851=CARTESIAN_POINT('Origin',(32.0814567984368,5.,38.233191395193));
#1852=CARTESIAN_POINT('',(29.0510547777987,5.,35.6903821773567));
#1853=CARTESIAN_POINT('Origin',(32.0814567984368,5.,38.233191395193));
#1854=CARTESIAN_POINT('Origin',(1.77635683940025E-14,5.,5.55111512312578E-15));
#1855=CARTESIAN_POINT('',(-5.75430579544568,5.,-3.32224999999999));
#1856=CARTESIAN_POINT('Origin',(1.77635683940025E-14,5.,5.55111512312578E-15));
#1857=CARTESIAN_POINT('',(1.97795444367405,5.,-3.42591759150012));
#1858=CARTESIAN_POINT('Origin',(-2.44249065417534E-14,5.,1.77635683940025E-14));
#1859=CARTESIAN_POINT('Origin',(58.2345,5.,33.6217042511233));
#1860=CARTESIAN_POINT('',(52.4801942045543,5.,30.2994542511233));
#1861=CARTESIAN_POINT('Origin',(58.2345,5.,33.6217042511233));
#1862=CARTESIAN_POINT('',(54.2785911126519,5.,33.6217042511233));
#1863=CARTESIAN_POINT('Origin',(58.2345,5.,33.6217042511233));
#1864=CARTESIAN_POINT('Origin',(42.1351936086817,3.27484085017649,-6.16679604807945));
#1865=CARTESIAN_POINT('',(43.6851936086817,2.54984085017649,-6.16679604807945));
#1866=CARTESIAN_POINT('Origin',(42.1351936086817,2.54984085017649,-6.16679604807945));
#1867=CARTESIAN_POINT('',(45.1351936086817,3.99984085017649,-6.16679604807945));
#1868=CARTESIAN_POINT('',(44.4101936086817,3.27484085017649,-6.16679604807945));
#1869=CARTESIAN_POINT('',(43.5547051552595,3.99984085017649,-8.80970864011349));
#1870=CARTESIAN_POINT('Origin',(42.1351936086817,3.99984085017649,-6.16679604807945));
#1871=CARTESIAN_POINT('Origin',(42.1351936086817,3.99984085017649,-6.16679604807945));
#1872=CARTESIAN_POINT('Origin',(38.823,3.99984085017649,0.));
#1873=CARTESIAN_POINT('',(17.2964893925198,3.99984085017649,-11.5874056203959));
#1874=CARTESIAN_POINT('',(32.2794393203558,3.99984085017649,-7.5618657507135));
#1875=CARTESIAN_POINT('',(28.512776042103,3.99984085017649,-8.57387295058439));
#1876=CARTESIAN_POINT('',(16.2469100113971,3.99984085017649,-12.0011993079378));
#1877=CARTESIAN_POINT('Origin',(18.5938530295618,3.99984085017649,-16.4161577980584));
#1878=CARTESIAN_POINT('',(12.2411093940318,3.99984085017649,-14.1306385341781));
#1879=CARTESIAN_POINT('',(26.3278094716168,3.99984085017649,-6.64230484541331));
#1880=CARTESIAN_POINT('',(10.1157061770904,3.99984085017649,-9.06438828252601));
#1881=CARTESIAN_POINT('Origin',(38.823,3.99984085017649,1.11022302462516E-15));
#1882=CARTESIAN_POINT('',(12.4450359612091,3.99984085017649,-9.94913691447047));
#1883=CARTESIAN_POINT('Origin',(11.6300117003752,3.99984085017649,-8.58624313495126));
#1884=CARTESIAN_POINT('',(28.8241895305272,3.99984085017649,-0.154237464839421));
#1885=CARTESIAN_POINT('',(36.290052636919,3.99984085017649,4.31042416265776));
#1886=CARTESIAN_POINT('',(34.0912948447405,3.99984085017649,8.80970864011349));
#1887=CARTESIAN_POINT('Origin',(38.823,3.99984085017649,0.));
#1888=CARTESIAN_POINT('',(38.5108063913183,3.99984085017649,6.16679604807945));
#1889=CARTESIAN_POINT('Origin',(35.5108063913183,3.99984085017649,6.16679604807945));
#1890=CARTESIAN_POINT('Origin',(35.5108063913183,3.99984085017649,6.16679604807945));
#1891=CARTESIAN_POINT('',(43.9559787975027,3.99984085017649,8.58210514176959));
#1892=CARTESIAN_POINT('Origin',(38.823,3.99984085017649,0.));
#1893=CARTESIAN_POINT('',(60.6281873330564,3.99984085017649,17.8694185004701));
#1894=CARTESIAN_POINT('',(49.5785006731317,3.99984085017649,11.7141510500102));
#1895=CARTESIAN_POINT('',(61.0266374338883,3.99984085017649,20.3290515832808));
#1896=CARTESIAN_POINT('Origin',(59.85539882775,3.99984085017649,19.2566971048125));
#1897=CARTESIAN_POINT('',(64.3514372452773,3.99984085017649,15.9552732782989));
#1898=CARTESIAN_POINT('Origin',(38.823,3.99984085017649,1.11022302462516E-15));
#1899=CARTESIAN_POINT('',(60.5043884708556,3.99984085017649,13.5508677942852));
#1900=CARTESIAN_POINT('',(60.3452967724193,3.99984085017649,13.4514354827625));
#1901=CARTESIAN_POINT('',(59.6212429349573,3.99984085017649,12.8488022307156));
#1902=CARTESIAN_POINT('Origin',(63.1543831708715,3.99984085017649,9.31087627425981));
#1903=CARTESIAN_POINT('',(48.6435481799475,3.99984085017649,1.88595690442032));
#1904=CARTESIAN_POINT('',(43.3523630685879,3.99984085017649,-3.39807086854717));
#1905=CARTESIAN_POINT('Origin',(38.823,3.99984085017649,0.));
#1906=CARTESIAN_POINT('Origin',(38.823,3.99984085017649,0.));
#1907=CARTESIAN_POINT('',(35.6562039519206,3.99984085017649,-3.31219360868168));
#1908=CARTESIAN_POINT('Origin',(32.6562039519206,3.99984085017649,-3.31219360868168));
#1909=CARTESIAN_POINT('',(47.9897960480795,3.99984085017649,3.31219360868167));
#1910=CARTESIAN_POINT('Origin',(44.9897960480795,3.99984085017649,3.31219360868167));
#1911=CARTESIAN_POINT('',(35.073,3.99984085017649,4.59242549680257E-16));
#1912=CARTESIAN_POINT('Origin',(38.823,3.99984085017649,0.));
#1913=CARTESIAN_POINT('Origin',(42.1351936086817,-1.00015914982351,-6.16679604807945));
#1914=CARTESIAN_POINT('',(43.6851936086817,-1.00015914982351,-6.16679604807945));
#1915=CARTESIAN_POINT('Origin',(42.1351936086817,-1.00015914982351,-6.16679604807945));
#1916=CARTESIAN_POINT('',(43.6851936086817,-1.00015914982351,-6.16679604807945));
#1917=CARTESIAN_POINT('Origin',(32.6562039519206,3.27484085017649,-3.31219360868168));
#1918=CARTESIAN_POINT('',(31.1062039519206,2.54984085017649,-3.31219360868168));
#1919=CARTESIAN_POINT('',(34.2062039519206,2.54984085017649,-3.31219360868168));
#1920=CARTESIAN_POINT('Origin',(32.6562039519206,2.54984085017649,-3.31219360868168));
#1921=CARTESIAN_POINT('',(34.9312039519206,3.27484085017649,-3.31219360868168));
#1922=CARTESIAN_POINT('Origin',(32.6562039519206,2.54984085017649,-3.31219360868168));
#1923=CARTESIAN_POINT('Origin',(32.6562039519206,-1.00015914982351,-3.31219360868168));
#1924=CARTESIAN_POINT('',(31.1062039519206,-1.00015914982351,-3.31219360868168));
#1925=CARTESIAN_POINT('Origin',(32.6562039519206,-1.00015914982351,-3.31219360868168));
#1926=CARTESIAN_POINT('',(31.1062039519206,-1.00015914982351,-3.31219360868168));
#1927=CARTESIAN_POINT('Origin',(35.5108063913183,3.27484085017649,6.16679604807945));
#1928=CARTESIAN_POINT('',(37.0608063913183,2.54984085017649,6.16679604807945));
#1929=CARTESIAN_POINT('Origin',(35.5108063913183,2.54984085017649,6.16679604807945));
#1930=CARTESIAN_POINT('',(37.7858063913183,3.27484085017649,6.16679604807945));
#1931=CARTESIAN_POINT('Origin',(35.5108063913183,-1.00015914982351,6.16679604807945));
#1932=CARTESIAN_POINT('',(37.0608063913183,-1.00015914982351,6.16679604807945));
#1933=CARTESIAN_POINT('Origin',(35.5108063913183,-1.00015914982351,6.16679604807945));
#1934=CARTESIAN_POINT('',(37.0608063913183,-1.00015914982351,6.16679604807945));
#1935=CARTESIAN_POINT('Origin',(44.9897960480795,3.27484085017649,3.31219360868167));
#1936=CARTESIAN_POINT('',(43.4397960480795,2.54984085017649,3.31219360868167));
#1937=CARTESIAN_POINT('',(46.5397960480795,2.54984085017649,3.31219360868167));
#1938=CARTESIAN_POINT('Origin',(44.9897960480795,2.54984085017649,3.31219360868167));
#1939=CARTESIAN_POINT('',(47.2647960480795,3.27484085017649,3.31219360868167));
#1940=CARTESIAN_POINT('Origin',(44.9897960480795,2.54984085017649,3.31219360868167));
#1941=CARTESIAN_POINT('Origin',(44.9897960480795,-1.00015914982351,3.31219360868167));
#1942=CARTESIAN_POINT('',(43.4397960480795,-1.00015914982351,3.31219360868167));
#1943=CARTESIAN_POINT('Origin',(44.9897960480795,-1.00015914982351,3.31219360868167));
#1944=CARTESIAN_POINT('',(43.4397960480795,-1.00015914982351,3.31219360868167));
#1945=CARTESIAN_POINT('Origin',(38.823,-1.00015914982351,0.));
#1946=CARTESIAN_POINT('',(35.073,-1.00015914982351,4.59242549680257E-16));
#1947=CARTESIAN_POINT('Origin',(38.823,-1.00015914982351,0.));
#1948=CARTESIAN_POINT('',(35.073,-1.00015914982351,4.59242549680257E-16));
#1949=CARTESIAN_POINT('Origin',(38.823,-1.00015914982351,0.));
#1950=CARTESIAN_POINT('',(28.8241895305272,-1.00015914982351,-0.154237464839421));
#1951=CARTESIAN_POINT('',(28.8241895305272,-1.00015914982351,-0.154237464839421));
#1952=CARTESIAN_POINT('',(43.9559787975027,-1.00015914982351,8.58210514176958));
#1953=CARTESIAN_POINT('Origin',(38.823,-1.00015914982351,0.));
#1954=CARTESIAN_POINT('',(43.9559787975027,-1.00015914982351,8.58210514176958));
#1955=CARTESIAN_POINT('Origin',(38.823,-1.00015914982351,0.));
#1956=CARTESIAN_POINT('',(32.2794393203558,-1.00015914982351,-7.5618657507135));
#1957=CARTESIAN_POINT('',(32.2794393203558,-1.00015914982351,-7.5618657507135));
#1958=CARTESIAN_POINT('',(48.6435481799475,-1.00015914982351,1.88595690442031));
#1959=CARTESIAN_POINT('',(48.6435481799475,-1.00015914982351,1.88595690442031));
#1960=CARTESIAN_POINT('Origin',(38.823,-1.00015914982351,0.));
#1961=CARTESIAN_POINT('Origin',(36.323,17.4998408501765,4.33012701892219));
#1962=CARTESIAN_POINT('',(12.4450359612091,-1.00015914982351,-9.94913691447047));
#1963=CARTESIAN_POINT('',(12.4450359612091,17.4998408501765,-9.94913691447047));
#1964=CARTESIAN_POINT('',(10.3438892668764,-1.00015914982351,-11.2056438830885));
#1965=CARTESIAN_POINT('Origin',(43.9210762113533,17.4998408501765,-2.83012701892218));
#1966=CARTESIAN_POINT('',(59.6212429349573,-1.00015914982351,12.8488022307156));
#1967=CARTESIAN_POINT('',(59.6212429349573,17.4998408501765,12.8488022307156));
#1968=CARTESIAN_POINT('',(60.022957600127,-1.00015914982351,13.2499735000798));
#1969=CARTESIAN_POINT('Origin',(63.1543831708715,17.4998408501765,9.31087627425981));
#1970=CARTESIAN_POINT('',(60.5043884708556,-1.00015914982351,13.5508677942852));
#1971=CARTESIAN_POINT('',(60.5043884708556,17.4998408501765,13.5508677942852));
#1972=CARTESIAN_POINT('Origin',(63.1543831708715,-1.00015914982351,9.31087627425981));
#1973=CARTESIAN_POINT('Origin',(81.8675935448387,17.4998408501765,26.9028709655251));
#1974=CARTESIAN_POINT('',(64.3514372452773,16.4998408501765,15.9552732782989));
#1975=CARTESIAN_POINT('',(64.3514372452773,16.4998408501765,15.9552732782989));
#1976=CARTESIAN_POINT('',(73.6808749899096,16.4998408501765,21.7861718686943));
#1977=CARTESIAN_POINT('',(60.3452967724193,16.4998408501765,13.4514354827625));
#1978=CARTESIAN_POINT('',(73.6808749899096,-1.00015914982351,21.7861718686943));
#1979=CARTESIAN_POINT('',(73.6808749899096,17.4998408501765,21.7861718686943));
#1980=CARTESIAN_POINT('',(71.3688023989957,-1.00015914982351,20.341126499373));
#1981=CARTESIAN_POINT('Origin',(38.823,16.4998408501765,0.));
#1982=CARTESIAN_POINT('',(12.2411093940318,16.4998408501765,-14.1306385341781));
#1983=CARTESIAN_POINT('Origin',(38.823,16.4998408501765,1.11022302462516E-15));
#1984=CARTESIAN_POINT('',(2.52668421554248,16.4998408501765,-19.2947193288576));
#1985=CARTESIAN_POINT('',(26.3278094716168,16.4998408501765,-6.64230484541331));
#1986=CARTESIAN_POINT('',(-5.93881832557706,16.4998408501765,-16.0183694781406));
#1987=CARTESIAN_POINT('Origin',(-0.289647406255171,16.4998408501765,-13.9967691407129));
#1988=CARTESIAN_POINT('',(-7.81965054031254,16.4998408501765,-9.20172218253064));
#1989=CARTESIAN_POINT('Origin',(38.823,16.4998408501765,0.));
#1990=CARTESIAN_POINT('',(-7.0028723685594,16.4998408501765,-8.21865058714509));
#1991=CARTESIAN_POINT('',(4.17020663770376,16.4998408501765,5.22923157219301));
#1992=CARTESIAN_POINT('',(3.87852050661684,16.4998408501765,-8.21865058714509));
#1993=CARTESIAN_POINT('',(24.6282696303459,16.4998408501765,-8.21865058714509));
#1994=CARTESIAN_POINT('',(3.87852050661684,16.4998408501765,8.21865058714509));
#1995=CARTESIAN_POINT('',(3.87852050661685,16.4998408501765,0.));
#1996=CARTESIAN_POINT('',(-7.0028723685594,16.4998408501765,8.21865058714509));
#1997=CARTESIAN_POINT('',(12.7536114065255,16.4998408501765,8.21865058714509));
#1998=CARTESIAN_POINT('',(-7.81965054031254,16.4998408501765,9.20172218253063));
#1999=CARTESIAN_POINT('',(4.17020663770376,16.4998408501765,-5.22923157219301));
#2000=CARTESIAN_POINT('',(-2.82209626545529,16.4998408501765,22.9323897051998));
#2001=CARTESIAN_POINT('Origin',(38.823,16.4998408501765,0.));
#2002=CARTESIAN_POINT('',(-1.56450164477432,16.4998408501765,23.1604513493677));
#2003=CARTESIAN_POINT('',(15.63870546905,16.4998408501765,26.2802100019728));
#2004=CARTESIAN_POINT('',(6.77112890064888,16.4998408501765,16.166026833073));
#2005=CARTESIAN_POINT('',(22.6663589129944,16.4998408501765,2.82834519223586));
#2006=CARTESIAN_POINT('',(17.3368224321686,16.4998408501765,28.7577300575111));
#2007=CARTESIAN_POINT('',(12.0539756664088,16.4998408501765,22.4618784452921));
#2008=CARTESIAN_POINT('',(9.00119188674543,16.4998408501765,35.7521545738057));
#2009=CARTESIAN_POINT('',(24.1355364982194,16.4998408501765,23.0529315922081));
#2010=CARTESIAN_POINT('',(9.00740974796167,16.4998408501765,37.0302459953043));
#2011=CARTESIAN_POINT('',(8.91613494347544,16.4998408501765,18.2685624266512));
#2012=CARTESIAN_POINT('',(21.6616613856987,16.4998408501765,44.336181584745));
#2013=CARTESIAN_POINT('Origin',(38.823,16.4998408501765,0.));
#2014=CARTESIAN_POINT('',(22.7716299556835,16.4998408501765,43.7025206997662));
#2015=CARTESIAN_POINT('',(37.9553933761605,16.4998408501765,35.0343860998289));
#2016=CARTESIAN_POINT('',(24.6611639989358,16.4998408501765,32.9864406327209));
#2017=CARTESIAN_POINT('',(28.2643201213173,16.4998408501765,12.5519268226142));
#2018=CARTESIAN_POINT('',(40.8487456339734,16.4998408501765,35.8407480273988));
#2019=CARTESIAN_POINT('',(32.7549548164546,16.4998408501765,34.4135943300599));
#2020=CARTESIAN_POINT('',(38.9592115907212,16.4998408501765,46.5568280944442));
#2021=CARTESIAN_POINT('',(42.3898889953709,16.4998408501765,27.1004897004808));
#2022=CARTESIAN_POINT('',(39.7855160785398,16.4998408501765,47.5319061615327));
#2023=CARTESIAN_POINT('',(27.6558177869767,16.4998408501765,33.2182930336093));
#2024=CARTESIAN_POINT('',(54.1754001015179,16.4998408501765,44.994581359016));
#2025=CARTESIAN_POINT('Origin',(38.823,16.4998408501765,0.));
#2026=CARTESIAN_POINT('',(54.6183759909841,16.4998408501765,43.7956949153283));
#2027=CARTESIAN_POINT('',(60.6780440649389,16.4998408501765,27.3955835777449));
#2028=CARTESIAN_POINT('',(49.177679553396,16.4998408501765,34.3721322568667));
#2029=CARTESIAN_POINT('',(38.8028049915315,16.4998408501765,16.4023223935635));
#2030=CARTESIAN_POINT('',(63.4127999399871,16.4998408501765,26.1534816697216));
#2031=CARTESIAN_POINT('',(56.2952397466916,16.4998408501765,30.2628069632942));
#2032=CARTESIAN_POINT('',(68.8534963775752,16.4998408501765,35.5770443281833));
#2033=CARTESIAN_POINT('',(58.9752544900328,16.4998408501765,18.4674274895047));
#2034=CARTESIAN_POINT('',(70.1132504387946,16.4998408501765,35.7928591764853));
#2035=CARTESIAN_POINT('',(51.6207492973574,16.4998408501765,32.6248151499379));
#2036=CARTESIAN_POINT('',(75.0762240580629,16.4998408501765,30.755687050464));
#2037=CARTESIAN_POINT('Origin',(38.823,16.4998408501765,0.));
#2038=CARTESIAN_POINT('Origin',(70.5008813498905,16.4998408501765,26.8741616927247));
#2039=CARTESIAN_POINT('Origin',(59.85539882775,17.4998408501765,19.2566971048125));
#2040=CARTESIAN_POINT('',(60.6281873330564,-1.00015914982351,17.8694185004701));
#2041=CARTESIAN_POINT('',(60.6281873330564,17.4998408501765,17.8694185004701));
#2042=CARTESIAN_POINT('',(61.0266374338883,-1.00015914982351,20.3290515832808));
#2043=CARTESIAN_POINT('Origin',(59.85539882775,-1.00015914982351,19.2566971048125));
#2044=CARTESIAN_POINT('',(61.0266374338883,17.4998408501765,20.3290515832808));
#2045=CARTESIAN_POINT('Origin',(62.7669276350781,17.4998408501765,19.0608114305308));
#2046=CARTESIAN_POINT('',(36.323,-1.00015914982351,4.33012701892219));
#2047=CARTESIAN_POINT('Origin',(25.7994310601534,23.0548596042514,26.5310073425674));
#2048=CARTESIAN_POINT('',(22.7716299556835,5.61844797500028,43.7025206997662));
#2049=CARTESIAN_POINT('',(22.7716299556835,17.4998408501765,43.7025206997662));
#2050=CARTESIAN_POINT('',(24.7734182746182,17.1462874595832,32.3498149998687));
#2051=CARTESIAN_POINT('Origin',(22.2166456706911,17.4998408501765,44.0193511422556));
#2052=CARTESIAN_POINT('',(21.6616613856987,4.80166980324712,44.336181584745));
#2053=CARTESIAN_POINT('',(21.6616613856987,17.4998408501765,44.336181584745));
#2054=CARTESIAN_POINT('',(24.8165995924636,7.12325325182249,42.5350846976688));
#2055=CARTESIAN_POINT('Origin',(9.00430081735355,17.4998408501765,36.391200284555));
#2056=CARTESIAN_POINT('',(9.00119188674543,5.61844797500027,35.7521545738057));
#2057=CARTESIAN_POINT('',(9.00119188674543,17.4998408501765,35.7521545738057));
#2058=CARTESIAN_POINT('',(9.00740974796166,4.80166980324712,37.0302459953043));
#2059=CARTESIAN_POINT('',(8.98973630346429,7.12325325182249,33.3974409173376));
#2060=CARTESIAN_POINT('',(9.00740974796166,17.4998408501765,37.0302459953043));
#2061=CARTESIAN_POINT('Origin',(4.16522623067897,-0.694456843389437,39.8100115721971));
#2062=CARTESIAN_POINT('',(4.16522623067897,-0.694456843389437,39.8100115721971));
#2063=CARTESIAN_POINT('Origin',(-0.262885621259619,0.421320343559661,32.7969522090363));
#2064=CARTESIAN_POINT('',(-1.56450164477432,5.61844797500026,23.1604513493677));
#2065=CARTESIAN_POINT('',(7.26633573355801,17.1462874595832,15.7504989622225));
#2066=CARTESIAN_POINT('',(-2.8220962654553,4.80166980324712,22.9323897051998));
#2067=CARTESIAN_POINT('',(0.752449379078411,7.12325325182248,23.5806246319714));
#2068=CARTESIAN_POINT('Origin',(38.823,51.4443203435596,0.));
#2069=CARTESIAN_POINT('',(4.67118275208365,6.86228916418581,28.6567772567605));
#2070=CARTESIAN_POINT('Origin',(8.27034375416236,11.5606601717798,25.6367225873686));
#2071=CARTESIAN_POINT('Origin',(11.7925645917487,23.0548596042514,11.9525419966907));
#2072=CARTESIAN_POINT('',(-1.56450164477432,17.4998408501765,23.1604513493677));
#2073=CARTESIAN_POINT('Origin',(-2.19329895511481,17.4998408501765,23.0464205272838));
#2074=CARTESIAN_POINT('',(-2.8220962654553,17.4998408501765,22.9323897051998));
#2075=CARTESIAN_POINT('Origin',(-7.41126145443597,17.4998408501765,8.71018638483786));
#2076=CARTESIAN_POINT('',(-7.0028723685594,5.61844797500025,8.21865058714509));
#2077=CARTESIAN_POINT('',(-7.0028723685594,17.4998408501765,8.21865058714509));
#2078=CARTESIAN_POINT('',(-7.81965054031254,4.80166980324711,9.20172218253064));
#2079=CARTESIAN_POINT('',(-5.49806709173717,7.12325325182248,6.40747176847642));
#2080=CARTESIAN_POINT('',(-7.81965054031254,17.4998408501765,9.20172218253064));
#2081=CARTESIAN_POINT('Origin',(-13.3157771869491,-0.694456843389437,8.21865058714509));
#2082=CARTESIAN_POINT('',(-13.3157771869491,-0.694456843389437,8.21865058714509));
#2083=CARTESIAN_POINT('Origin',(-12.2,0.421320343559661,0.));
#2084=CARTESIAN_POINT('',(-7.0028723685594,5.61844797500026,-8.21865058714509));
#2085=CARTESIAN_POINT('',(4.52496711602357,17.1462874595832,-8.21865058714509));
#2086=CARTESIAN_POINT('',(-7.81965054031254,4.80166980324712,-9.20172218253064));
#2087=CARTESIAN_POINT('',(-5.49806709173717,7.12325325182248,-6.40747176847642));
#2088=CARTESIAN_POINT('Origin',(38.823,51.4443203435596,0.));
#2089=CARTESIAN_POINT('',(-5.75903117937384,6.86228916418581,-8.13716565693459E-16));
#2090=CARTESIAN_POINT('Origin',(-1.06066017177982,11.5606601717798,0.));
#2091=CARTESIAN_POINT('Origin',(10.4335392606918,23.0548596042514,-8.21865058714509));
#2092=CARTESIAN_POINT('',(-7.0028723685594,17.4998408501765,-8.21865058714509));
#2093=CARTESIAN_POINT('Origin',(-7.41126145443597,17.4998408501765,-8.71018638483786));
#2094=CARTESIAN_POINT('',(-7.81965054031254,17.4998408501765,-9.20172218253064));
#2095=CARTESIAN_POINT('Origin',(38.823,17.4998408501765,0.));
#2096=CARTESIAN_POINT('',(-5.93881832557706,-1.00015914982351,-16.0183694781406));
#2097=CARTESIAN_POINT('',(-5.93881832557706,17.4998408501765,-16.0183694781406));
#2098=CARTESIAN_POINT('',(75.0762240580629,-1.00015914982351,30.755687050464));
#2099=CARTESIAN_POINT('Origin',(38.823,-1.00015914982351,0.));
#2100=CARTESIAN_POINT('',(75.0762240580629,17.4998408501765,30.755687050464));
#2101=CARTESIAN_POINT('',(70.1132504387946,4.80166980324712,35.7928591764853));
#2102=CARTESIAN_POINT('',(70.1132504387946,17.4998408501765,35.7928591764853));
#2103=CARTESIAN_POINT('',(54.1754001015179,4.80166980324712,44.994581359016));
#2104=CARTESIAN_POINT('Origin',(38.823,51.4443203435596,0.));
#2105=CARTESIAN_POINT('',(54.1754001015179,17.4998408501765,44.994581359016));
#2106=CARTESIAN_POINT('',(39.7855160785398,4.80166980324712,47.5319061615327));
#2107=CARTESIAN_POINT('',(39.7855160785398,17.4998408501765,47.5319061615327));
#2108=CARTESIAN_POINT('Origin',(38.823,51.4443203435596,0.));
#2109=CARTESIAN_POINT('Origin',(-0.289647406255171,17.4998408501765,-13.9967691407129));
#2110=CARTESIAN_POINT('',(2.52668421554248,-1.00015914982351,-19.2947193288576));
#2111=CARTESIAN_POINT('',(2.52668421554248,17.4998408501765,-19.2947193288576));
#2112=CARTESIAN_POINT('Origin',(-0.289647406255171,-1.00015914982351,-13.9967691407129));
#2113=CARTESIAN_POINT('Origin',(13.8326189432336,17.4998408501765,-13.2846096908266));
#2114=CARTESIAN_POINT('',(16.2469100113971,-1.00015914982351,-12.0011993079378));
#2115=CARTESIAN_POINT('',(16.2469100113971,17.4998408501765,-12.0011993079378));
#2116=CARTESIAN_POINT('',(38.823,-1.00015914982351,0.));
#2117=CARTESIAN_POINT('',(12.2411093940318,16.4998408501765,-14.1306385341781));
#2118=CARTESIAN_POINT('Origin',(11.6300117003752,17.4998408501765,-8.58624313495126));
#2119=CARTESIAN_POINT('',(10.1157061770904,-1.00015914982351,-9.06438828252601));
#2120=CARTESIAN_POINT('',(10.1157061770904,17.4998408501765,-9.06438828252601));
#2121=CARTESIAN_POINT('Origin',(11.6300117003752,-1.00015914982351,-8.58624313495126));
#2122=CARTESIAN_POINT('Origin',(38.823,17.4998408501765,0.));
#2123=CARTESIAN_POINT('Origin',(38.823,-1.00015914982351,0.));
#2124=CARTESIAN_POINT('Origin',(69.4833734081849,17.4998408501765,35.6849517523343));
#2125=CARTESIAN_POINT('',(68.8534963775752,5.61844797500025,35.5770443281833));
#2126=CARTESIAN_POINT('',(68.8534963775752,17.4998408501765,35.5770443281833));
#2127=CARTESIAN_POINT('',(66.5325668714007,7.12325325182248,35.1794341400407));
#2128=CARTESIAN_POINT('Origin',(54.396888046251,17.4998408501765,44.3951381371722));
#2129=CARTESIAN_POINT('',(54.6183759909842,5.61844797500028,43.7956949153283));
#2130=CARTESIAN_POINT('',(55.4345002203364,7.12325325182249,41.5869059085171));
#2131=CARTESIAN_POINT('',(54.6183759909841,17.4998408501765,43.7956949153283));
#2132=CARTESIAN_POINT('Origin',(39.3723638346305,17.4998408501765,47.0443671279884));
#2133=CARTESIAN_POINT('',(38.9592115907212,5.61844797500027,46.5568280944442));
#2134=CARTESIAN_POINT('',(38.9592115907212,17.4998408501765,46.5568280944442));
#2135=CARTESIAN_POINT('',(37.4368553420686,7.12325325182249,44.7603762897652));
#2136=CARTESIAN_POINT('Origin',(-2.44249065417534E-14,4.,1.77635683940025E-14));
#2137=CARTESIAN_POINT('',(-3.95590888734815,5.05916687216012,3.06790643170965E-14));
#2138=CARTESIAN_POINT('',(1.97795444367406,10.9930302031823,-3.42591759150012));
#2139=CARTESIAN_POINT('Origin',(-2.44249065417534E-14,9.01507575950824,
1.77635683940025E-14));
#2140=CARTESIAN_POINT('Origin',(-2.44249065417534E-14,9.01507575950824,
1.77635683940025E-14));
#2141=CARTESIAN_POINT('',(1.97795444367405,4.,-3.42591759150011));
#2142=CARTESIAN_POINT('Origin',(9.08285658479189,4.,24.9549433708605));
#2143=CARTESIAN_POINT('',(6.05245456415389,5.05916687216012,27.4977525886968));
#2144=CARTESIAN_POINT('',(8.39592021548747,10.9930302031823,21.0591336283901));
#2145=CARTESIAN_POINT('Origin',(9.08285658479189,9.01507575950822,24.9549433708605));
#2146=CARTESIAN_POINT('Origin',(9.08285658479189,9.01507575950822,24.9549433708605));
#2147=CARTESIAN_POINT('',(8.39592021548747,4.,21.0591336283901));
#2148=CARTESIAN_POINT('Origin',(32.0814567984368,4.,38.233191395193));
#2149=CARTESIAN_POINT('',(31.3945204291324,5.05916687216012,42.1290011376633));
#2150=CARTESIAN_POINT('',(29.0510547777988,10.9930302031823,35.6903821773568));
#2151=CARTESIAN_POINT('Origin',(32.0814567984368,9.01507575950824,38.233191395193));
#2152=CARTESIAN_POINT('Origin',(32.0814567984368,9.01507575950824,38.233191395193));
#2153=CARTESIAN_POINT('',(29.0510547777988,4.,35.6903821773568));
#2154=CARTESIAN_POINT('Origin',(5.44083312783989,14.4559088873481,0.));
#2155=CARTESIAN_POINT('Origin',(0.742462120245871,9.75753787975413,0.));
#2156=CARTESIAN_POINT('Origin',(13.2507765683113,14.4559088873481,21.457643249913));
#2157=CARTESIAN_POINT('Origin',(9.6516155662326,9.75753787975413,24.4776979193049));
#2158=CARTESIAN_POINT('Origin',(33.026247556076,14.4559088873481,32.8750167480506));
#2159=CARTESIAN_POINT('Origin',(32.2103839926042,9.75753787975413,37.5020089428569));
#2160=CARTESIAN_POINT('Origin',(58.2345,4.,33.6217042511233));
#2161=CARTESIAN_POINT('',(60.2124544436741,5.05916687216012,37.0476218426234));
#2162=CARTESIAN_POINT('',(54.2785911126519,10.9930302031823,33.6217042511233));
#2163=CARTESIAN_POINT('Origin',(58.2345,9.01507575950824,33.6217042511233));
#2164=CARTESIAN_POINT('Origin',(58.2345,9.01507575950824,33.6217042511233));
#2165=CARTESIAN_POINT('',(54.2785911126519,4.,33.6217042511233));
#2166=CARTESIAN_POINT('Origin',(55.5140834360801,14.4559088873481,28.909804544662));
#2167=CARTESIAN_POINT('Origin',(57.8632689398771,9.75753787975413,32.9787131936427));
#2168=CARTESIAN_POINT('Origin',(46.4990641973352,-1.00015914982351,36.7728973225284));
#2169=CARTESIAN_POINT('Origin',(70.5008813498905,-1.00015914982351,26.8741616927247));
#2170=CARTESIAN_POINT('',(17.2964893925198,-1.00015914982351,-11.5874056203959));
#2171=CARTESIAN_POINT('Origin',(18.5938530295618,-1.00015914982351,-16.4161577980584));
#2172=CARTESIAN_POINT('',(38.7249237886467,-1.00015914982351,-5.83012701892218));
#2173=CARTESIAN_POINT('',(26.3271510029911,-1.00015914982351,34.910941395193));
#2174=CARTESIAN_POINT('Origin',(32.0814567984368,-1.00015914982351,38.233191395193));
#2175=CARTESIAN_POINT('',(-5.75430579544568,-1.00015914982351,-3.32224999999999));
#2176=CARTESIAN_POINT('Origin',(0.,-1.00015914982351,0.));
#2177=CARTESIAN_POINT('',(52.4801942045543,-1.00015914982351,30.2994542511233));
#2178=CARTESIAN_POINT('Origin',(58.2345,-1.00015914982351,33.6217042511233));
#2179=CARTESIAN_POINT('',(3.32855078934623,-1.00015914982351,21.6326933708605));
#2180=CARTESIAN_POINT('Origin',(9.08285658479192,-1.00015914982351,24.9549433708605));
#2181=CARTESIAN_POINT('Origin',(70.5008813498905,17.4998408501765,26.8741616927247));
#2182=CARTESIAN_POINT('Origin',(9.08285658479193,0.,24.9549433708605));
#2183=CARTESIAN_POINT('',(3.32855078934623,0.,21.6326933708605));
#2184=CARTESIAN_POINT('Origin',(58.2345,0.,33.6217042511233));
#2185=CARTESIAN_POINT('',(52.4801942045543,0.,30.2994542511233));
#2186=CARTESIAN_POINT('Origin',(1.77635683940025E-14,0.,5.55111512312578E-15));
#2187=CARTESIAN_POINT('',(-5.75430579544569,0.,-3.32224999999999));
#2188=CARTESIAN_POINT('Origin',(32.0814567984368,0.,38.233191395193));
#2189=CARTESIAN_POINT('',(26.3271510029911,0.,34.910941395193));
#2190=CARTESIAN_POINT('Origin',(18.5938530295618,17.4998408501765,-16.4161577980584));
#2191=CARTESIAN_POINT('',(17.2964893925198,17.4998408501765,-11.5874056203959));
#2192=CARTESIAN_POINT('Origin',(16.748207549397,17.4998408501765,-11.7347150908235));
#2193=CARTESIAN_POINT('Origin',(72.0099487867701,-0.694456843389437,41.0441802725819));
#2194=CARTESIAN_POINT('',(72.0099487867701,-0.694456843389437,41.0441802725819));
#2195=CARTESIAN_POINT('Origin',(45.9001701763586,23.0548596042514,28.6953194935544));
#2196=CARTESIAN_POINT('',(48.8544562486927,17.1462874595832,33.8122930709302));
#2197=CARTESIAN_POINT('Origin',(37.862987173223,-0.694456843389437,52.7738257036225));
#2198=CARTESIAN_POINT('',(37.862987173223,-0.694456843389437,52.7738257036225));
#2199=CARTESIAN_POINT('Origin',(29.9629490309002,0.421320343559661,50.2478459819419));
#2200=CARTESIAN_POINT('',(31.0814115290115,6.86228916418581,43.9047299504794));
#2201=CARTESIAN_POINT('Origin',(31.8972750924833,11.5606601717798,39.277737755673));
#2202=CARTESIAN_POINT('Origin',(64.3345,0.421320343559661,44.1872141772934));
#2203=CARTESIAN_POINT('',(61.1140155896869,6.86228916418581,38.6091715536477));
#2204=CARTESIAN_POINT('Origin',(58.7648300858899,11.5606601717798,34.540262904667));
#2205=CARTESIAN_POINT('Origin',(8.82556085509255,10.8358757210636,25.1708401227547));
#2206=CARTESIAN_POINT('',(5.22639985301384,6.13750471346959,28.1908947921466));
#2207=CARTESIAN_POINT('Origin',(32.0231325915515,10.8358757210636,38.563964409345));
#2208=CARTESIAN_POINT('',(31.2072690280797,6.13750471346958,43.1909566041514));
#2209=CARTESIAN_POINT('Origin',(58.4024378605318,10.8358757210636,33.9125811580788));
#2210=CARTESIAN_POINT('',(60.7516233643288,6.13750471346959,37.9814898070595));
#2211=CARTESIAN_POINT('Origin',(-0.335875721063612,10.8358757210636,0.));
#2212=CARTESIAN_POINT('',(-5.03424672865763,6.13750471346959,8.13716565693459E-16));
#2213=UNCERTAINTY_MEASURE_WITH_UNIT(LENGTH_MEASURE(0.01),#2217,
'DISTANCE_ACCURACY_VALUE',
'Maximum model space distance between geometric entities at asserted c
onnectivities');
#2214=UNCERTAINTY_MEASURE_WITH_UNIT(LENGTH_MEASURE(0.01),#2217,
'DISTANCE_ACCURACY_VALUE',
'Maximum model space distance between geometric entities at asserted c
onnectivities');
#2215=(
GEOMETRIC_REPRESENTATION_CONTEXT(3)
GLOBAL_UNCERTAINTY_ASSIGNED_CONTEXT((#2213))
GLOBAL_UNIT_ASSIGNED_CONTEXT((#2217,#2219,#2220))
REPRESENTATION_CONTEXT('','3D')
);
#2216=(
GEOMETRIC_REPRESENTATION_CONTEXT(3)
GLOBAL_UNCERTAINTY_ASSIGNED_CONTEXT((#2214))
GLOBAL_UNIT_ASSIGNED_CONTEXT((#2217,#2219,#2220))
REPRESENTATION_CONTEXT('','3D')
);
#2217=(
LENGTH_UNIT()
NAMED_UNIT(*)
SI_UNIT(.MILLI.,.METRE.)
);
#2218=(
LENGTH_UNIT()
NAMED_UNIT(*)
SI_UNIT($,.METRE.)
);
#2219=(
NAMED_UNIT(*)
PLANE_ANGLE_UNIT()
SI_UNIT($,.RADIAN.)
);
#2220=(
NAMED_UNIT(*)
SI_UNIT($,.STERADIAN.)
SOLID_ANGLE_UNIT()
);
#2221=SHAPE_DEFINITION_REPRESENTATION(#2222,#2223);
#2222=PRODUCT_DEFINITION_SHAPE('',$,#2225);
#2223=SHAPE_REPRESENTATION('',(#1297),#2215);
#2224=PRODUCT_DEFINITION_CONTEXT('part definition',#2229,'design');
#2225=PRODUCT_DEFINITION('beamsplitter rotary inner','rotaryinner-1 v1',
#2226,#2224);
#2226=PRODUCT_DEFINITION_FORMATION('',$,#2231);
#2227=PRODUCT_RELATED_PRODUCT_CATEGORY('rotaryinner-1 v1',
'rotaryinner-1 v1',(#2231));
#2228=APPLICATION_PROTOCOL_DEFINITION('international standard',
'automotive_design',2009,#2229);
#2229=APPLICATION_CONTEXT(
'Core Data for Automotive Mechanical Design Process');
#2230=PRODUCT_CONTEXT('part definition',#2229,'mechanical');
#2231=PRODUCT('beamsplitter rotary inner','rotaryinner-1 v1',$,(#2230));
#2232=PRESENTATION_STYLE_ASSIGNMENT((#2234));
#2233=PRESENTATION_STYLE_ASSIGNMENT((#2235));
#2234=SURFACE_STYLE_USAGE(.BOTH.,#2236);
#2235=SURFACE_STYLE_USAGE(.BOTH.,#2237);
#2236=SURFACE_SIDE_STYLE('',(#2238));
#2237=SURFACE_SIDE_STYLE('',(#2239));
#2238=SURFACE_STYLE_FILL_AREA(#2240);
#2239=SURFACE_STYLE_FILL_AREA(#2241);
#2240=FILL_AREA_STYLE('Default',(#2242));
#2241=FILL_AREA_STYLE('Opaque(191,191,191)',(#2243));
#2242=FILL_AREA_STYLE_COLOUR('Default',#2244);
#2243=FILL_AREA_STYLE_COLOUR('Opaque(191,191,191)',#2245);
#2244=COLOUR_RGB('Default',0.749019607843137,0.749019607843137,0.749019607843137);
#2245=COLOUR_RGB('Opaque(191,191,191)',0.749019607843137,0.749019607843137,
0.749019607843137);
ENDSEC;
END-ISO-10303-21;
