ISO-10303-21;
HEADER;
/* Generated by software containing ST-Developer
 * from STEP Tools, Inc. (www.steptools.com) 
 */

FILE_DESCRIPTION(
/* description */ (''),
/* implementation_level */ '2;1');

FILE_NAME(
/* name */ 'dichroicholder.step',
/* time_stamp */ '2025-11-19T19:19:07-08:00',
/* author */ (''),
/* organization */ (''),
/* preprocessor_version */ 'ST-DEVELOPER v20.1',
/* originating_system */ 'Autodesk Translation Framework v14.21.0.0',
/* authorisation */ '');

FILE_SCHEMA (('AUTOMOTIVE_DESIGN { 1 0 10303 214 3 1 1 }'));
ENDSEC;

DATA;
#10=MECHANICAL_DESIGN_GEOMETRIC_PRESENTATION_REPRESENTATION('',(#13),#2921);
#11=SHAPE_REPRESENTATION_RELATIONSHIP('SRR','None',#2928,#12);
#12=ADVANCED_BREP_SHAPE_REPRESENTATION('',(#14),#2920);
#13=STYLED_ITEM('',(#2939),#14);
#14=MANIFOLD_SOLID_BREP('dichroic holder',#1535);
#15=CONICAL_SURFACE('',#1616,2.275,0.785398163397447);
#16=CONICAL_SURFACE('',#1620,2.275,0.785398163397448);
#17=CONICAL_SURFACE('',#1624,2.275,0.785398163397448);
#18=CONICAL_SURFACE('',#1642,2.275,0.785398163397448);
#19=FACE_BOUND('',#258,.T.);
#20=FACE_BOUND('',#260,.T.);
#21=FACE_BOUND('',#278,.T.);
#22=FACE_BOUND('',#284,.T.);
#23=FACE_BOUND('',#293,.T.);
#24=FACE_BOUND('',#294,.T.);
#25=FACE_BOUND('',#295,.T.);
#26=FACE_BOUND('',#298,.T.);
#27=FACE_BOUND('',#300,.T.);
#28=FACE_BOUND('',#302,.T.);
#29=FACE_BOUND('',#304,.T.);
#30=FACE_BOUND('',#306,.T.);
#31=FACE_BOUND('',#307,.T.);
#32=FACE_BOUND('',#308,.T.);
#33=FACE_BOUND('',#309,.T.);
#34=FACE_BOUND('',#310,.T.);
#35=FACE_BOUND('',#317,.T.);
#36=FACE_BOUND('',#318,.T.);
#37=FACE_BOUND('',#319,.T.);
#38=FACE_BOUND('',#320,.T.);
#39=FACE_BOUND('',#321,.T.);
#40=FACE_BOUND('',#322,.T.);
#41=FACE_BOUND('',#323,.T.);
#42=FACE_BOUND('',#324,.T.);
#43=FACE_BOUND('',#325,.T.);
#44=FACE_BOUND('',#326,.T.);
#45=FACE_BOUND('',#332,.T.);
#46=FACE_BOUND('',#333,.T.);
#47=FACE_BOUND('',#334,.T.);
#48=FACE_BOUND('',#335,.T.);
#49=FACE_BOUND('',#336,.T.);
#50=ELLIPSE('',#1573,67.2340470379434,47.5416505871451);
#51=ELLIPSE('',#1575,67.2340470379434,47.5416505871451);
#52=ELLIPSE('',#1580,5.59450000000002,3.95590888734815);
#53=ELLIPSE('',#1581,5.59450000000002,3.95590888734815);
#54=ELLIPSE('',#1585,5.59450000000002,3.95590888734815);
#55=ELLIPSE('',#1586,5.59450000000002,3.95590888734815);
#56=ELLIPSE('',#1588,5.59450000000002,3.95590888734816);
#57=ELLIPSE('',#1589,5.59450000000002,3.95590888734816);
#58=ELLIPSE('',#1591,5.59450000000002,3.95590888734816);
#59=ELLIPSE('',#1592,5.59450000000002,3.95590888734816);
#60=ELLIPSE('',#1605,67.2340470379434,47.5416505871451);
#61=ELLIPSE('',#1611,67.2340470379434,47.5416505871451);
#62=CIRCLE('',#1555,47.5416505871451);
#63=CIRCLE('',#1556,55.8416505871451);
#64=CIRCLE('',#1558,55.8416505871451);
#65=CIRCLE('',#1561,6.6445);
#66=CIRCLE('',#1562,6.6445);
#67=CIRCLE('',#1564,6.6445);
#68=CIRCLE('',#1565,6.6445);
#69=CIRCLE('',#1567,6.6445);
#70=CIRCLE('',#1568,6.6445);
#71=CIRCLE('',#1570,6.6445);
#72=CIRCLE('',#1571,6.6445);
#73=CIRCLE('',#1583,3.95590888734815);
#74=CIRCLE('',#1594,3.95590888734815);
#75=CIRCLE('',#1596,3.95590888734815);
#76=CIRCLE('',#1598,3.95590888734815);
#77=CIRCLE('',#1617,1.55);
#78=CIRCLE('',#1618,3.);
#79=CIRCLE('',#1619,1.55);
#80=CIRCLE('',#1621,1.55);
#81=CIRCLE('',#1622,3.);
#82=CIRCLE('',#1623,3.);
#83=CIRCLE('',#1625,1.55);
#84=CIRCLE('',#1626,3.);
#85=CIRCLE('',#1627,1.55);
#86=CIRCLE('',#1629,5.);
#87=CIRCLE('',#1630,30.1043494128549);
#88=CIRCLE('',#1631,1.588);
#89=CIRCLE('',#1632,10.);
#90=CIRCLE('',#1633,10.);
#91=CIRCLE('',#1634,1.588);
#92=CIRCLE('',#1635,30.1043494128549);
#93=CIRCLE('',#1636,5.);
#94=CIRCLE('',#1637,10.);
#95=CIRCLE('',#1638,3.);
#96=CIRCLE('',#1639,3.);
#97=CIRCLE('',#1640,10.);
#98=CIRCLE('',#1641,3.75);
#99=CIRCLE('',#1643,1.55);
#100=CIRCLE('',#1645,6.6445);
#101=CIRCLE('',#1647,6.6445);
#102=CIRCLE('',#1649,6.6445);
#103=CIRCLE('',#1651,6.6445);
#104=CIRCLE('',#1653,47.5416505871451);
#105=CIRCLE('',#1654,47.5416505871451);
#106=CIRCLE('',#1655,47.5416505871451);
#107=CIRCLE('',#1656,47.5416505871451);
#108=CIRCLE('',#1657,47.5416505871451);
#109=CIRCLE('',#1663,30.1043494128549);
#110=CIRCLE('',#1665,5.);
#111=CIRCLE('',#1666,10.);
#112=CIRCLE('',#1667,5.);
#113=CIRCLE('',#1668,1.588);
#114=CIRCLE('',#1669,30.1043494128549);
#115=CIRCLE('',#1670,1.588);
#116=CIRCLE('',#1671,10.);
#117=CIRCLE('',#1672,6.64449999999999);
#118=CIRCLE('',#1673,6.64449999999999);
#119=CIRCLE('',#1674,6.64449999999999);
#120=CIRCLE('',#1675,6.64449999999999);
#121=CIRCLE('',#1676,1.55);
#122=CIRCLE('',#1677,1.55);
#123=CIRCLE('',#1678,3.75);
#124=CIRCLE('',#1679,1.55);
#125=CIRCLE('',#1680,1.55);
#126=PLANE('',#1554);
#127=PLANE('',#1559);
#128=PLANE('',#1572);
#129=PLANE('',#1574);
#130=PLANE('',#1576);
#131=PLANE('',#1577);
#132=PLANE('',#1578);
#133=PLANE('',#1579);
#134=PLANE('',#1584);
#135=PLANE('',#1587);
#136=PLANE('',#1590);
#137=PLANE('',#1599);
#138=PLANE('',#1600);
#139=PLANE('',#1601);
#140=PLANE('',#1602);
#141=PLANE('',#1603);
#142=PLANE('',#1604);
#143=PLANE('',#1606);
#144=PLANE('',#1607);
#145=PLANE('',#1608);
#146=PLANE('',#1609);
#147=PLANE('',#1610);
#148=PLANE('',#1612);
#149=PLANE('',#1613);
#150=PLANE('',#1614);
#151=PLANE('',#1615);
#152=PLANE('',#1628);
#153=PLANE('',#1644);
#154=PLANE('',#1646);
#155=PLANE('',#1648);
#156=PLANE('',#1650);
#157=PLANE('',#1658);
#158=PLANE('',#1659);
#159=PLANE('',#1660);
#160=PLANE('',#1661);
#161=PLANE('',#1662);
#162=PLANE('',#1664);
#163=PLANE('',#1682);
#164=PLANE('',#1683);
#165=PLANE('',#1686);
#166=PLANE('',#1694);
#167=PLANE('',#1697);
#168=FACE_OUTER_BOUND('',#245,.T.);
#169=FACE_OUTER_BOUND('',#246,.T.);
#170=FACE_OUTER_BOUND('',#247,.T.);
#171=FACE_OUTER_BOUND('',#248,.T.);
#172=FACE_OUTER_BOUND('',#249,.T.);
#173=FACE_OUTER_BOUND('',#250,.T.);
#174=FACE_OUTER_BOUND('',#251,.T.);
#175=FACE_OUTER_BOUND('',#252,.T.);
#176=FACE_OUTER_BOUND('',#253,.T.);
#177=FACE_OUTER_BOUND('',#254,.T.);
#178=FACE_OUTER_BOUND('',#255,.T.);
#179=FACE_OUTER_BOUND('',#256,.T.);
#180=FACE_OUTER_BOUND('',#257,.T.);
#181=FACE_OUTER_BOUND('',#259,.T.);
#182=FACE_OUTER_BOUND('',#261,.T.);
#183=FACE_OUTER_BOUND('',#262,.T.);
#184=FACE_OUTER_BOUND('',#263,.T.);
#185=FACE_OUTER_BOUND('',#264,.T.);
#186=FACE_OUTER_BOUND('',#265,.T.);
#187=FACE_OUTER_BOUND('',#266,.T.);
#188=FACE_OUTER_BOUND('',#267,.T.);
#189=FACE_OUTER_BOUND('',#268,.T.);
#190=FACE_OUTER_BOUND('',#269,.T.);
#191=FACE_OUTER_BOUND('',#270,.T.);
#192=FACE_OUTER_BOUND('',#271,.T.);
#193=FACE_OUTER_BOUND('',#272,.T.);
#194=FACE_OUTER_BOUND('',#273,.T.);
#195=FACE_OUTER_BOUND('',#274,.T.);
#196=FACE_OUTER_BOUND('',#275,.T.);
#197=FACE_OUTER_BOUND('',#276,.T.);
#198=FACE_OUTER_BOUND('',#277,.T.);
#199=FACE_OUTER_BOUND('',#279,.T.);
#200=FACE_OUTER_BOUND('',#280,.T.);
#201=FACE_OUTER_BOUND('',#281,.T.);
#202=FACE_OUTER_BOUND('',#282,.T.);
#203=FACE_OUTER_BOUND('',#283,.T.);
#204=FACE_OUTER_BOUND('',#285,.T.);
#205=FACE_OUTER_BOUND('',#286,.T.);
#206=FACE_OUTER_BOUND('',#287,.T.);
#207=FACE_OUTER_BOUND('',#288,.T.);
#208=FACE_OUTER_BOUND('',#289,.T.);
#209=FACE_OUTER_BOUND('',#290,.T.);
#210=FACE_OUTER_BOUND('',#291,.T.);
#211=FACE_OUTER_BOUND('',#292,.T.);
#212=FACE_OUTER_BOUND('',#296,.T.);
#213=FACE_OUTER_BOUND('',#297,.T.);
#214=FACE_OUTER_BOUND('',#299,.T.);
#215=FACE_OUTER_BOUND('',#301,.T.);
#216=FACE_OUTER_BOUND('',#303,.T.);
#217=FACE_OUTER_BOUND('',#305,.T.);
#218=FACE_OUTER_BOUND('',#311,.T.);
#219=FACE_OUTER_BOUND('',#312,.T.);
#220=FACE_OUTER_BOUND('',#313,.T.);
#221=FACE_OUTER_BOUND('',#314,.T.);
#222=FACE_OUTER_BOUND('',#315,.T.);
#223=FACE_OUTER_BOUND('',#316,.T.);
#224=FACE_OUTER_BOUND('',#327,.T.);
#225=FACE_OUTER_BOUND('',#328,.T.);
#226=FACE_OUTER_BOUND('',#329,.T.);
#227=FACE_OUTER_BOUND('',#330,.T.);
#228=FACE_OUTER_BOUND('',#331,.T.);
#229=FACE_OUTER_BOUND('',#337,.T.);
#230=FACE_OUTER_BOUND('',#338,.T.);
#231=FACE_OUTER_BOUND('',#339,.T.);
#232=FACE_OUTER_BOUND('',#340,.T.);
#233=FACE_OUTER_BOUND('',#341,.T.);
#234=FACE_OUTER_BOUND('',#342,.T.);
#235=FACE_OUTER_BOUND('',#343,.T.);
#236=FACE_OUTER_BOUND('',#344,.T.);
#237=FACE_OUTER_BOUND('',#345,.T.);
#238=FACE_OUTER_BOUND('',#346,.T.);
#239=FACE_OUTER_BOUND('',#347,.T.);
#240=FACE_OUTER_BOUND('',#348,.T.);
#241=FACE_OUTER_BOUND('',#349,.T.);
#242=FACE_OUTER_BOUND('',#350,.T.);
#243=FACE_OUTER_BOUND('',#351,.T.);
#244=FACE_OUTER_BOUND('',#352,.T.);
#245=EDGE_LOOP('',(#987,#988,#989,#990,#991,#992));
#246=EDGE_LOOP('',(#993,#994,#995,#996,#997,#998));
#247=EDGE_LOOP('',(#999,#1000,#1001,#1002,#1003,#1004));
#248=EDGE_LOOP('',(#1005,#1006,#1007,#1008,#1009,#1010));
#249=EDGE_LOOP('',(#1011,#1012,#1013,#1014,#1015,#1016));
#250=EDGE_LOOP('',(#1017,#1018,#1019,#1020));
#251=EDGE_LOOP('',(#1021,#1022,#1023,#1024));
#252=EDGE_LOOP('',(#1025,#1026,#1027,#1028,#1029,#1030,#1031,#1032));
#253=EDGE_LOOP('',(#1033,#1034,#1035,#1036));
#254=EDGE_LOOP('',(#1037,#1038,#1039,#1040));
#255=EDGE_LOOP('',(#1041,#1042,#1043,#1044));
#256=EDGE_LOOP('',(#1045,#1046,#1047,#1048));
#257=EDGE_LOOP('',(#1049,#1050,#1051,#1052,#1053,#1054));
#258=EDGE_LOOP('',(#1055));
#259=EDGE_LOOP('',(#1056,#1057,#1058,#1059,#1060,#1061));
#260=EDGE_LOOP('',(#1062));
#261=EDGE_LOOP('',(#1063,#1064,#1065,#1066));
#262=EDGE_LOOP('',(#1067,#1068,#1069,#1070));
#263=EDGE_LOOP('',(#1071,#1072,#1073,#1074));
#264=EDGE_LOOP('',(#1075,#1076,#1077));
#265=EDGE_LOOP('',(#1078,#1079,#1080,#1081,#1082));
#266=EDGE_LOOP('',(#1083,#1084,#1085));
#267=EDGE_LOOP('',(#1086,#1087,#1088));
#268=EDGE_LOOP('',(#1089,#1090,#1091));
#269=EDGE_LOOP('',(#1092,#1093,#1094,#1095,#1096));
#270=EDGE_LOOP('',(#1097,#1098,#1099,#1100,#1101));
#271=EDGE_LOOP('',(#1102,#1103,#1104,#1105,#1106));
#272=EDGE_LOOP('',(#1107,#1108,#1109,#1110));
#273=EDGE_LOOP('',(#1111,#1112,#1113,#1114));
#274=EDGE_LOOP('',(#1115,#1116,#1117,#1118));
#275=EDGE_LOOP('',(#1119,#1120,#1121,#1122));
#276=EDGE_LOOP('',(#1123,#1124,#1125,#1126));
#277=EDGE_LOOP('',(#1127,#1128,#1129,#1130,#1131,#1132));
#278=EDGE_LOOP('',(#1133));
#279=EDGE_LOOP('',(#1134,#1135,#1136,#1137));
#280=EDGE_LOOP('',(#1138,#1139,#1140,#1141));
#281=EDGE_LOOP('',(#1142,#1143,#1144,#1145));
#282=EDGE_LOOP('',(#1146,#1147,#1148,#1149));
#283=EDGE_LOOP('',(#1150,#1151,#1152,#1153,#1154,#1155));
#284=EDGE_LOOP('',(#1156));
#285=EDGE_LOOP('',(#1157,#1158,#1159,#1160));
#286=EDGE_LOOP('',(#1161,#1162,#1163,#1164));
#287=EDGE_LOOP('',(#1165,#1166,#1167,#1168));
#288=EDGE_LOOP('',(#1169,#1170,#1171,#1172));
#289=EDGE_LOOP('',(#1173,#1174,#1175,#1176,#1177));
#290=EDGE_LOOP('',(#1178,#1179,#1180,#1181,#1182));
#291=EDGE_LOOP('',(#1183,#1184,#1185,#1186,#1187));
#292=EDGE_LOOP('',(#1188,#1189,#1190,#1191,#1192,#1193,#1194,#1195,#1196,
#1197,#1198,#1199,#1200,#1201,#1202,#1203,#1204,#1205,#1206,#1207));
#293=EDGE_LOOP('',(#1208));
#294=EDGE_LOOP('',(#1209));
#295=EDGE_LOOP('',(#1210));
#296=EDGE_LOOP('',(#1211,#1212,#1213,#1214,#1215));
#297=EDGE_LOOP('',(#1216));
#298=EDGE_LOOP('',(#1217));
#299=EDGE_LOOP('',(#1218));
#300=EDGE_LOOP('',(#1219));
#301=EDGE_LOOP('',(#1220));
#302=EDGE_LOOP('',(#1221));
#303=EDGE_LOOP('',(#1222));
#304=EDGE_LOOP('',(#1223));
#305=EDGE_LOOP('',(#1224,#1225,#1226,#1227,#1228,#1229,#1230,#1231,#1232,
#1233,#1234,#1235,#1236,#1237,#1238,#1239,#1240,#1241,#1242,#1243));
#306=EDGE_LOOP('',(#1244,#1245));
#307=EDGE_LOOP('',(#1246,#1247));
#308=EDGE_LOOP('',(#1248,#1249));
#309=EDGE_LOOP('',(#1250,#1251));
#310=EDGE_LOOP('',(#1252,#1253));
#311=EDGE_LOOP('',(#1254,#1255,#1256,#1257));
#312=EDGE_LOOP('',(#1258,#1259,#1260,#1261));
#313=EDGE_LOOP('',(#1262,#1263,#1264,#1265));
#314=EDGE_LOOP('',(#1266,#1267,#1268,#1269));
#315=EDGE_LOOP('',(#1270,#1271,#1272,#1273,#1274,#1275,#1276,#1277,#1278,
#1279,#1280,#1281,#1282,#1283,#1284,#1285,#1286,#1287,#1288,#1289,#1290,
#1291,#1292,#1293,#1294,#1295,#1296,#1297));
#316=EDGE_LOOP('',(#1298,#1299,#1300,#1301,#1302,#1303,#1304,#1305));
#317=EDGE_LOOP('',(#1306,#1307,#1308,#1309,#1310,#1311));
#318=EDGE_LOOP('',(#1312));
#319=EDGE_LOOP('',(#1313));
#320=EDGE_LOOP('',(#1314));
#321=EDGE_LOOP('',(#1315));
#322=EDGE_LOOP('',(#1316));
#323=EDGE_LOOP('',(#1317));
#324=EDGE_LOOP('',(#1318));
#325=EDGE_LOOP('',(#1319));
#326=EDGE_LOOP('',(#1320));
#327=EDGE_LOOP('',(#1321,#1322,#1323,#1324));
#328=EDGE_LOOP('',(#1325,#1326,#1327,#1328));
#329=EDGE_LOOP('',(#1329,#1330,#1331,#1332));
#330=EDGE_LOOP('',(#1333,#1334,#1335,#1336));
#331=EDGE_LOOP('',(#1337,#1338,#1339,#1340,#1341,#1342,#1343,#1344));
#332=EDGE_LOOP('',(#1345,#1346));
#333=EDGE_LOOP('',(#1347,#1348));
#334=EDGE_LOOP('',(#1349,#1350));
#335=EDGE_LOOP('',(#1351,#1352));
#336=EDGE_LOOP('',(#1353,#1354));
#337=EDGE_LOOP('',(#1355,#1356,#1357,#1358,#1359,#1360,#1361,#1362));
#338=EDGE_LOOP('',(#1363,#1364,#1365,#1366));
#339=EDGE_LOOP('',(#1367,#1368,#1369,#1370,#1371));
#340=EDGE_LOOP('',(#1372,#1373,#1374,#1375));
#341=EDGE_LOOP('',(#1376,#1377,#1378,#1379,#1380));
#342=EDGE_LOOP('',(#1381,#1382,#1383,#1384));
#343=EDGE_LOOP('',(#1385,#1386,#1387,#1388,#1389));
#344=EDGE_LOOP('',(#1390,#1391,#1392,#1393,#1394));
#345=EDGE_LOOP('',(#1395,#1396,#1397,#1398));
#346=EDGE_LOOP('',(#1399,#1400,#1401,#1402));
#347=EDGE_LOOP('',(#1403,#1404,#1405,#1406));
#348=EDGE_LOOP('',(#1407,#1408,#1409,#1410));
#349=EDGE_LOOP('',(#1411,#1412,#1413,#1414));
#350=EDGE_LOOP('',(#1415,#1416,#1417,#1418));
#351=EDGE_LOOP('',(#1419,#1420,#1421,#1422));
#352=EDGE_LOOP('',(#1423,#1424,#1425,#1426));
#353=LINE('',#2175,#477);
#354=LINE('',#2253,#478);
#355=LINE('',#2331,#479);
#356=LINE('',#2409,#480);
#357=LINE('',#2487,#481);
#358=LINE('',#2530,#482);
#359=LINE('',#2533,#483);
#360=LINE('',#2536,#484);
#361=LINE('',#2539,#485);
#362=LINE('',#2542,#486);
#363=LINE('',#2544,#487);
#364=LINE('',#2546,#488);
#365=LINE('',#2548,#489);
#366=LINE('',#2550,#490);
#367=LINE('',#2551,#491);
#368=LINE('',#2556,#492);
#369=LINE('',#2562,#493);
#370=LINE('',#2568,#494);
#371=LINE('',#2574,#495);
#372=LINE('',#2579,#496);
#373=LINE('',#2581,#497);
#374=LINE('',#2583,#498);
#375=LINE('',#2587,#499);
#376=LINE('',#2588,#500);
#377=LINE('',#2592,#501);
#378=LINE('',#2594,#502);
#379=LINE('',#2596,#503);
#380=LINE('',#2600,#504);
#381=LINE('',#2601,#505);
#382=LINE('',#2604,#506);
#383=LINE('',#2606,#507);
#384=LINE('',#2607,#508);
#385=LINE('',#2610,#509);
#386=LINE('',#2612,#510);
#387=LINE('',#2613,#511);
#388=LINE('',#2616,#512);
#389=LINE('',#2618,#513);
#390=LINE('',#2619,#514);
#391=LINE('',#2626,#515);
#392=LINE('',#2642,#516);
#393=LINE('',#2646,#517);
#394=LINE('',#2650,#518);
#395=LINE('',#2654,#519);
#396=LINE('',#2655,#520);
#397=LINE('',#2658,#521);
#398=LINE('',#2659,#522);
#399=LINE('',#2662,#523);
#400=LINE('',#2663,#524);
#401=LINE('',#2667,#525);
#402=LINE('',#2669,#526);
#403=LINE('',#2671,#527);
#404=LINE('',#2672,#528);
#405=LINE('',#2675,#529);
#406=LINE('',#2677,#530);
#407=LINE('',#2678,#531);
#408=LINE('',#2681,#532);
#409=LINE('',#2685,#533);
#410=LINE('',#2686,#534);
#411=LINE('',#2689,#535);
#412=LINE('',#2691,#536);
#413=LINE('',#2692,#537);
#414=LINE('',#2695,#538);
#415=LINE('',#2696,#539);
#416=LINE('',#2700,#540);
#417=LINE('',#2702,#541);
#418=LINE('',#2704,#542);
#419=LINE('',#2705,#543);
#420=LINE('',#2708,#544);
#421=LINE('',#2710,#545);
#422=LINE('',#2711,#546);
#423=LINE('',#2714,#547);
#424=LINE('',#2718,#548);
#425=LINE('',#2719,#549);
#426=LINE('',#2722,#550);
#427=LINE('',#2724,#551);
#428=LINE('',#2725,#552);
#429=LINE('',#2728,#553);
#430=LINE('',#2729,#554);
#431=LINE('',#2732,#555);
#432=LINE('',#2734,#556);
#433=LINE('',#2735,#557);
#434=LINE('',#2738,#558);
#435=LINE('',#2739,#559);
#436=LINE('',#2745,#560);
#437=LINE('',#2752,#561);
#438=LINE('',#2761,#562);
#439=LINE('',#2767,#563);
#440=LINE('',#2774,#564);
#441=LINE('',#2779,#565);
#442=LINE('',#2785,#566);
#443=LINE('',#2789,#567);
#444=LINE('',#2801,#568);
#445=LINE('',#2816,#569);
#446=LINE('',#2823,#570);
#447=LINE('',#2825,#571);
#448=LINE('',#2827,#572);
#449=LINE('',#2829,#573);
#450=LINE('',#2832,#574);
#451=LINE('',#2838,#575);
#452=LINE('',#2842,#576);
#453=LINE('',#2845,#577);
#454=LINE('',#2848,#578);
#455=LINE('',#2856,#579);
#456=LINE('',#2877,#580);
#457=LINE('',#2879,#581);
#458=LINE('',#2881,#582);
#459=LINE('',#2882,#583);
#460=LINE('',#2884,#584);
#461=LINE('',#2886,#585);
#462=LINE('',#2887,#586);
#463=LINE('',#2889,#587);
#464=LINE('',#2891,#588);
#465=LINE('',#2893,#589);
#466=LINE('',#2895,#590);
#467=LINE('',#2897,#591);
#468=LINE('',#2899,#592);
#469=LINE('',#2901,#593);
#470=LINE('',#2903,#594);
#471=LINE('',#2905,#595);
#472=LINE('',#2908,#596);
#473=LINE('',#2911,#597);
#474=LINE('',#2913,#598);
#475=LINE('',#2915,#599);
#476=LINE('',#2917,#600);
#477=VECTOR('',#1706,1.25);
#478=VECTOR('',#1709,1.25);
#479=VECTOR('',#1712,1.25);
#480=VECTOR('',#1715,1.25);
#481=VECTOR('',#1718,1.25);
#482=VECTOR('',#1723,10.);
#483=VECTOR('',#1726,10.);
#484=VECTOR('',#1729,10.);
#485=VECTOR('',#1732,10.);
#486=VECTOR('',#1735,10.);
#487=VECTOR('',#1736,10.);
#488=VECTOR('',#1737,10.);
#489=VECTOR('',#1738,10.);
#490=VECTOR('',#1739,10.);
#491=VECTOR('',#1740,10.);
#492=VECTOR('',#1745,6.6445);
#493=VECTOR('',#1752,6.6445);
#494=VECTOR('',#1759,6.6445);
#495=VECTOR('',#1766,6.6445);
#496=VECTOR('',#1771,10.);
#497=VECTOR('',#1772,10.);
#498=VECTOR('',#1773,10.);
#499=VECTOR('',#1776,10.);
#500=VECTOR('',#1777,10.);
#501=VECTOR('',#1780,10.);
#502=VECTOR('',#1781,10.);
#503=VECTOR('',#1782,10.);
#504=VECTOR('',#1785,10.);
#505=VECTOR('',#1786,10.);
#506=VECTOR('',#1789,10.);
#507=VECTOR('',#1790,10.);
#508=VECTOR('',#1791,10.);
#509=VECTOR('',#1794,10.);
#510=VECTOR('',#1795,10.);
#511=VECTOR('',#1796,10.);
#512=VECTOR('',#1799,10.);
#513=VECTOR('',#1800,10.);
#514=VECTOR('',#1801,10.);
#515=VECTOR('',#1810,3.95590888734815);
#516=VECTOR('',#1833,3.95590888734815);
#517=VECTOR('',#1838,3.95590888734815);
#518=VECTOR('',#1843,3.95590888734815);
#519=VECTOR('',#1848,10.);
#520=VECTOR('',#1849,9.99999999999999);
#521=VECTOR('',#1852,10.);
#522=VECTOR('',#1853,10.);
#523=VECTOR('',#1856,10.);
#524=VECTOR('',#1857,10.);
#525=VECTOR('',#1860,10.);
#526=VECTOR('',#1861,10.);
#527=VECTOR('',#1862,10.);
#528=VECTOR('',#1863,9.99999999999999);
#529=VECTOR('',#1866,10.);
#530=VECTOR('',#1867,10.);
#531=VECTOR('',#1868,10.);
#532=VECTOR('',#1871,10.);
#533=VECTOR('',#1874,10.);
#534=VECTOR('',#1875,10.);
#535=VECTOR('',#1878,10.);
#536=VECTOR('',#1879,10.);
#537=VECTOR('',#1880,10.);
#538=VECTOR('',#1883,10.);
#539=VECTOR('',#1884,9.99999999999999);
#540=VECTOR('',#1887,10.);
#541=VECTOR('',#1888,10.);
#542=VECTOR('',#1889,10.);
#543=VECTOR('',#1890,10.);
#544=VECTOR('',#1893,10.);
#545=VECTOR('',#1894,10.);
#546=VECTOR('',#1895,10.);
#547=VECTOR('',#1898,10.);
#548=VECTOR('',#1901,10.);
#549=VECTOR('',#1902,10.);
#550=VECTOR('',#1905,10.);
#551=VECTOR('',#1906,10.);
#552=VECTOR('',#1907,10.);
#553=VECTOR('',#1910,10.);
#554=VECTOR('',#1911,10.);
#555=VECTOR('',#1914,10.);
#556=VECTOR('',#1915,10.);
#557=VECTOR('',#1916,10.);
#558=VECTOR('',#1919,10.);
#559=VECTOR('',#1920,10.);
#560=VECTOR('',#1925,2.275);
#561=VECTOR('',#1934,2.275);
#562=VECTOR('',#1943,2.275);
#563=VECTOR('',#1950,10.);
#564=VECTOR('',#1957,10.);
#565=VECTOR('',#1962,10.);
#566=VECTOR('',#1967,10.);
#567=VECTOR('',#1970,10.);
#568=VECTOR('',#1985,2.275);
#569=VECTOR('',#2004,10.);
#570=VECTOR('',#2017,10.);
#571=VECTOR('',#2020,10.);
#572=VECTOR('',#2023,10.);
#573=VECTOR('',#2026,10.);
#574=VECTOR('',#2029,10.);
#575=VECTOR('',#2036,10.);
#576=VECTOR('',#2039,10.);
#577=VECTOR('',#2042,10.);
#578=VECTOR('',#2043,10.);
#579=VECTOR('',#2050,10.);
#580=VECTOR('',#2073,10.);
#581=VECTOR('',#2076,10.);
#582=VECTOR('',#2079,10.);
#583=VECTOR('',#2080,10.);
#584=VECTOR('',#2083,10.);
#585=VECTOR('',#2086,10.);
#586=VECTOR('',#2087,10.);
#587=VECTOR('',#2090,10.);
#588=VECTOR('',#2093,1.55);
#589=VECTOR('',#2096,1.55);
#590=VECTOR('',#2099,1.55);
#591=VECTOR('',#2102,1.55);
#592=VECTOR('',#2105,3.75);
#593=VECTOR('',#2108,10.);
#594=VECTOR('',#2111,10.);
#595=VECTOR('',#2114,10.);
#596=VECTOR('',#2119,10.);
#597=VECTOR('',#2124,6.6445);
#598=VECTOR('',#2127,6.6445);
#599=VECTOR('',#2130,6.6445);
#600=VECTOR('',#2133,6.6445);
#601=B_SPLINE_CURVE_WITH_KNOTS('',3,(#2138,#2139,#2140,#2141,#2142,#2143,
#2144,#2145,#2146,#2147,#2148,#2149,#2150,#2151,#2152,#2153,#2154,#2155,
#2156,#2157,#2158,#2159,#2160,#2161,#2162,#2163),.UNSPECIFIED.,.F.,.F.,
(4,2,2,2,2,2,2,2,2,2,2,2,4),(0.,0.0470881644399559,0.0941763288799118,0.141264492560543,
0.188352656241175,0.235440819921807,0.282528983602438,0.329617148042394,
0.37670531248235,0.423793476922306,0.470881641362262,0.517969805042894,
0.565057968723525),.UNSPECIFIED.);
#602=B_SPLINE_CURVE_WITH_KNOTS('',3,(#2164,#2165,#2166,#2167,#2168,#2169,
#2170,#2171,#2172,#2173),.UNSPECIFIED.,.F.,.F.,(4,2,2,2,4),(0.565057968723525,
0.612146132404157,0.659234296084789,0.706322460524744,0.7534106249647),
 .UNSPECIFIED.);
#603=B_SPLINE_CURVE_WITH_KNOTS('',3,(#2177,#2178,#2179,#2180,#2181,#2182,
#2183,#2184,#2185,#2186),.UNSPECIFIED.,.F.,.F.,(4,2,2,2,4),(0.,0.0470916455599866,
0.0941832911199732,0.141274931952169,0.188366572784365),.UNSPECIFIED.);
#604=B_SPLINE_CURVE_WITH_KNOTS('',3,(#2187,#2188,#2189,#2190,#2191,#2192,
#2193,#2194,#2195,#2196,#2197,#2198,#2199,#2200,#2201,#2202,#2203,#2204,
#2205,#2206,#2207,#2208,#2209,#2210,#2211,#2212),.UNSPECIFIED.,.F.,.F.,
(4,2,2,2,2,2,2,2,2,2,2,2,4),(0.188366572784365,0.235458213616561,0.282549854448758,
0.329641500008744,0.376733145568731,0.423824791128717,0.470916436688704,
0.5180080775209,0.565099718353096,0.612191359185292,0.659283000017487,0.706374645577474,
0.753466291137461),.UNSPECIFIED.);
#605=B_SPLINE_CURVE_WITH_KNOTS('',3,(#2216,#2217,#2218,#2219,#2220,#2221,
#2222,#2223,#2224,#2225,#2226,#2227,#2228,#2229,#2230,#2231,#2232,#2233,
#2234,#2235,#2236,#2237,#2238,#2239,#2240,#2241),.UNSPECIFIED.,.F.,.F.,
(4,2,2,2,2,2,2,2,2,2,2,2,4),(0.,0.0470881644399559,0.0941763288799117,0.141264492560543,
0.188352656241175,0.235440819921807,0.282528983602438,0.329617148042394,
0.37670531248235,0.423793476922306,0.470881641362262,0.517969805042894,
0.565057968723525),.UNSPECIFIED.);
#606=B_SPLINE_CURVE_WITH_KNOTS('',3,(#2242,#2243,#2244,#2245,#2246,#2247,
#2248,#2249,#2250,#2251),.UNSPECIFIED.,.F.,.F.,(4,2,2,2,4),(0.565057968723525,
0.612146132404157,0.659234296084789,0.706322460524744,0.7534106249647),
 .UNSPECIFIED.);
#607=B_SPLINE_CURVE_WITH_KNOTS('',3,(#2255,#2256,#2257,#2258,#2259,#2260,
#2261,#2262,#2263,#2264),.UNSPECIFIED.,.F.,.F.,(4,2,2,2,4),(0.,0.0470916455599865,
0.094183291119973,0.141274931952169,0.188366572784365),.UNSPECIFIED.);
#608=B_SPLINE_CURVE_WITH_KNOTS('',3,(#2265,#2266,#2267,#2268,#2269,#2270,
#2271,#2272,#2273,#2274,#2275,#2276,#2277,#2278,#2279,#2280,#2281,#2282,
#2283,#2284,#2285,#2286,#2287,#2288,#2289,#2290),.UNSPECIFIED.,.F.,.F.,
(4,2,2,2,2,2,2,2,2,2,2,2,4),(0.188366572784365,0.235458213616561,0.282549854448757,
0.329641500008744,0.37673314556873,0.423824791128717,0.470916436688703,
0.5180080775209,0.565099718353096,0.612191359185292,0.659283000017488,0.706374645577474,
0.753466291137461),.UNSPECIFIED.);
#609=B_SPLINE_CURVE_WITH_KNOTS('',3,(#2294,#2295,#2296,#2297,#2298,#2299,
#2300,#2301,#2302,#2303,#2304,#2305,#2306,#2307,#2308,#2309,#2310,#2311,
#2312,#2313,#2314,#2315,#2316,#2317,#2318,#2319),.UNSPECIFIED.,.F.,.F.,
(4,2,2,2,2,2,2,2,2,2,2,2,4),(0.,0.047088164439956,0.094176328879912,0.141264492560544,
0.188352656241176,0.235440819921807,0.282528983602439,0.329617148042395,
0.376705312482351,0.423793476922307,0.470881641362262,0.517969805042894,
0.565057968723526),.UNSPECIFIED.);
#610=B_SPLINE_CURVE_WITH_KNOTS('',3,(#2320,#2321,#2322,#2323,#2324,#2325,
#2326,#2327,#2328,#2329),.UNSPECIFIED.,.F.,.F.,(4,2,2,2,4),(0.565057968723526,
0.612146132404157,0.659234296084789,0.706322460524745,0.753410624964701),
 .UNSPECIFIED.);
#611=B_SPLINE_CURVE_WITH_KNOTS('',3,(#2333,#2334,#2335,#2336,#2337,#2338,
#2339,#2340,#2341,#2342),.UNSPECIFIED.,.F.,.F.,(4,2,2,2,4),(0.,0.0470916455599866,
0.0941832911199732,0.141274931952169,0.188366572784365),.UNSPECIFIED.);
#612=B_SPLINE_CURVE_WITH_KNOTS('',3,(#2343,#2344,#2345,#2346,#2347,#2348,
#2349,#2350,#2351,#2352,#2353,#2354,#2355,#2356,#2357,#2358,#2359,#2360,
#2361,#2362,#2363,#2364,#2365,#2366,#2367,#2368),.UNSPECIFIED.,.F.,.F.,
(4,2,2,2,2,2,2,2,2,2,2,2,4),(0.188366572784365,0.235458213616561,0.282549854448757,
0.329641500008744,0.376733145568731,0.423824791128718,0.470916436688704,
0.5180080775209,0.565099718353096,0.612191359185292,0.659283000017489,0.706374645577475,
0.753466291137462),.UNSPECIFIED.);
#613=B_SPLINE_CURVE_WITH_KNOTS('',3,(#2372,#2373,#2374,#2375,#2376,#2377,
#2378,#2379,#2380,#2381),.UNSPECIFIED.,.F.,.F.,(4,2,2,2,4),(0.,0.0470881644399559,
0.0941763288799118,0.141264492560543,0.188352656241175),.UNSPECIFIED.);
#614=B_SPLINE_CURVE_WITH_KNOTS('',3,(#2382,#2383,#2384,#2385,#2386,#2387,
#2388,#2389,#2390,#2391,#2392,#2393,#2394,#2395,#2396,#2397,#2398,#2399,
#2400,#2401,#2402,#2403,#2404,#2405,#2406,#2407),.UNSPECIFIED.,.F.,.F.,
(4,2,2,2,2,2,2,2,2,2,2,2,4),(0.188352656241175,0.235440819921806,0.282528983602438,
0.329617148042394,0.37670531248235,0.423793476922305,0.470881641362261,
0.517969805042893,0.565057968723524,0.612146132404156,0.659234296084787,
0.706322460524743,0.753410624964699),.UNSPECIFIED.);
#615=B_SPLINE_CURVE_WITH_KNOTS('',3,(#2411,#2412,#2413,#2414,#2415,#2416,
#2417,#2418,#2419,#2420,#2421,#2422,#2423,#2424,#2425,#2426,#2427,#2428,
#2429,#2430,#2431,#2432,#2433,#2434,#2435,#2436),.UNSPECIFIED.,.F.,.F.,
(4,2,2,2,2,2,2,2,2,2,2,2,4),(0.,0.0470916455599866,0.0941832911199733,0.141274931952169,
0.188366572784364,0.23545821361656,0.282549854448757,0.329641500008743,
0.376733145568729,0.423824791128716,0.470916436688702,0.518008077520898,
0.565099718353095),.UNSPECIFIED.);
#616=B_SPLINE_CURVE_WITH_KNOTS('',3,(#2437,#2438,#2439,#2440,#2441,#2442,
#2443,#2444,#2445,#2446),.UNSPECIFIED.,.F.,.F.,(4,2,2,2,4),(0.565099718353095,
0.61219135918529,0.659283000017486,0.706374645577472,0.753466291137459),
 .UNSPECIFIED.);
#617=B_SPLINE_CURVE_WITH_KNOTS('',3,(#2450,#2451,#2452,#2453,#2454,#2455,
#2456,#2457,#2458,#2459),.UNSPECIFIED.,.F.,.F.,(4,2,2,2,4),(0.,0.0470881644399559,
0.0941763288799118,0.141264492560544,0.188352656241176),.UNSPECIFIED.);
#618=B_SPLINE_CURVE_WITH_KNOTS('',3,(#2460,#2461,#2462,#2463,#2464,#2465,
#2466,#2467,#2468,#2469,#2470,#2471,#2472,#2473,#2474,#2475,#2476,#2477,
#2478,#2479,#2480,#2481,#2482,#2483,#2484,#2485),.UNSPECIFIED.,.F.,.F.,
(4,2,2,2,2,2,2,2,2,2,2,2,4),(0.188352656241176,0.235440819921807,0.282528983602438,
0.329617148042394,0.37670531248235,0.423793476922306,0.470881641362262,
0.517969805042894,0.565057968723525,0.612146132404157,0.659234296084789,
0.706322460524745,0.7534106249647),.UNSPECIFIED.);
#619=B_SPLINE_CURVE_WITH_KNOTS('',3,(#2489,#2490,#2491,#2492,#2493,#2494,
#2495,#2496,#2497,#2498,#2499,#2500,#2501,#2502,#2503,#2504,#2505,#2506,
#2507,#2508,#2509,#2510,#2511,#2512,#2513,#2514),.UNSPECIFIED.,.F.,.F.,
(4,2,2,2,2,2,2,2,2,2,2,2,4),(0.,0.0470916455599866,0.0941832911199731,0.141274931952169,
0.188366572784365,0.235458213616561,0.282549854448757,0.329641500008744,
0.37673314556873,0.423824791128717,0.470916436688704,0.5180080775209,0.565099718353095),
 .UNSPECIFIED.);
#620=B_SPLINE_CURVE_WITH_KNOTS('',3,(#2515,#2516,#2517,#2518,#2519,#2520,
#2521,#2522,#2523,#2524),.UNSPECIFIED.,.F.,.F.,(4,2,2,2,4),(0.565099718353095,
0.612191359185292,0.659283000017488,0.706374645577474,0.753466291137461),
 .UNSPECIFIED.);
#621=VERTEX_POINT('',#2136);
#622=VERTEX_POINT('',#2137);
#623=VERTEX_POINT('',#2174);
#624=VERTEX_POINT('',#2176);
#625=VERTEX_POINT('',#2214);
#626=VERTEX_POINT('',#2215);
#627=VERTEX_POINT('',#2252);
#628=VERTEX_POINT('',#2254);
#629=VERTEX_POINT('',#2292);
#630=VERTEX_POINT('',#2293);
#631=VERTEX_POINT('',#2330);
#632=VERTEX_POINT('',#2332);
#633=VERTEX_POINT('',#2370);
#634=VERTEX_POINT('',#2371);
#635=VERTEX_POINT('',#2408);
#636=VERTEX_POINT('',#2410);
#637=VERTEX_POINT('',#2448);
#638=VERTEX_POINT('',#2449);
#639=VERTEX_POINT('',#2486);
#640=VERTEX_POINT('',#2488);
#641=VERTEX_POINT('',#2526);
#642=VERTEX_POINT('',#2527);
#643=VERTEX_POINT('',#2529);
#644=VERTEX_POINT('',#2531);
#645=VERTEX_POINT('',#2535);
#646=VERTEX_POINT('',#2537);
#647=VERTEX_POINT('',#2541);
#648=VERTEX_POINT('',#2543);
#649=VERTEX_POINT('',#2545);
#650=VERTEX_POINT('',#2547);
#651=VERTEX_POINT('',#2549);
#652=VERTEX_POINT('',#2553);
#653=VERTEX_POINT('',#2555);
#654=VERTEX_POINT('',#2559);
#655=VERTEX_POINT('',#2561);
#656=VERTEX_POINT('',#2565);
#657=VERTEX_POINT('',#2567);
#658=VERTEX_POINT('',#2571);
#659=VERTEX_POINT('',#2573);
#660=VERTEX_POINT('',#2577);
#661=VERTEX_POINT('',#2578);
#662=VERTEX_POINT('',#2580);
#663=VERTEX_POINT('',#2582);
#664=VERTEX_POINT('',#2584);
#665=VERTEX_POINT('',#2586);
#666=VERTEX_POINT('',#2590);
#667=VERTEX_POINT('',#2591);
#668=VERTEX_POINT('',#2593);
#669=VERTEX_POINT('',#2595);
#670=VERTEX_POINT('',#2597);
#671=VERTEX_POINT('',#2599);
#672=VERTEX_POINT('',#2603);
#673=VERTEX_POINT('',#2605);
#674=VERTEX_POINT('',#2609);
#675=VERTEX_POINT('',#2611);
#676=VERTEX_POINT('',#2615);
#677=VERTEX_POINT('',#2617);
#678=VERTEX_POINT('',#2621);
#679=VERTEX_POINT('',#2625);
#680=VERTEX_POINT('',#2629);
#681=VERTEX_POINT('',#2633);
#682=VERTEX_POINT('',#2637);
#683=VERTEX_POINT('',#2641);
#684=VERTEX_POINT('',#2645);
#685=VERTEX_POINT('',#2649);
#686=VERTEX_POINT('',#2653);
#687=VERTEX_POINT('',#2657);
#688=VERTEX_POINT('',#2661);
#689=VERTEX_POINT('',#2665);
#690=VERTEX_POINT('',#2666);
#691=VERTEX_POINT('',#2668);
#692=VERTEX_POINT('',#2670);
#693=VERTEX_POINT('',#2674);
#694=VERTEX_POINT('',#2676);
#695=VERTEX_POINT('',#2680);
#696=VERTEX_POINT('',#2682);
#697=VERTEX_POINT('',#2684);
#698=VERTEX_POINT('',#2688);
#699=VERTEX_POINT('',#2690);
#700=VERTEX_POINT('',#2694);
#701=VERTEX_POINT('',#2698);
#702=VERTEX_POINT('',#2699);
#703=VERTEX_POINT('',#2701);
#704=VERTEX_POINT('',#2703);
#705=VERTEX_POINT('',#2707);
#706=VERTEX_POINT('',#2709);
#707=VERTEX_POINT('',#2713);
#708=VERTEX_POINT('',#2715);
#709=VERTEX_POINT('',#2717);
#710=VERTEX_POINT('',#2721);
#711=VERTEX_POINT('',#2723);
#712=VERTEX_POINT('',#2727);
#713=VERTEX_POINT('',#2731);
#714=VERTEX_POINT('',#2733);
#715=VERTEX_POINT('',#2737);
#716=VERTEX_POINT('',#2741);
#717=VERTEX_POINT('',#2742);
#718=VERTEX_POINT('',#2744);
#719=VERTEX_POINT('',#2749);
#720=VERTEX_POINT('',#2751);
#721=VERTEX_POINT('',#2753);
#722=VERTEX_POINT('',#2757);
#723=VERTEX_POINT('',#2758);
#724=VERTEX_POINT('',#2760);
#725=VERTEX_POINT('',#2765);
#726=VERTEX_POINT('',#2766);
#727=VERTEX_POINT('',#2769);
#728=VERTEX_POINT('',#2771);
#729=VERTEX_POINT('',#2773);
#730=VERTEX_POINT('',#2776);
#731=VERTEX_POINT('',#2778);
#732=VERTEX_POINT('',#2780);
#733=VERTEX_POINT('',#2782);
#734=VERTEX_POINT('',#2784);
#735=VERTEX_POINT('',#2786);
#736=VERTEX_POINT('',#2788);
#737=VERTEX_POINT('',#2790);
#738=VERTEX_POINT('',#2792);
#739=VERTEX_POINT('',#2796);
#740=VERTEX_POINT('',#2799);
#741=VERTEX_POINT('',#2803);
#742=VERTEX_POINT('',#2806);
#743=VERTEX_POINT('',#2809);
#744=VERTEX_POINT('',#2812);
#745=VERTEX_POINT('',#2815);
#746=VERTEX_POINT('',#2831);
#747=VERTEX_POINT('',#2835);
#748=VERTEX_POINT('',#2837);
#749=VERTEX_POINT('',#2839);
#750=VERTEX_POINT('',#2841);
#751=VERTEX_POINT('',#2843);
#752=VERTEX_POINT('',#2846);
#753=VERTEX_POINT('',#2847);
#754=VERTEX_POINT('',#2849);
#755=VERTEX_POINT('',#2851);
#756=VERTEX_POINT('',#2853);
#757=VERTEX_POINT('',#2855);
#758=VERTEX_POINT('',#2858);
#759=VERTEX_POINT('',#2860);
#760=VERTEX_POINT('',#2862);
#761=VERTEX_POINT('',#2864);
#762=VERTEX_POINT('',#2866);
#763=VERTEX_POINT('',#2868);
#764=VERTEX_POINT('',#2870);
#765=VERTEX_POINT('',#2872);
#766=VERTEX_POINT('',#2874);
#767=EDGE_CURVE('',#621,#622,#601,.T.);
#768=EDGE_CURVE('',#622,#621,#602,.T.);
#769=EDGE_CURVE('',#622,#623,#353,.T.);
#770=EDGE_CURVE('',#624,#623,#603,.T.);
#771=EDGE_CURVE('',#623,#624,#604,.T.);
#772=EDGE_CURVE('',#625,#626,#605,.T.);
#773=EDGE_CURVE('',#626,#625,#606,.T.);
#774=EDGE_CURVE('',#626,#627,#354,.T.);
#775=EDGE_CURVE('',#628,#627,#607,.T.);
#776=EDGE_CURVE('',#627,#628,#608,.T.);
#777=EDGE_CURVE('',#629,#630,#609,.T.);
#778=EDGE_CURVE('',#630,#629,#610,.T.);
#779=EDGE_CURVE('',#630,#631,#355,.T.);
#780=EDGE_CURVE('',#632,#631,#611,.T.);
#781=EDGE_CURVE('',#631,#632,#612,.T.);
#782=EDGE_CURVE('',#633,#634,#613,.T.);
#783=EDGE_CURVE('',#634,#633,#614,.T.);
#784=EDGE_CURVE('',#634,#635,#356,.T.);
#785=EDGE_CURVE('',#636,#635,#615,.T.);
#786=EDGE_CURVE('',#635,#636,#616,.T.);
#787=EDGE_CURVE('',#637,#638,#617,.T.);
#788=EDGE_CURVE('',#638,#637,#618,.T.);
#789=EDGE_CURVE('',#638,#639,#357,.T.);
#790=EDGE_CURVE('',#640,#639,#619,.T.);
#791=EDGE_CURVE('',#639,#640,#620,.T.);
#792=EDGE_CURVE('',#641,#642,#62,.T.);
#793=EDGE_CURVE('',#643,#641,#358,.T.);
#794=EDGE_CURVE('',#644,#643,#63,.F.);
#795=EDGE_CURVE('',#642,#644,#359,.T.);
#796=EDGE_CURVE('',#643,#645,#360,.F.);
#797=EDGE_CURVE('',#646,#645,#64,.T.);
#798=EDGE_CURVE('',#644,#646,#361,.T.);
#799=EDGE_CURVE('',#641,#647,#362,.T.);
#800=EDGE_CURVE('',#648,#647,#363,.T.);
#801=EDGE_CURVE('',#649,#648,#364,.T.);
#802=EDGE_CURVE('',#649,#650,#365,.T.);
#803=EDGE_CURVE('',#651,#650,#366,.T.);
#804=EDGE_CURVE('',#645,#651,#367,.T.);
#805=EDGE_CURVE('',#652,#652,#65,.T.);
#806=EDGE_CURVE('',#652,#653,#368,.T.);
#807=EDGE_CURVE('',#653,#653,#66,.T.);
#808=EDGE_CURVE('',#654,#654,#67,.T.);
#809=EDGE_CURVE('',#654,#655,#369,.T.);
#810=EDGE_CURVE('',#655,#655,#68,.T.);
#811=EDGE_CURVE('',#656,#656,#69,.T.);
#812=EDGE_CURVE('',#656,#657,#370,.T.);
#813=EDGE_CURVE('',#657,#657,#70,.T.);
#814=EDGE_CURVE('',#658,#658,#71,.T.);
#815=EDGE_CURVE('',#658,#659,#371,.T.);
#816=EDGE_CURVE('',#659,#659,#72,.T.);
#817=EDGE_CURVE('',#660,#661,#372,.T.);
#818=EDGE_CURVE('',#661,#662,#373,.T.);
#819=EDGE_CURVE('',#663,#662,#374,.F.);
#820=EDGE_CURVE('',#664,#663,#50,.T.);
#821=EDGE_CURVE('',#665,#664,#375,.F.);
#822=EDGE_CURVE('',#665,#660,#376,.T.);
#823=EDGE_CURVE('',#666,#667,#377,.T.);
#824=EDGE_CURVE('',#667,#668,#378,.T.);
#825=EDGE_CURVE('',#669,#668,#379,.F.);
#826=EDGE_CURVE('',#670,#669,#51,.T.);
#827=EDGE_CURVE('',#671,#670,#380,.F.);
#828=EDGE_CURVE('',#671,#666,#381,.T.);
#829=EDGE_CURVE('',#671,#672,#382,.T.);
#830=EDGE_CURVE('',#673,#672,#383,.T.);
#831=EDGE_CURVE('',#666,#673,#384,.T.);
#832=EDGE_CURVE('',#662,#674,#385,.T.);
#833=EDGE_CURVE('',#661,#675,#386,.T.);
#834=EDGE_CURVE('',#674,#675,#387,.T.);
#835=EDGE_CURVE('',#665,#676,#388,.T.);
#836=EDGE_CURVE('',#677,#676,#389,.T.);
#837=EDGE_CURVE('',#660,#677,#390,.T.);
#838=EDGE_CURVE('',#654,#678,#52,.T.);
#839=EDGE_CURVE('',#678,#654,#53,.T.);
#840=EDGE_CURVE('',#678,#679,#391,.T.);
#841=EDGE_CURVE('',#679,#679,#73,.T.);
#842=EDGE_CURVE('',#656,#680,#54,.T.);
#843=EDGE_CURVE('',#680,#656,#55,.T.);
#844=EDGE_CURVE('',#658,#681,#56,.T.);
#845=EDGE_CURVE('',#681,#658,#57,.T.);
#846=EDGE_CURVE('',#652,#682,#58,.T.);
#847=EDGE_CURVE('',#682,#652,#59,.T.);
#848=EDGE_CURVE('',#680,#683,#392,.T.);
#849=EDGE_CURVE('',#683,#683,#74,.T.);
#850=EDGE_CURVE('',#681,#684,#393,.T.);
#851=EDGE_CURVE('',#684,#684,#75,.T.);
#852=EDGE_CURVE('',#682,#685,#394,.T.);
#853=EDGE_CURVE('',#685,#685,#76,.T.);
#854=EDGE_CURVE('',#670,#686,#395,.T.);
#855=EDGE_CURVE('',#672,#686,#396,.T.);
#856=EDGE_CURVE('',#663,#687,#397,.T.);
#857=EDGE_CURVE('',#687,#674,#398,.T.);
#858=EDGE_CURVE('',#664,#688,#399,.T.);
#859=EDGE_CURVE('',#676,#688,#400,.T.);
#860=EDGE_CURVE('',#689,#690,#401,.T.);
#861=EDGE_CURVE('',#689,#691,#402,.F.);
#862=EDGE_CURVE('',#691,#692,#403,.T.);
#863=EDGE_CURVE('',#690,#692,#404,.T.);
#864=EDGE_CURVE('',#693,#691,#405,.T.);
#865=EDGE_CURVE('',#693,#694,#406,.T.);
#866=EDGE_CURVE('',#692,#694,#407,.T.);
#867=EDGE_CURVE('',#695,#693,#408,.T.);
#868=EDGE_CURVE('',#696,#689,#60,.T.);
#869=EDGE_CURVE('',#697,#696,#409,.F.);
#870=EDGE_CURVE('',#697,#695,#410,.T.);
#871=EDGE_CURVE('',#697,#698,#411,.T.);
#872=EDGE_CURVE('',#699,#698,#412,.T.);
#873=EDGE_CURVE('',#695,#699,#413,.T.);
#874=EDGE_CURVE('',#696,#700,#414,.T.);
#875=EDGE_CURVE('',#698,#700,#415,.T.);
#876=EDGE_CURVE('',#701,#702,#416,.T.);
#877=EDGE_CURVE('',#701,#703,#417,.F.);
#878=EDGE_CURVE('',#703,#704,#418,.T.);
#879=EDGE_CURVE('',#702,#704,#419,.T.);
#880=EDGE_CURVE('',#705,#703,#420,.T.);
#881=EDGE_CURVE('',#705,#706,#421,.T.);
#882=EDGE_CURVE('',#704,#706,#422,.T.);
#883=EDGE_CURVE('',#707,#705,#423,.T.);
#884=EDGE_CURVE('',#708,#701,#61,.T.);
#885=EDGE_CURVE('',#709,#708,#424,.F.);
#886=EDGE_CURVE('',#709,#707,#425,.T.);
#887=EDGE_CURVE('',#709,#710,#426,.T.);
#888=EDGE_CURVE('',#711,#710,#427,.T.);
#889=EDGE_CURVE('',#707,#711,#428,.T.);
#890=EDGE_CURVE('',#708,#712,#429,.T.);
#891=EDGE_CURVE('',#710,#712,#430,.T.);
#892=EDGE_CURVE('',#669,#713,#431,.T.);
#893=EDGE_CURVE('',#668,#714,#432,.T.);
#894=EDGE_CURVE('',#713,#714,#433,.T.);
#895=EDGE_CURVE('',#667,#715,#434,.T.);
#896=EDGE_CURVE('',#714,#715,#435,.T.);
#897=EDGE_CURVE('',#716,#717,#77,.T.);
#898=EDGE_CURVE('',#717,#718,#436,.T.);
#899=EDGE_CURVE('',#718,#718,#78,.T.);
#900=EDGE_CURVE('',#717,#716,#79,.T.);
#901=EDGE_CURVE('',#719,#719,#80,.T.);
#902=EDGE_CURVE('',#719,#720,#437,.T.);
#903=EDGE_CURVE('',#720,#721,#81,.T.);
#904=EDGE_CURVE('',#721,#720,#82,.T.);
#905=EDGE_CURVE('',#722,#723,#83,.T.);
#906=EDGE_CURVE('',#723,#724,#438,.T.);
#907=EDGE_CURVE('',#724,#724,#84,.T.);
#908=EDGE_CURVE('',#723,#722,#85,.T.);
#909=EDGE_CURVE('',#725,#726,#439,.T.);
#910=EDGE_CURVE('',#650,#725,#86,.T.);
#911=EDGE_CURVE('',#727,#649,#87,.T.);
#912=EDGE_CURVE('',#728,#727,#88,.T.);
#913=EDGE_CURVE('',#729,#728,#440,.T.);
#914=EDGE_CURVE('',#729,#721,#89,.T.);
#915=EDGE_CURVE('',#721,#730,#90,.T.);
#916=EDGE_CURVE('',#731,#730,#441,.T.);
#917=EDGE_CURVE('',#732,#731,#91,.T.);
#918=EDGE_CURVE('',#733,#732,#92,.T.);
#919=EDGE_CURVE('',#734,#733,#442,.T.);
#920=EDGE_CURVE('',#735,#734,#93,.T.);
#921=EDGE_CURVE('',#736,#735,#443,.T.);
#922=EDGE_CURVE('',#736,#737,#94,.T.);
#923=EDGE_CURVE('',#738,#737,#95,.T.);
#924=EDGE_CURVE('',#737,#738,#96,.T.);
#925=EDGE_CURVE('',#737,#726,#97,.T.);
#926=EDGE_CURVE('',#739,#739,#98,.T.);
#927=EDGE_CURVE('',#740,#740,#99,.T.);
#928=EDGE_CURVE('',#740,#738,#444,.T.);
#929=EDGE_CURVE('',#741,#741,#100,.T.);
#930=EDGE_CURVE('',#742,#742,#101,.T.);
#931=EDGE_CURVE('',#743,#743,#102,.T.);
#932=EDGE_CURVE('',#744,#744,#103,.T.);
#933=EDGE_CURVE('',#642,#745,#445,.T.);
#934=EDGE_CURVE('',#688,#745,#104,.T.);
#935=EDGE_CURVE('',#686,#687,#105,.T.);
#936=EDGE_CURVE('',#712,#713,#106,.T.);
#937=EDGE_CURVE('',#700,#702,#107,.T.);
#938=EDGE_CURVE('',#647,#690,#108,.T.);
#939=EDGE_CURVE('',#694,#699,#446,.T.);
#940=EDGE_CURVE('',#706,#711,#447,.T.);
#941=EDGE_CURVE('',#715,#673,#448,.T.);
#942=EDGE_CURVE('',#675,#677,#449,.T.);
#943=EDGE_CURVE('',#745,#746,#450,.T.);
#944=EDGE_CURVE('',#746,#648,#109,.T.);
#945=EDGE_CURVE('',#747,#651,#110,.T.);
#946=EDGE_CURVE('',#747,#748,#451,.T.);
#947=EDGE_CURVE('',#748,#749,#111,.T.);
#948=EDGE_CURVE('',#749,#750,#452,.T.);
#949=EDGE_CURVE('',#751,#750,#112,.T.);
#950=EDGE_CURVE('',#751,#646,#453,.T.);
#951=EDGE_CURVE('',#752,#753,#454,.T.);
#952=EDGE_CURVE('',#754,#753,#113,.T.);
#953=EDGE_CURVE('',#754,#755,#114,.T.);
#954=EDGE_CURVE('',#756,#755,#115,.T.);
#955=EDGE_CURVE('',#756,#757,#455,.T.);
#956=EDGE_CURVE('',#757,#752,#116,.T.);
#957=EDGE_CURVE('',#758,#758,#117,.T.);
#958=EDGE_CURVE('',#759,#759,#118,.T.);
#959=EDGE_CURVE('',#760,#760,#119,.T.);
#960=EDGE_CURVE('',#761,#761,#120,.T.);
#961=EDGE_CURVE('',#762,#762,#121,.T.);
#962=EDGE_CURVE('',#763,#763,#122,.T.);
#963=EDGE_CURVE('',#764,#764,#123,.T.);
#964=EDGE_CURVE('',#765,#765,#124,.T.);
#965=EDGE_CURVE('',#766,#766,#125,.T.);
#966=EDGE_CURVE('',#725,#747,#456,.T.);
#967=EDGE_CURVE('',#726,#748,#457,.T.);
#968=EDGE_CURVE('',#753,#728,#458,.T.);
#969=EDGE_CURVE('',#752,#729,#459,.T.);
#970=EDGE_CURVE('',#727,#754,#460,.T.);
#971=EDGE_CURVE('',#755,#732,#461,.T.);
#972=EDGE_CURVE('',#733,#746,#462,.T.);
#973=EDGE_CURVE('',#734,#751,#463,.T.);
#974=EDGE_CURVE('',#762,#740,#464,.T.);
#975=EDGE_CURVE('',#765,#722,#465,.T.);
#976=EDGE_CURVE('',#763,#719,#466,.T.);
#977=EDGE_CURVE('',#766,#716,#467,.T.);
#978=EDGE_CURVE('',#764,#739,#468,.T.);
#979=EDGE_CURVE('',#730,#757,#469,.T.);
#980=EDGE_CURVE('',#749,#736,#470,.T.);
#981=EDGE_CURVE('',#750,#735,#471,.T.);
#982=EDGE_CURVE('',#731,#756,#472,.T.);
#983=EDGE_CURVE('',#758,#744,#473,.T.);
#984=EDGE_CURVE('',#759,#741,#474,.T.);
#985=EDGE_CURVE('',#760,#742,#475,.T.);
#986=EDGE_CURVE('',#761,#743,#476,.T.);
#987=ORIENTED_EDGE('',*,*,#767,.F.);
#988=ORIENTED_EDGE('',*,*,#768,.F.);
#989=ORIENTED_EDGE('',*,*,#769,.T.);
#990=ORIENTED_EDGE('',*,*,#770,.F.);
#991=ORIENTED_EDGE('',*,*,#771,.F.);
#992=ORIENTED_EDGE('',*,*,#769,.F.);
#993=ORIENTED_EDGE('',*,*,#772,.F.);
#994=ORIENTED_EDGE('',*,*,#773,.F.);
#995=ORIENTED_EDGE('',*,*,#774,.T.);
#996=ORIENTED_EDGE('',*,*,#775,.F.);
#997=ORIENTED_EDGE('',*,*,#776,.F.);
#998=ORIENTED_EDGE('',*,*,#774,.F.);
#999=ORIENTED_EDGE('',*,*,#777,.F.);
#1000=ORIENTED_EDGE('',*,*,#778,.F.);
#1001=ORIENTED_EDGE('',*,*,#779,.T.);
#1002=ORIENTED_EDGE('',*,*,#780,.F.);
#1003=ORIENTED_EDGE('',*,*,#781,.F.);
#1004=ORIENTED_EDGE('',*,*,#779,.F.);
#1005=ORIENTED_EDGE('',*,*,#782,.F.);
#1006=ORIENTED_EDGE('',*,*,#783,.F.);
#1007=ORIENTED_EDGE('',*,*,#784,.T.);
#1008=ORIENTED_EDGE('',*,*,#785,.F.);
#1009=ORIENTED_EDGE('',*,*,#786,.F.);
#1010=ORIENTED_EDGE('',*,*,#784,.F.);
#1011=ORIENTED_EDGE('',*,*,#787,.F.);
#1012=ORIENTED_EDGE('',*,*,#788,.F.);
#1013=ORIENTED_EDGE('',*,*,#789,.T.);
#1014=ORIENTED_EDGE('',*,*,#790,.F.);
#1015=ORIENTED_EDGE('',*,*,#791,.F.);
#1016=ORIENTED_EDGE('',*,*,#789,.F.);
#1017=ORIENTED_EDGE('',*,*,#792,.F.);
#1018=ORIENTED_EDGE('',*,*,#793,.F.);
#1019=ORIENTED_EDGE('',*,*,#794,.F.);
#1020=ORIENTED_EDGE('',*,*,#795,.F.);
#1021=ORIENTED_EDGE('',*,*,#794,.T.);
#1022=ORIENTED_EDGE('',*,*,#796,.T.);
#1023=ORIENTED_EDGE('',*,*,#797,.F.);
#1024=ORIENTED_EDGE('',*,*,#798,.F.);
#1025=ORIENTED_EDGE('',*,*,#793,.T.);
#1026=ORIENTED_EDGE('',*,*,#799,.T.);
#1027=ORIENTED_EDGE('',*,*,#800,.F.);
#1028=ORIENTED_EDGE('',*,*,#801,.F.);
#1029=ORIENTED_EDGE('',*,*,#802,.T.);
#1030=ORIENTED_EDGE('',*,*,#803,.F.);
#1031=ORIENTED_EDGE('',*,*,#804,.F.);
#1032=ORIENTED_EDGE('',*,*,#796,.F.);
#1033=ORIENTED_EDGE('',*,*,#805,.F.);
#1034=ORIENTED_EDGE('',*,*,#806,.T.);
#1035=ORIENTED_EDGE('',*,*,#807,.F.);
#1036=ORIENTED_EDGE('',*,*,#806,.F.);
#1037=ORIENTED_EDGE('',*,*,#808,.F.);
#1038=ORIENTED_EDGE('',*,*,#809,.T.);
#1039=ORIENTED_EDGE('',*,*,#810,.T.);
#1040=ORIENTED_EDGE('',*,*,#809,.F.);
#1041=ORIENTED_EDGE('',*,*,#811,.F.);
#1042=ORIENTED_EDGE('',*,*,#812,.T.);
#1043=ORIENTED_EDGE('',*,*,#813,.T.);
#1044=ORIENTED_EDGE('',*,*,#812,.F.);
#1045=ORIENTED_EDGE('',*,*,#814,.F.);
#1046=ORIENTED_EDGE('',*,*,#815,.T.);
#1047=ORIENTED_EDGE('',*,*,#816,.T.);
#1048=ORIENTED_EDGE('',*,*,#815,.F.);
#1049=ORIENTED_EDGE('',*,*,#817,.T.);
#1050=ORIENTED_EDGE('',*,*,#818,.T.);
#1051=ORIENTED_EDGE('',*,*,#819,.F.);
#1052=ORIENTED_EDGE('',*,*,#820,.F.);
#1053=ORIENTED_EDGE('',*,*,#821,.F.);
#1054=ORIENTED_EDGE('',*,*,#822,.T.);
#1055=ORIENTED_EDGE('',*,*,#810,.F.);
#1056=ORIENTED_EDGE('',*,*,#823,.T.);
#1057=ORIENTED_EDGE('',*,*,#824,.T.);
#1058=ORIENTED_EDGE('',*,*,#825,.F.);
#1059=ORIENTED_EDGE('',*,*,#826,.F.);
#1060=ORIENTED_EDGE('',*,*,#827,.F.);
#1061=ORIENTED_EDGE('',*,*,#828,.T.);
#1062=ORIENTED_EDGE('',*,*,#813,.F.);
#1063=ORIENTED_EDGE('',*,*,#828,.F.);
#1064=ORIENTED_EDGE('',*,*,#829,.T.);
#1065=ORIENTED_EDGE('',*,*,#830,.F.);
#1066=ORIENTED_EDGE('',*,*,#831,.F.);
#1067=ORIENTED_EDGE('',*,*,#832,.F.);
#1068=ORIENTED_EDGE('',*,*,#818,.F.);
#1069=ORIENTED_EDGE('',*,*,#833,.T.);
#1070=ORIENTED_EDGE('',*,*,#834,.F.);
#1071=ORIENTED_EDGE('',*,*,#822,.F.);
#1072=ORIENTED_EDGE('',*,*,#835,.T.);
#1073=ORIENTED_EDGE('',*,*,#836,.F.);
#1074=ORIENTED_EDGE('',*,*,#837,.F.);
#1075=ORIENTED_EDGE('',*,*,#808,.T.);
#1076=ORIENTED_EDGE('',*,*,#838,.T.);
#1077=ORIENTED_EDGE('',*,*,#839,.T.);
#1078=ORIENTED_EDGE('',*,*,#838,.F.);
#1079=ORIENTED_EDGE('',*,*,#839,.F.);
#1080=ORIENTED_EDGE('',*,*,#840,.T.);
#1081=ORIENTED_EDGE('',*,*,#841,.T.);
#1082=ORIENTED_EDGE('',*,*,#840,.F.);
#1083=ORIENTED_EDGE('',*,*,#811,.T.);
#1084=ORIENTED_EDGE('',*,*,#842,.T.);
#1085=ORIENTED_EDGE('',*,*,#843,.T.);
#1086=ORIENTED_EDGE('',*,*,#814,.T.);
#1087=ORIENTED_EDGE('',*,*,#844,.T.);
#1088=ORIENTED_EDGE('',*,*,#845,.T.);
#1089=ORIENTED_EDGE('',*,*,#805,.T.);
#1090=ORIENTED_EDGE('',*,*,#846,.T.);
#1091=ORIENTED_EDGE('',*,*,#847,.T.);
#1092=ORIENTED_EDGE('',*,*,#842,.F.);
#1093=ORIENTED_EDGE('',*,*,#843,.F.);
#1094=ORIENTED_EDGE('',*,*,#848,.T.);
#1095=ORIENTED_EDGE('',*,*,#849,.T.);
#1096=ORIENTED_EDGE('',*,*,#848,.F.);
#1097=ORIENTED_EDGE('',*,*,#844,.F.);
#1098=ORIENTED_EDGE('',*,*,#845,.F.);
#1099=ORIENTED_EDGE('',*,*,#850,.T.);
#1100=ORIENTED_EDGE('',*,*,#851,.T.);
#1101=ORIENTED_EDGE('',*,*,#850,.F.);
#1102=ORIENTED_EDGE('',*,*,#846,.F.);
#1103=ORIENTED_EDGE('',*,*,#847,.F.);
#1104=ORIENTED_EDGE('',*,*,#852,.T.);
#1105=ORIENTED_EDGE('',*,*,#853,.T.);
#1106=ORIENTED_EDGE('',*,*,#852,.F.);
#1107=ORIENTED_EDGE('',*,*,#829,.F.);
#1108=ORIENTED_EDGE('',*,*,#827,.T.);
#1109=ORIENTED_EDGE('',*,*,#854,.T.);
#1110=ORIENTED_EDGE('',*,*,#855,.F.);
#1111=ORIENTED_EDGE('',*,*,#856,.F.);
#1112=ORIENTED_EDGE('',*,*,#819,.T.);
#1113=ORIENTED_EDGE('',*,*,#832,.T.);
#1114=ORIENTED_EDGE('',*,*,#857,.F.);
#1115=ORIENTED_EDGE('',*,*,#835,.F.);
#1116=ORIENTED_EDGE('',*,*,#821,.T.);
#1117=ORIENTED_EDGE('',*,*,#858,.T.);
#1118=ORIENTED_EDGE('',*,*,#859,.F.);
#1119=ORIENTED_EDGE('',*,*,#860,.F.);
#1120=ORIENTED_EDGE('',*,*,#861,.T.);
#1121=ORIENTED_EDGE('',*,*,#862,.T.);
#1122=ORIENTED_EDGE('',*,*,#863,.F.);
#1123=ORIENTED_EDGE('',*,*,#862,.F.);
#1124=ORIENTED_EDGE('',*,*,#864,.F.);
#1125=ORIENTED_EDGE('',*,*,#865,.T.);
#1126=ORIENTED_EDGE('',*,*,#866,.F.);
#1127=ORIENTED_EDGE('',*,*,#867,.T.);
#1128=ORIENTED_EDGE('',*,*,#864,.T.);
#1129=ORIENTED_EDGE('',*,*,#861,.F.);
#1130=ORIENTED_EDGE('',*,*,#868,.F.);
#1131=ORIENTED_EDGE('',*,*,#869,.F.);
#1132=ORIENTED_EDGE('',*,*,#870,.T.);
#1133=ORIENTED_EDGE('',*,*,#807,.T.);
#1134=ORIENTED_EDGE('',*,*,#870,.F.);
#1135=ORIENTED_EDGE('',*,*,#871,.T.);
#1136=ORIENTED_EDGE('',*,*,#872,.F.);
#1137=ORIENTED_EDGE('',*,*,#873,.F.);
#1138=ORIENTED_EDGE('',*,*,#871,.F.);
#1139=ORIENTED_EDGE('',*,*,#869,.T.);
#1140=ORIENTED_EDGE('',*,*,#874,.T.);
#1141=ORIENTED_EDGE('',*,*,#875,.F.);
#1142=ORIENTED_EDGE('',*,*,#876,.F.);
#1143=ORIENTED_EDGE('',*,*,#877,.T.);
#1144=ORIENTED_EDGE('',*,*,#878,.T.);
#1145=ORIENTED_EDGE('',*,*,#879,.F.);
#1146=ORIENTED_EDGE('',*,*,#878,.F.);
#1147=ORIENTED_EDGE('',*,*,#880,.F.);
#1148=ORIENTED_EDGE('',*,*,#881,.T.);
#1149=ORIENTED_EDGE('',*,*,#882,.F.);
#1150=ORIENTED_EDGE('',*,*,#883,.T.);
#1151=ORIENTED_EDGE('',*,*,#880,.T.);
#1152=ORIENTED_EDGE('',*,*,#877,.F.);
#1153=ORIENTED_EDGE('',*,*,#884,.F.);
#1154=ORIENTED_EDGE('',*,*,#885,.F.);
#1155=ORIENTED_EDGE('',*,*,#886,.T.);
#1156=ORIENTED_EDGE('',*,*,#816,.F.);
#1157=ORIENTED_EDGE('',*,*,#886,.F.);
#1158=ORIENTED_EDGE('',*,*,#887,.T.);
#1159=ORIENTED_EDGE('',*,*,#888,.F.);
#1160=ORIENTED_EDGE('',*,*,#889,.F.);
#1161=ORIENTED_EDGE('',*,*,#887,.F.);
#1162=ORIENTED_EDGE('',*,*,#885,.T.);
#1163=ORIENTED_EDGE('',*,*,#890,.T.);
#1164=ORIENTED_EDGE('',*,*,#891,.F.);
#1165=ORIENTED_EDGE('',*,*,#892,.F.);
#1166=ORIENTED_EDGE('',*,*,#825,.T.);
#1167=ORIENTED_EDGE('',*,*,#893,.T.);
#1168=ORIENTED_EDGE('',*,*,#894,.F.);
#1169=ORIENTED_EDGE('',*,*,#893,.F.);
#1170=ORIENTED_EDGE('',*,*,#824,.F.);
#1171=ORIENTED_EDGE('',*,*,#895,.T.);
#1172=ORIENTED_EDGE('',*,*,#896,.F.);
#1173=ORIENTED_EDGE('',*,*,#897,.T.);
#1174=ORIENTED_EDGE('',*,*,#898,.T.);
#1175=ORIENTED_EDGE('',*,*,#899,.T.);
#1176=ORIENTED_EDGE('',*,*,#898,.F.);
#1177=ORIENTED_EDGE('',*,*,#900,.T.);
#1178=ORIENTED_EDGE('',*,*,#901,.T.);
#1179=ORIENTED_EDGE('',*,*,#902,.T.);
#1180=ORIENTED_EDGE('',*,*,#903,.T.);
#1181=ORIENTED_EDGE('',*,*,#904,.T.);
#1182=ORIENTED_EDGE('',*,*,#902,.F.);
#1183=ORIENTED_EDGE('',*,*,#905,.T.);
#1184=ORIENTED_EDGE('',*,*,#906,.T.);
#1185=ORIENTED_EDGE('',*,*,#907,.T.);
#1186=ORIENTED_EDGE('',*,*,#906,.F.);
#1187=ORIENTED_EDGE('',*,*,#908,.T.);
#1188=ORIENTED_EDGE('',*,*,#909,.F.);
#1189=ORIENTED_EDGE('',*,*,#910,.F.);
#1190=ORIENTED_EDGE('',*,*,#802,.F.);
#1191=ORIENTED_EDGE('',*,*,#911,.F.);
#1192=ORIENTED_EDGE('',*,*,#912,.F.);
#1193=ORIENTED_EDGE('',*,*,#913,.F.);
#1194=ORIENTED_EDGE('',*,*,#914,.T.);
#1195=ORIENTED_EDGE('',*,*,#903,.F.);
#1196=ORIENTED_EDGE('',*,*,#904,.F.);
#1197=ORIENTED_EDGE('',*,*,#915,.T.);
#1198=ORIENTED_EDGE('',*,*,#916,.F.);
#1199=ORIENTED_EDGE('',*,*,#917,.F.);
#1200=ORIENTED_EDGE('',*,*,#918,.F.);
#1201=ORIENTED_EDGE('',*,*,#919,.F.);
#1202=ORIENTED_EDGE('',*,*,#920,.F.);
#1203=ORIENTED_EDGE('',*,*,#921,.F.);
#1204=ORIENTED_EDGE('',*,*,#922,.T.);
#1205=ORIENTED_EDGE('',*,*,#923,.F.);
#1206=ORIENTED_EDGE('',*,*,#924,.F.);
#1207=ORIENTED_EDGE('',*,*,#925,.T.);
#1208=ORIENTED_EDGE('',*,*,#907,.F.);
#1209=ORIENTED_EDGE('',*,*,#899,.F.);
#1210=ORIENTED_EDGE('',*,*,#926,.T.);
#1211=ORIENTED_EDGE('',*,*,#927,.T.);
#1212=ORIENTED_EDGE('',*,*,#928,.T.);
#1213=ORIENTED_EDGE('',*,*,#923,.T.);
#1214=ORIENTED_EDGE('',*,*,#924,.T.);
#1215=ORIENTED_EDGE('',*,*,#928,.F.);
#1216=ORIENTED_EDGE('',*,*,#929,.F.);
#1217=ORIENTED_EDGE('',*,*,#841,.F.);
#1218=ORIENTED_EDGE('',*,*,#930,.F.);
#1219=ORIENTED_EDGE('',*,*,#853,.F.);
#1220=ORIENTED_EDGE('',*,*,#931,.F.);
#1221=ORIENTED_EDGE('',*,*,#849,.F.);
#1222=ORIENTED_EDGE('',*,*,#932,.F.);
#1223=ORIENTED_EDGE('',*,*,#851,.F.);
#1224=ORIENTED_EDGE('',*,*,#933,.T.);
#1225=ORIENTED_EDGE('',*,*,#934,.F.);
#1226=ORIENTED_EDGE('',*,*,#858,.F.);
#1227=ORIENTED_EDGE('',*,*,#820,.T.);
#1228=ORIENTED_EDGE('',*,*,#856,.T.);
#1229=ORIENTED_EDGE('',*,*,#935,.F.);
#1230=ORIENTED_EDGE('',*,*,#854,.F.);
#1231=ORIENTED_EDGE('',*,*,#826,.T.);
#1232=ORIENTED_EDGE('',*,*,#892,.T.);
#1233=ORIENTED_EDGE('',*,*,#936,.F.);
#1234=ORIENTED_EDGE('',*,*,#890,.F.);
#1235=ORIENTED_EDGE('',*,*,#884,.T.);
#1236=ORIENTED_EDGE('',*,*,#876,.T.);
#1237=ORIENTED_EDGE('',*,*,#937,.F.);
#1238=ORIENTED_EDGE('',*,*,#874,.F.);
#1239=ORIENTED_EDGE('',*,*,#868,.T.);
#1240=ORIENTED_EDGE('',*,*,#860,.T.);
#1241=ORIENTED_EDGE('',*,*,#938,.F.);
#1242=ORIENTED_EDGE('',*,*,#799,.F.);
#1243=ORIENTED_EDGE('',*,*,#792,.T.);
#1244=ORIENTED_EDGE('',*,*,#767,.T.);
#1245=ORIENTED_EDGE('',*,*,#768,.T.);
#1246=ORIENTED_EDGE('',*,*,#772,.T.);
#1247=ORIENTED_EDGE('',*,*,#773,.T.);
#1248=ORIENTED_EDGE('',*,*,#777,.T.);
#1249=ORIENTED_EDGE('',*,*,#778,.T.);
#1250=ORIENTED_EDGE('',*,*,#782,.T.);
#1251=ORIENTED_EDGE('',*,*,#783,.T.);
#1252=ORIENTED_EDGE('',*,*,#787,.T.);
#1253=ORIENTED_EDGE('',*,*,#788,.T.);
#1254=ORIENTED_EDGE('',*,*,#867,.F.);
#1255=ORIENTED_EDGE('',*,*,#873,.T.);
#1256=ORIENTED_EDGE('',*,*,#939,.F.);
#1257=ORIENTED_EDGE('',*,*,#865,.F.);
#1258=ORIENTED_EDGE('',*,*,#883,.F.);
#1259=ORIENTED_EDGE('',*,*,#889,.T.);
#1260=ORIENTED_EDGE('',*,*,#940,.F.);
#1261=ORIENTED_EDGE('',*,*,#881,.F.);
#1262=ORIENTED_EDGE('',*,*,#823,.F.);
#1263=ORIENTED_EDGE('',*,*,#831,.T.);
#1264=ORIENTED_EDGE('',*,*,#941,.F.);
#1265=ORIENTED_EDGE('',*,*,#895,.F.);
#1266=ORIENTED_EDGE('',*,*,#817,.F.);
#1267=ORIENTED_EDGE('',*,*,#837,.T.);
#1268=ORIENTED_EDGE('',*,*,#942,.F.);
#1269=ORIENTED_EDGE('',*,*,#833,.F.);
#1270=ORIENTED_EDGE('',*,*,#938,.T.);
#1271=ORIENTED_EDGE('',*,*,#863,.T.);
#1272=ORIENTED_EDGE('',*,*,#866,.T.);
#1273=ORIENTED_EDGE('',*,*,#939,.T.);
#1274=ORIENTED_EDGE('',*,*,#872,.T.);
#1275=ORIENTED_EDGE('',*,*,#875,.T.);
#1276=ORIENTED_EDGE('',*,*,#937,.T.);
#1277=ORIENTED_EDGE('',*,*,#879,.T.);
#1278=ORIENTED_EDGE('',*,*,#882,.T.);
#1279=ORIENTED_EDGE('',*,*,#940,.T.);
#1280=ORIENTED_EDGE('',*,*,#888,.T.);
#1281=ORIENTED_EDGE('',*,*,#891,.T.);
#1282=ORIENTED_EDGE('',*,*,#936,.T.);
#1283=ORIENTED_EDGE('',*,*,#894,.T.);
#1284=ORIENTED_EDGE('',*,*,#896,.T.);
#1285=ORIENTED_EDGE('',*,*,#941,.T.);
#1286=ORIENTED_EDGE('',*,*,#830,.T.);
#1287=ORIENTED_EDGE('',*,*,#855,.T.);
#1288=ORIENTED_EDGE('',*,*,#935,.T.);
#1289=ORIENTED_EDGE('',*,*,#857,.T.);
#1290=ORIENTED_EDGE('',*,*,#834,.T.);
#1291=ORIENTED_EDGE('',*,*,#942,.T.);
#1292=ORIENTED_EDGE('',*,*,#836,.T.);
#1293=ORIENTED_EDGE('',*,*,#859,.T.);
#1294=ORIENTED_EDGE('',*,*,#934,.T.);
#1295=ORIENTED_EDGE('',*,*,#943,.T.);
#1296=ORIENTED_EDGE('',*,*,#944,.T.);
#1297=ORIENTED_EDGE('',*,*,#800,.T.);
#1298=ORIENTED_EDGE('',*,*,#804,.T.);
#1299=ORIENTED_EDGE('',*,*,#945,.F.);
#1300=ORIENTED_EDGE('',*,*,#946,.T.);
#1301=ORIENTED_EDGE('',*,*,#947,.T.);
#1302=ORIENTED_EDGE('',*,*,#948,.T.);
#1303=ORIENTED_EDGE('',*,*,#949,.F.);
#1304=ORIENTED_EDGE('',*,*,#950,.T.);
#1305=ORIENTED_EDGE('',*,*,#797,.T.);
#1306=ORIENTED_EDGE('',*,*,#951,.T.);
#1307=ORIENTED_EDGE('',*,*,#952,.F.);
#1308=ORIENTED_EDGE('',*,*,#953,.T.);
#1309=ORIENTED_EDGE('',*,*,#954,.F.);
#1310=ORIENTED_EDGE('',*,*,#955,.T.);
#1311=ORIENTED_EDGE('',*,*,#956,.T.);
#1312=ORIENTED_EDGE('',*,*,#957,.T.);
#1313=ORIENTED_EDGE('',*,*,#958,.T.);
#1314=ORIENTED_EDGE('',*,*,#959,.T.);
#1315=ORIENTED_EDGE('',*,*,#960,.T.);
#1316=ORIENTED_EDGE('',*,*,#961,.T.);
#1317=ORIENTED_EDGE('',*,*,#962,.T.);
#1318=ORIENTED_EDGE('',*,*,#963,.T.);
#1319=ORIENTED_EDGE('',*,*,#964,.T.);
#1320=ORIENTED_EDGE('',*,*,#965,.T.);
#1321=ORIENTED_EDGE('',*,*,#966,.T.);
#1322=ORIENTED_EDGE('',*,*,#945,.T.);
#1323=ORIENTED_EDGE('',*,*,#803,.T.);
#1324=ORIENTED_EDGE('',*,*,#910,.T.);
#1325=ORIENTED_EDGE('',*,*,#967,.T.);
#1326=ORIENTED_EDGE('',*,*,#946,.F.);
#1327=ORIENTED_EDGE('',*,*,#966,.F.);
#1328=ORIENTED_EDGE('',*,*,#909,.T.);
#1329=ORIENTED_EDGE('',*,*,#968,.F.);
#1330=ORIENTED_EDGE('',*,*,#951,.F.);
#1331=ORIENTED_EDGE('',*,*,#969,.T.);
#1332=ORIENTED_EDGE('',*,*,#913,.T.);
#1333=ORIENTED_EDGE('',*,*,#970,.T.);
#1334=ORIENTED_EDGE('',*,*,#952,.T.);
#1335=ORIENTED_EDGE('',*,*,#968,.T.);
#1336=ORIENTED_EDGE('',*,*,#912,.T.);
#1337=ORIENTED_EDGE('',*,*,#971,.F.);
#1338=ORIENTED_EDGE('',*,*,#953,.F.);
#1339=ORIENTED_EDGE('',*,*,#970,.F.);
#1340=ORIENTED_EDGE('',*,*,#911,.T.);
#1341=ORIENTED_EDGE('',*,*,#801,.T.);
#1342=ORIENTED_EDGE('',*,*,#944,.F.);
#1343=ORIENTED_EDGE('',*,*,#972,.F.);
#1344=ORIENTED_EDGE('',*,*,#918,.T.);
#1345=ORIENTED_EDGE('',*,*,#770,.T.);
#1346=ORIENTED_EDGE('',*,*,#771,.T.);
#1347=ORIENTED_EDGE('',*,*,#775,.T.);
#1348=ORIENTED_EDGE('',*,*,#776,.T.);
#1349=ORIENTED_EDGE('',*,*,#780,.T.);
#1350=ORIENTED_EDGE('',*,*,#781,.T.);
#1351=ORIENTED_EDGE('',*,*,#785,.T.);
#1352=ORIENTED_EDGE('',*,*,#786,.T.);
#1353=ORIENTED_EDGE('',*,*,#790,.T.);
#1354=ORIENTED_EDGE('',*,*,#791,.T.);
#1355=ORIENTED_EDGE('',*,*,#795,.T.);
#1356=ORIENTED_EDGE('',*,*,#798,.T.);
#1357=ORIENTED_EDGE('',*,*,#950,.F.);
#1358=ORIENTED_EDGE('',*,*,#973,.F.);
#1359=ORIENTED_EDGE('',*,*,#919,.T.);
#1360=ORIENTED_EDGE('',*,*,#972,.T.);
#1361=ORIENTED_EDGE('',*,*,#943,.F.);
#1362=ORIENTED_EDGE('',*,*,#933,.F.);
#1363=ORIENTED_EDGE('',*,*,#961,.F.);
#1364=ORIENTED_EDGE('',*,*,#974,.T.);
#1365=ORIENTED_EDGE('',*,*,#927,.F.);
#1366=ORIENTED_EDGE('',*,*,#974,.F.);
#1367=ORIENTED_EDGE('',*,*,#964,.F.);
#1368=ORIENTED_EDGE('',*,*,#975,.T.);
#1369=ORIENTED_EDGE('',*,*,#908,.F.);
#1370=ORIENTED_EDGE('',*,*,#905,.F.);
#1371=ORIENTED_EDGE('',*,*,#975,.F.);
#1372=ORIENTED_EDGE('',*,*,#962,.F.);
#1373=ORIENTED_EDGE('',*,*,#976,.T.);
#1374=ORIENTED_EDGE('',*,*,#901,.F.);
#1375=ORIENTED_EDGE('',*,*,#976,.F.);
#1376=ORIENTED_EDGE('',*,*,#965,.F.);
#1377=ORIENTED_EDGE('',*,*,#977,.T.);
#1378=ORIENTED_EDGE('',*,*,#900,.F.);
#1379=ORIENTED_EDGE('',*,*,#897,.F.);
#1380=ORIENTED_EDGE('',*,*,#977,.F.);
#1381=ORIENTED_EDGE('',*,*,#963,.F.);
#1382=ORIENTED_EDGE('',*,*,#978,.T.);
#1383=ORIENTED_EDGE('',*,*,#926,.F.);
#1384=ORIENTED_EDGE('',*,*,#978,.F.);
#1385=ORIENTED_EDGE('',*,*,#969,.F.);
#1386=ORIENTED_EDGE('',*,*,#956,.F.);
#1387=ORIENTED_EDGE('',*,*,#979,.F.);
#1388=ORIENTED_EDGE('',*,*,#915,.F.);
#1389=ORIENTED_EDGE('',*,*,#914,.F.);
#1390=ORIENTED_EDGE('',*,*,#980,.F.);
#1391=ORIENTED_EDGE('',*,*,#947,.F.);
#1392=ORIENTED_EDGE('',*,*,#967,.F.);
#1393=ORIENTED_EDGE('',*,*,#925,.F.);
#1394=ORIENTED_EDGE('',*,*,#922,.F.);
#1395=ORIENTED_EDGE('',*,*,#981,.F.);
#1396=ORIENTED_EDGE('',*,*,#948,.F.);
#1397=ORIENTED_EDGE('',*,*,#980,.T.);
#1398=ORIENTED_EDGE('',*,*,#921,.T.);
#1399=ORIENTED_EDGE('',*,*,#973,.T.);
#1400=ORIENTED_EDGE('',*,*,#949,.T.);
#1401=ORIENTED_EDGE('',*,*,#981,.T.);
#1402=ORIENTED_EDGE('',*,*,#920,.T.);
#1403=ORIENTED_EDGE('',*,*,#982,.T.);
#1404=ORIENTED_EDGE('',*,*,#954,.T.);
#1405=ORIENTED_EDGE('',*,*,#971,.T.);
#1406=ORIENTED_EDGE('',*,*,#917,.T.);
#1407=ORIENTED_EDGE('',*,*,#979,.T.);
#1408=ORIENTED_EDGE('',*,*,#955,.F.);
#1409=ORIENTED_EDGE('',*,*,#982,.F.);
#1410=ORIENTED_EDGE('',*,*,#916,.T.);
#1411=ORIENTED_EDGE('',*,*,#957,.F.);
#1412=ORIENTED_EDGE('',*,*,#983,.T.);
#1413=ORIENTED_EDGE('',*,*,#932,.T.);
#1414=ORIENTED_EDGE('',*,*,#983,.F.);
#1415=ORIENTED_EDGE('',*,*,#958,.F.);
#1416=ORIENTED_EDGE('',*,*,#984,.T.);
#1417=ORIENTED_EDGE('',*,*,#929,.T.);
#1418=ORIENTED_EDGE('',*,*,#984,.F.);
#1419=ORIENTED_EDGE('',*,*,#959,.F.);
#1420=ORIENTED_EDGE('',*,*,#985,.T.);
#1421=ORIENTED_EDGE('',*,*,#930,.T.);
#1422=ORIENTED_EDGE('',*,*,#985,.F.);
#1423=ORIENTED_EDGE('',*,*,#960,.F.);
#1424=ORIENTED_EDGE('',*,*,#986,.T.);
#1425=ORIENTED_EDGE('',*,*,#931,.T.);
#1426=ORIENTED_EDGE('',*,*,#986,.F.);
#1427=CYLINDRICAL_SURFACE('',#1549,1.25);
#1428=CYLINDRICAL_SURFACE('',#1550,1.25);
#1429=CYLINDRICAL_SURFACE('',#1551,1.25);
#1430=CYLINDRICAL_SURFACE('',#1552,1.25);
#1431=CYLINDRICAL_SURFACE('',#1553,1.25);
#1432=CYLINDRICAL_SURFACE('',#1557,55.8416505871451);
#1433=CYLINDRICAL_SURFACE('',#1560,6.6445);
#1434=CYLINDRICAL_SURFACE('',#1563,6.6445);
#1435=CYLINDRICAL_SURFACE('',#1566,6.6445);
#1436=CYLINDRICAL_SURFACE('',#1569,6.6445);
#1437=CYLINDRICAL_SURFACE('',#1582,3.95590888734815);
#1438=CYLINDRICAL_SURFACE('',#1593,3.95590888734815);
#1439=CYLINDRICAL_SURFACE('',#1595,3.95590888734815);
#1440=CYLINDRICAL_SURFACE('',#1597,3.95590888734815);
#1441=CYLINDRICAL_SURFACE('',#1652,47.5416505871451);
#1442=CYLINDRICAL_SURFACE('',#1681,5.);
#1443=CYLINDRICAL_SURFACE('',#1684,1.588);
#1444=CYLINDRICAL_SURFACE('',#1685,30.1043494128549);
#1445=CYLINDRICAL_SURFACE('',#1687,1.55);
#1446=CYLINDRICAL_SURFACE('',#1688,1.55);
#1447=CYLINDRICAL_SURFACE('',#1689,1.55);
#1448=CYLINDRICAL_SURFACE('',#1690,1.55);
#1449=CYLINDRICAL_SURFACE('',#1691,3.75);
#1450=CYLINDRICAL_SURFACE('',#1692,10.);
#1451=CYLINDRICAL_SURFACE('',#1693,10.);
#1452=CYLINDRICAL_SURFACE('',#1695,5.);
#1453=CYLINDRICAL_SURFACE('',#1696,1.588);
#1454=CYLINDRICAL_SURFACE('',#1698,6.6445);
#1455=CYLINDRICAL_SURFACE('',#1699,6.6445);
#1456=CYLINDRICAL_SURFACE('',#1700,6.6445);
#1457=CYLINDRICAL_SURFACE('',#1701,6.6445);
#1458=ADVANCED_FACE('',(#168),#1427,.F.);
#1459=ADVANCED_FACE('',(#169),#1428,.F.);
#1460=ADVANCED_FACE('',(#170),#1429,.F.);
#1461=ADVANCED_FACE('',(#171),#1430,.F.);
#1462=ADVANCED_FACE('',(#172),#1431,.F.);
#1463=ADVANCED_FACE('',(#173),#126,.F.);
#1464=ADVANCED_FACE('',(#174),#1432,.T.);
#1465=ADVANCED_FACE('',(#175),#127,.F.);
#1466=ADVANCED_FACE('',(#176),#1433,.F.);
#1467=ADVANCED_FACE('',(#177),#1434,.F.);
#1468=ADVANCED_FACE('',(#178),#1435,.F.);
#1469=ADVANCED_FACE('',(#179),#1436,.F.);
#1470=ADVANCED_FACE('',(#180,#19),#128,.F.);
#1471=ADVANCED_FACE('',(#181,#20),#129,.F.);
#1472=ADVANCED_FACE('',(#182),#130,.F.);
#1473=ADVANCED_FACE('',(#183),#131,.F.);
#1474=ADVANCED_FACE('',(#184),#132,.F.);
#1475=ADVANCED_FACE('',(#185),#133,.F.);
#1476=ADVANCED_FACE('',(#186),#1437,.F.);
#1477=ADVANCED_FACE('',(#187),#134,.F.);
#1478=ADVANCED_FACE('',(#188),#135,.F.);
#1479=ADVANCED_FACE('',(#189),#136,.F.);
#1480=ADVANCED_FACE('',(#190),#1438,.F.);
#1481=ADVANCED_FACE('',(#191),#1439,.F.);
#1482=ADVANCED_FACE('',(#192),#1440,.F.);
#1483=ADVANCED_FACE('',(#193),#137,.T.);
#1484=ADVANCED_FACE('',(#194),#138,.T.);
#1485=ADVANCED_FACE('',(#195),#139,.T.);
#1486=ADVANCED_FACE('',(#196),#140,.T.);
#1487=ADVANCED_FACE('',(#197),#141,.F.);
#1488=ADVANCED_FACE('',(#198,#21),#142,.F.);
#1489=ADVANCED_FACE('',(#199),#143,.F.);
#1490=ADVANCED_FACE('',(#200),#144,.T.);
#1491=ADVANCED_FACE('',(#201),#145,.T.);
#1492=ADVANCED_FACE('',(#202),#146,.F.);
#1493=ADVANCED_FACE('',(#203,#22),#147,.F.);
#1494=ADVANCED_FACE('',(#204),#148,.F.);
#1495=ADVANCED_FACE('',(#205),#149,.T.);
#1496=ADVANCED_FACE('',(#206),#150,.T.);
#1497=ADVANCED_FACE('',(#207),#151,.F.);
#1498=ADVANCED_FACE('',(#208),#15,.F.);
#1499=ADVANCED_FACE('',(#209),#16,.F.);
#1500=ADVANCED_FACE('',(#210),#17,.F.);
#1501=ADVANCED_FACE('',(#211,#23,#24,#25),#152,.T.);
#1502=ADVANCED_FACE('',(#212),#18,.F.);
#1503=ADVANCED_FACE('',(#213,#26),#153,.T.);
#1504=ADVANCED_FACE('',(#214,#27),#154,.T.);
#1505=ADVANCED_FACE('',(#215,#28),#155,.T.);
#1506=ADVANCED_FACE('',(#216,#29),#156,.T.);
#1507=ADVANCED_FACE('',(#217,#30,#31,#32,#33,#34),#1441,.T.);
#1508=ADVANCED_FACE('',(#218),#157,.T.);
#1509=ADVANCED_FACE('',(#219),#158,.T.);
#1510=ADVANCED_FACE('',(#220),#159,.T.);
#1511=ADVANCED_FACE('',(#221),#160,.T.);
#1512=ADVANCED_FACE('',(#222),#161,.T.);
#1513=ADVANCED_FACE('',(#223,#35,#36,#37,#38,#39,#40,#41,#42,#43,#44),#162,
 .F.);
#1514=ADVANCED_FACE('',(#224),#1442,.F.);
#1515=ADVANCED_FACE('',(#225),#163,.T.);
#1516=ADVANCED_FACE('',(#226),#164,.T.);
#1517=ADVANCED_FACE('',(#227),#1443,.F.);
#1518=ADVANCED_FACE('',(#228,#45,#46,#47,#48,#49),#1444,.F.);
#1519=ADVANCED_FACE('',(#229),#165,.F.);
#1520=ADVANCED_FACE('',(#230),#1445,.F.);
#1521=ADVANCED_FACE('',(#231),#1446,.F.);
#1522=ADVANCED_FACE('',(#232),#1447,.F.);
#1523=ADVANCED_FACE('',(#233),#1448,.F.);
#1524=ADVANCED_FACE('',(#234),#1449,.F.);
#1525=ADVANCED_FACE('',(#235),#1450,.T.);
#1526=ADVANCED_FACE('',(#236),#1451,.T.);
#1527=ADVANCED_FACE('',(#237),#166,.T.);
#1528=ADVANCED_FACE('',(#238),#1452,.F.);
#1529=ADVANCED_FACE('',(#239),#1453,.F.);
#1530=ADVANCED_FACE('',(#240),#167,.T.);
#1531=ADVANCED_FACE('',(#241),#1454,.F.);
#1532=ADVANCED_FACE('',(#242),#1455,.F.);
#1533=ADVANCED_FACE('',(#243),#1456,.F.);
#1534=ADVANCED_FACE('',(#244),#1457,.F.);
#1535=CLOSED_SHELL('',(#1458,#1459,#1460,#1461,#1462,#1463,#1464,#1465,
#1466,#1467,#1468,#1469,#1470,#1471,#1472,#1473,#1474,#1475,#1476,#1477,
#1478,#1479,#1480,#1481,#1482,#1483,#1484,#1485,#1486,#1487,#1488,#1489,
#1490,#1491,#1492,#1493,#1494,#1495,#1496,#1497,#1498,#1499,#1500,#1501,
#1502,#1503,#1504,#1505,#1506,#1507,#1508,#1509,#1510,#1511,#1512,#1513,
#1514,#1515,#1516,#1517,#1518,#1519,#1520,#1521,#1522,#1523,#1524,#1525,
#1526,#1527,#1528,#1529,#1530,#1531,#1532,#1533,#1534));
#1536=DERIVED_UNIT_ELEMENT(#1538,1.);
#1537=DERIVED_UNIT_ELEMENT(#2923,-3.);
#1538=(
MASS_UNIT()
NAMED_UNIT(*)
SI_UNIT(.KILO.,.GRAM.)
);
#1539=DERIVED_UNIT((#1536,#1537));
#1540=MEASURE_REPRESENTATION_ITEM('density measure',
POSITIVE_RATIO_MEASURE(1000.),#1539);
#1541=PROPERTY_DEFINITION_REPRESENTATION(#1546,#1543);
#1542=PROPERTY_DEFINITION_REPRESENTATION(#1547,#1544);
#1543=REPRESENTATION('material name',(#1545),#2920);
#1544=REPRESENTATION('density',(#1540),#2920);
#1545=DESCRIPTIVE_REPRESENTATION_ITEM('Generic','Generic');
#1546=PROPERTY_DEFINITION('material property','material name',#2930);
#1547=PROPERTY_DEFINITION('material property','density of part',#2930);
#1548=AXIS2_PLACEMENT_3D('',#2134,#1702,#1703);
#1549=AXIS2_PLACEMENT_3D('',#2135,#1704,#1705);
#1550=AXIS2_PLACEMENT_3D('',#2213,#1707,#1708);
#1551=AXIS2_PLACEMENT_3D('',#2291,#1710,#1711);
#1552=AXIS2_PLACEMENT_3D('',#2369,#1713,#1714);
#1553=AXIS2_PLACEMENT_3D('',#2447,#1716,#1717);
#1554=AXIS2_PLACEMENT_3D('',#2525,#1719,#1720);
#1555=AXIS2_PLACEMENT_3D('',#2528,#1721,#1722);
#1556=AXIS2_PLACEMENT_3D('',#2532,#1724,#1725);
#1557=AXIS2_PLACEMENT_3D('',#2534,#1727,#1728);
#1558=AXIS2_PLACEMENT_3D('',#2538,#1730,#1731);
#1559=AXIS2_PLACEMENT_3D('',#2540,#1733,#1734);
#1560=AXIS2_PLACEMENT_3D('',#2552,#1741,#1742);
#1561=AXIS2_PLACEMENT_3D('',#2554,#1743,#1744);
#1562=AXIS2_PLACEMENT_3D('',#2557,#1746,#1747);
#1563=AXIS2_PLACEMENT_3D('',#2558,#1748,#1749);
#1564=AXIS2_PLACEMENT_3D('',#2560,#1750,#1751);
#1565=AXIS2_PLACEMENT_3D('',#2563,#1753,#1754);
#1566=AXIS2_PLACEMENT_3D('',#2564,#1755,#1756);
#1567=AXIS2_PLACEMENT_3D('',#2566,#1757,#1758);
#1568=AXIS2_PLACEMENT_3D('',#2569,#1760,#1761);
#1569=AXIS2_PLACEMENT_3D('',#2570,#1762,#1763);
#1570=AXIS2_PLACEMENT_3D('',#2572,#1764,#1765);
#1571=AXIS2_PLACEMENT_3D('',#2575,#1767,#1768);
#1572=AXIS2_PLACEMENT_3D('',#2576,#1769,#1770);
#1573=AXIS2_PLACEMENT_3D('',#2585,#1774,#1775);
#1574=AXIS2_PLACEMENT_3D('',#2589,#1778,#1779);
#1575=AXIS2_PLACEMENT_3D('',#2598,#1783,#1784);
#1576=AXIS2_PLACEMENT_3D('',#2602,#1787,#1788);
#1577=AXIS2_PLACEMENT_3D('',#2608,#1792,#1793);
#1578=AXIS2_PLACEMENT_3D('',#2614,#1797,#1798);
#1579=AXIS2_PLACEMENT_3D('',#2620,#1802,#1803);
#1580=AXIS2_PLACEMENT_3D('',#2622,#1804,#1805);
#1581=AXIS2_PLACEMENT_3D('',#2623,#1806,#1807);
#1582=AXIS2_PLACEMENT_3D('',#2624,#1808,#1809);
#1583=AXIS2_PLACEMENT_3D('',#2627,#1811,#1812);
#1584=AXIS2_PLACEMENT_3D('',#2628,#1813,#1814);
#1585=AXIS2_PLACEMENT_3D('',#2630,#1815,#1816);
#1586=AXIS2_PLACEMENT_3D('',#2631,#1817,#1818);
#1587=AXIS2_PLACEMENT_3D('',#2632,#1819,#1820);
#1588=AXIS2_PLACEMENT_3D('',#2634,#1821,#1822);
#1589=AXIS2_PLACEMENT_3D('',#2635,#1823,#1824);
#1590=AXIS2_PLACEMENT_3D('',#2636,#1825,#1826);
#1591=AXIS2_PLACEMENT_3D('',#2638,#1827,#1828);
#1592=AXIS2_PLACEMENT_3D('',#2639,#1829,#1830);
#1593=AXIS2_PLACEMENT_3D('',#2640,#1831,#1832);
#1594=AXIS2_PLACEMENT_3D('',#2643,#1834,#1835);
#1595=AXIS2_PLACEMENT_3D('',#2644,#1836,#1837);
#1596=AXIS2_PLACEMENT_3D('',#2647,#1839,#1840);
#1597=AXIS2_PLACEMENT_3D('',#2648,#1841,#1842);
#1598=AXIS2_PLACEMENT_3D('',#2651,#1844,#1845);
#1599=AXIS2_PLACEMENT_3D('',#2652,#1846,#1847);
#1600=AXIS2_PLACEMENT_3D('',#2656,#1850,#1851);
#1601=AXIS2_PLACEMENT_3D('',#2660,#1854,#1855);
#1602=AXIS2_PLACEMENT_3D('',#2664,#1858,#1859);
#1603=AXIS2_PLACEMENT_3D('',#2673,#1864,#1865);
#1604=AXIS2_PLACEMENT_3D('',#2679,#1869,#1870);
#1605=AXIS2_PLACEMENT_3D('',#2683,#1872,#1873);
#1606=AXIS2_PLACEMENT_3D('',#2687,#1876,#1877);
#1607=AXIS2_PLACEMENT_3D('',#2693,#1881,#1882);
#1608=AXIS2_PLACEMENT_3D('',#2697,#1885,#1886);
#1609=AXIS2_PLACEMENT_3D('',#2706,#1891,#1892);
#1610=AXIS2_PLACEMENT_3D('',#2712,#1896,#1897);
#1611=AXIS2_PLACEMENT_3D('',#2716,#1899,#1900);
#1612=AXIS2_PLACEMENT_3D('',#2720,#1903,#1904);
#1613=AXIS2_PLACEMENT_3D('',#2726,#1908,#1909);
#1614=AXIS2_PLACEMENT_3D('',#2730,#1912,#1913);
#1615=AXIS2_PLACEMENT_3D('',#2736,#1917,#1918);
#1616=AXIS2_PLACEMENT_3D('',#2740,#1921,#1922);
#1617=AXIS2_PLACEMENT_3D('',#2743,#1923,#1924);
#1618=AXIS2_PLACEMENT_3D('',#2746,#1926,#1927);
#1619=AXIS2_PLACEMENT_3D('',#2747,#1928,#1929);
#1620=AXIS2_PLACEMENT_3D('',#2748,#1930,#1931);
#1621=AXIS2_PLACEMENT_3D('',#2750,#1932,#1933);
#1622=AXIS2_PLACEMENT_3D('',#2754,#1935,#1936);
#1623=AXIS2_PLACEMENT_3D('',#2755,#1937,#1938);
#1624=AXIS2_PLACEMENT_3D('',#2756,#1939,#1940);
#1625=AXIS2_PLACEMENT_3D('',#2759,#1941,#1942);
#1626=AXIS2_PLACEMENT_3D('',#2762,#1944,#1945);
#1627=AXIS2_PLACEMENT_3D('',#2763,#1946,#1947);
#1628=AXIS2_PLACEMENT_3D('',#2764,#1948,#1949);
#1629=AXIS2_PLACEMENT_3D('',#2768,#1951,#1952);
#1630=AXIS2_PLACEMENT_3D('',#2770,#1953,#1954);
#1631=AXIS2_PLACEMENT_3D('',#2772,#1955,#1956);
#1632=AXIS2_PLACEMENT_3D('',#2775,#1958,#1959);
#1633=AXIS2_PLACEMENT_3D('',#2777,#1960,#1961);
#1634=AXIS2_PLACEMENT_3D('',#2781,#1963,#1964);
#1635=AXIS2_PLACEMENT_3D('',#2783,#1965,#1966);
#1636=AXIS2_PLACEMENT_3D('',#2787,#1968,#1969);
#1637=AXIS2_PLACEMENT_3D('',#2791,#1971,#1972);
#1638=AXIS2_PLACEMENT_3D('',#2793,#1973,#1974);
#1639=AXIS2_PLACEMENT_3D('',#2794,#1975,#1976);
#1640=AXIS2_PLACEMENT_3D('',#2795,#1977,#1978);
#1641=AXIS2_PLACEMENT_3D('',#2797,#1979,#1980);
#1642=AXIS2_PLACEMENT_3D('',#2798,#1981,#1982);
#1643=AXIS2_PLACEMENT_3D('',#2800,#1983,#1984);
#1644=AXIS2_PLACEMENT_3D('',#2802,#1986,#1987);
#1645=AXIS2_PLACEMENT_3D('',#2804,#1988,#1989);
#1646=AXIS2_PLACEMENT_3D('',#2805,#1990,#1991);
#1647=AXIS2_PLACEMENT_3D('',#2807,#1992,#1993);
#1648=AXIS2_PLACEMENT_3D('',#2808,#1994,#1995);
#1649=AXIS2_PLACEMENT_3D('',#2810,#1996,#1997);
#1650=AXIS2_PLACEMENT_3D('',#2811,#1998,#1999);
#1651=AXIS2_PLACEMENT_3D('',#2813,#2000,#2001);
#1652=AXIS2_PLACEMENT_3D('',#2814,#2002,#2003);
#1653=AXIS2_PLACEMENT_3D('',#2817,#2005,#2006);
#1654=AXIS2_PLACEMENT_3D('',#2818,#2007,#2008);
#1655=AXIS2_PLACEMENT_3D('',#2819,#2009,#2010);
#1656=AXIS2_PLACEMENT_3D('',#2820,#2011,#2012);
#1657=AXIS2_PLACEMENT_3D('',#2821,#2013,#2014);
#1658=AXIS2_PLACEMENT_3D('',#2822,#2015,#2016);
#1659=AXIS2_PLACEMENT_3D('',#2824,#2018,#2019);
#1660=AXIS2_PLACEMENT_3D('',#2826,#2021,#2022);
#1661=AXIS2_PLACEMENT_3D('',#2828,#2024,#2025);
#1662=AXIS2_PLACEMENT_3D('',#2830,#2027,#2028);
#1663=AXIS2_PLACEMENT_3D('',#2833,#2030,#2031);
#1664=AXIS2_PLACEMENT_3D('',#2834,#2032,#2033);
#1665=AXIS2_PLACEMENT_3D('',#2836,#2034,#2035);
#1666=AXIS2_PLACEMENT_3D('',#2840,#2037,#2038);
#1667=AXIS2_PLACEMENT_3D('',#2844,#2040,#2041);
#1668=AXIS2_PLACEMENT_3D('',#2850,#2044,#2045);
#1669=AXIS2_PLACEMENT_3D('',#2852,#2046,#2047);
#1670=AXIS2_PLACEMENT_3D('',#2854,#2048,#2049);
#1671=AXIS2_PLACEMENT_3D('',#2857,#2051,#2052);
#1672=AXIS2_PLACEMENT_3D('',#2859,#2053,#2054);
#1673=AXIS2_PLACEMENT_3D('',#2861,#2055,#2056);
#1674=AXIS2_PLACEMENT_3D('',#2863,#2057,#2058);
#1675=AXIS2_PLACEMENT_3D('',#2865,#2059,#2060);
#1676=AXIS2_PLACEMENT_3D('',#2867,#2061,#2062);
#1677=AXIS2_PLACEMENT_3D('',#2869,#2063,#2064);
#1678=AXIS2_PLACEMENT_3D('',#2871,#2065,#2066);
#1679=AXIS2_PLACEMENT_3D('',#2873,#2067,#2068);
#1680=AXIS2_PLACEMENT_3D('',#2875,#2069,#2070);
#1681=AXIS2_PLACEMENT_3D('',#2876,#2071,#2072);
#1682=AXIS2_PLACEMENT_3D('',#2878,#2074,#2075);
#1683=AXIS2_PLACEMENT_3D('',#2880,#2077,#2078);
#1684=AXIS2_PLACEMENT_3D('',#2883,#2081,#2082);
#1685=AXIS2_PLACEMENT_3D('',#2885,#2084,#2085);
#1686=AXIS2_PLACEMENT_3D('',#2888,#2088,#2089);
#1687=AXIS2_PLACEMENT_3D('',#2890,#2091,#2092);
#1688=AXIS2_PLACEMENT_3D('',#2892,#2094,#2095);
#1689=AXIS2_PLACEMENT_3D('',#2894,#2097,#2098);
#1690=AXIS2_PLACEMENT_3D('',#2896,#2100,#2101);
#1691=AXIS2_PLACEMENT_3D('',#2898,#2103,#2104);
#1692=AXIS2_PLACEMENT_3D('',#2900,#2106,#2107);
#1693=AXIS2_PLACEMENT_3D('',#2902,#2109,#2110);
#1694=AXIS2_PLACEMENT_3D('',#2904,#2112,#2113);
#1695=AXIS2_PLACEMENT_3D('',#2906,#2115,#2116);
#1696=AXIS2_PLACEMENT_3D('',#2907,#2117,#2118);
#1697=AXIS2_PLACEMENT_3D('',#2909,#2120,#2121);
#1698=AXIS2_PLACEMENT_3D('',#2910,#2122,#2123);
#1699=AXIS2_PLACEMENT_3D('',#2912,#2125,#2126);
#1700=AXIS2_PLACEMENT_3D('',#2914,#2128,#2129);
#1701=AXIS2_PLACEMENT_3D('',#2916,#2131,#2132);
#1702=DIRECTION('axis',(0.,0.,1.));
#1703=DIRECTION('refdir',(1.,0.,0.));
#1704=DIRECTION('center_axis',(0.939692620785908,0.,0.342020143325669));
#1705=DIRECTION('ref_axis',(0.,-1.,0.));
#1706=DIRECTION('',(0.939692620785909,0.,0.342020143325669));
#1707=DIRECTION('center_axis',(0.939692620785908,0.,-0.342020143325669));
#1708=DIRECTION('ref_axis',(0.,-1.,0.));
#1709=DIRECTION('',(0.939692620785908,0.,-0.342020143325669));
#1710=DIRECTION('center_axis',(0.500000000000001,0.,-0.866025403784438));
#1711=DIRECTION('ref_axis',(0.,-1.,0.));
#1712=DIRECTION('',(0.500000000000001,0.,-0.866025403784438));
#1713=DIRECTION('center_axis',(-0.173648177666931,0.,-0.984807753012208));
#1714=DIRECTION('ref_axis',(0.,1.,0.));
#1715=DIRECTION('',(-0.173648177666931,0.,-0.984807753012208));
#1716=DIRECTION('center_axis',(-0.766044443118978,0.,-0.64278760968654));
#1717=DIRECTION('ref_axis',(0.,1.,0.));
#1718=DIRECTION('',(-0.766044443118978,0.,-0.64278760968654));
#1719=DIRECTION('center_axis',(0.,-1.,0.));
#1720=DIRECTION('ref_axis',(0.,0.,-1.));
#1721=DIRECTION('center_axis',(0.,1.,0.));
#1722=DIRECTION('ref_axis',(-0.500000000000009,0.,0.866025403784433));
#1723=DIRECTION('',(0.88299169802412,0.,0.469388603632941));
#1724=DIRECTION('center_axis',(0.,1.,0.));
#1725=DIRECTION('ref_axis',(0.84799830400508,0.,0.529998940003193));
#1726=DIRECTION('',(0.84799830400508,0.,0.529998940003193));
#1727=DIRECTION('center_axis',(0.,-1.,0.));
#1728=DIRECTION('ref_axis',(0.84799830400508,0.,0.529998940003193));
#1729=DIRECTION('',(0.,1.,0.));
#1730=DIRECTION('center_axis',(0.,-1.,0.));
#1731=DIRECTION('ref_axis',(0.84799830400508,0.,0.529998940003193));
#1732=DIRECTION('',(0.,-1.,0.));
#1733=DIRECTION('center_axis',(-0.469388603632941,0.,0.88299169802412));
#1734=DIRECTION('ref_axis',(-0.88299169802412,0.,-0.469388603632941));
#1735=DIRECTION('',(0.,1.,0.));
#1736=DIRECTION('',(-0.88299169802412,0.,-0.469388603632941));
#1737=DIRECTION('',(0.,1.,0.));
#1738=DIRECTION('',(0.88299169802412,0.,0.469388603632941));
#1739=DIRECTION('',(0.,1.,0.));
#1740=DIRECTION('',(0.88299169802412,0.,0.469388603632939));
#1741=DIRECTION('center_axis',(-0.707106781186547,0.707106781186548,0.));
#1742=DIRECTION('ref_axis',(0.707106781186548,0.707106781186547,0.));
#1743=DIRECTION('center_axis',(-0.707106781186547,0.707106781186548,0.));
#1744=DIRECTION('ref_axis',(0.707106781186548,0.707106781186547,0.));
#1745=DIRECTION('',(-0.707106781186547,0.707106781186548,0.));
#1746=DIRECTION('center_axis',(0.707106781186547,-0.707106781186548,0.));
#1747=DIRECTION('ref_axis',(0.707106781186548,0.707106781186547,0.));
#1748=DIRECTION('center_axis',(0.353553390593273,0.707106781186548,0.612372435695794));
#1749=DIRECTION('ref_axis',(-0.353553390593274,0.707106781186547,-0.612372435695795));
#1750=DIRECTION('center_axis',(0.353553390593273,0.707106781186548,0.612372435695794));
#1751=DIRECTION('ref_axis',(-0.353553390593274,0.707106781186547,-0.612372435695795));
#1752=DIRECTION('',(0.353553390593273,0.707106781186548,0.612372435695794));
#1753=DIRECTION('center_axis',(0.353553390593274,0.707106781186548,0.612372435695794));
#1754=DIRECTION('ref_axis',(-0.353553390593274,0.707106781186547,-0.612372435695795));
#1755=DIRECTION('center_axis',(-0.122787803968973,0.707106781186548,0.696364240320019));
#1756=DIRECTION('ref_axis',(0.122787803968973,0.707106781186547,-0.696364240320019));
#1757=DIRECTION('center_axis',(-0.122787803968973,0.707106781186548,0.696364240320019));
#1758=DIRECTION('ref_axis',(0.122787803968973,0.707106781186547,-0.696364240320019));
#1759=DIRECTION('',(-0.122787803968973,0.707106781186548,0.696364240320019));
#1760=DIRECTION('center_axis',(-0.122787803968973,0.707106781186548,0.696364240320019));
#1761=DIRECTION('ref_axis',(0.122787803968973,0.707106781186547,-0.696364240320019));
#1762=DIRECTION('center_axis',(-0.541675220419702,0.707106781186548,0.454519477672043));
#1763=DIRECTION('ref_axis',(0.541675220419702,0.707106781186547,-0.454519477672044));
#1764=DIRECTION('center_axis',(-0.541675220419702,0.707106781186548,0.454519477672043));
#1765=DIRECTION('ref_axis',(0.541675220419702,0.707106781186547,-0.454519477672044));
#1766=DIRECTION('',(-0.541675220419702,0.707106781186548,0.454519477672043));
#1767=DIRECTION('center_axis',(-0.541675220419702,0.707106781186548,0.454519477672043));
#1768=DIRECTION('ref_axis',(0.541675220419702,0.707106781186547,-0.454519477672044));
#1769=DIRECTION('center_axis',(-0.353553390593274,-0.707106781186548,-0.612372435695794));
#1770=DIRECTION('ref_axis',(-0.353553390593274,0.707106781186547,-0.612372435695795));
#1771=DIRECTION('',(-0.866025403784439,0.,0.5));
#1772=DIRECTION('',(0.353553390593274,-0.707106781186547,0.612372435695795));
#1773=DIRECTION('',(-0.292046297129725,-0.538487638513081,0.790404974365307));
#1774=DIRECTION('center_axis',(-0.353553390593274,-0.707106781186548,-0.612372435695794));
#1775=DIRECTION('ref_axis',(0.353553390593274,-0.707106781186547,0.612372435695795));
#1776=DIRECTION('',(-0.830533935642808,0.538487638513079,-0.14228297478713));
#1777=DIRECTION('',(-0.353553390593274,0.707106781186547,-0.612372435695795));
#1778=DIRECTION('center_axis',(0.122787803968973,-0.707106781186548,-0.696364240320019));
#1779=DIRECTION('ref_axis',(0.122787803968973,0.707106781186547,-0.696364240320019));
#1780=DIRECTION('',(-0.984807753012208,0.,-0.17364817766693));
#1781=DIRECTION('',(-0.122787803968973,-0.707106781186547,0.696364240320019));
#1782=DIRECTION('',(-0.731782967206321,-0.538487638513084,0.417761597176325));
#1783=DIRECTION('center_axis',(0.122787803968973,-0.707106781186548,-0.696364240320019));
#1784=DIRECTION('ref_axis',(0.122787803968973,0.707106781186547,-0.696364240320019));
#1785=DIRECTION('',(-0.544768172958383,0.538487638513088,-0.64285200544152));
#1786=DIRECTION('',(0.122787803968973,0.707106781186547,-0.696364240320019));
#1787=DIRECTION('center_axis',(0.984807753012208,0.,0.17364817766693));
#1788=DIRECTION('ref_axis',(0.122787803968973,0.707106781186547,-0.696364240320019));
#1789=DIRECTION('',(0.,1.,0.));
#1790=DIRECTION('',(-0.17364817766693,0.,0.984807753012208));
#1791=DIRECTION('',(0.,1.,0.));
#1792=DIRECTION('center_axis',(-0.866025403784439,0.,0.5));
#1793=DIRECTION('ref_axis',(0.353553390593274,-0.707106781186547,0.612372435695795));
#1794=DIRECTION('',(0.,1.,0.));
#1795=DIRECTION('',(0.,1.,0.));
#1796=DIRECTION('',(-0.5,0.,-0.866025403784439));
#1797=DIRECTION('center_axis',(0.866025403784439,0.,-0.5));
#1798=DIRECTION('ref_axis',(-0.353553390593274,0.707106781186547,-0.612372435695795));
#1799=DIRECTION('',(0.,1.,0.));
#1800=DIRECTION('',(0.5,0.,0.866025403784439));
#1801=DIRECTION('',(0.,1.,0.));
#1802=DIRECTION('center_axis',(-0.353553390593273,-0.707106781186548,-0.612372435695794));
#1803=DIRECTION('ref_axis',(-0.866025403784439,-1.66533453693773E-16,0.5));
#1804=DIRECTION('center_axis',(-0.353553390593273,-0.707106781186548,-0.612372435695794));
#1805=DIRECTION('ref_axis',(0.353553390593274,-0.707106781186547,0.612372435695795));
#1806=DIRECTION('center_axis',(-0.353553390593273,-0.707106781186548,-0.612372435695794));
#1807=DIRECTION('ref_axis',(0.353553390593274,-0.707106781186547,0.612372435695795));
#1808=DIRECTION('center_axis',(0.,-1.,0.));
#1809=DIRECTION('ref_axis',(1.,0.,0.));
#1810=DIRECTION('',(0.,-1.,0.));
#1811=DIRECTION('center_axis',(0.,-1.,0.));
#1812=DIRECTION('ref_axis',(1.,0.,0.));
#1813=DIRECTION('center_axis',(0.122787803968973,-0.707106781186548,-0.696364240320019));
#1814=DIRECTION('ref_axis',(-0.984807753012208,-2.63677968348475E-16,-0.17364817766693));
#1815=DIRECTION('center_axis',(0.122787803968973,-0.707106781186548,-0.696364240320019));
#1816=DIRECTION('ref_axis',(-0.122787803968973,-0.707106781186547,0.696364240320019));
#1817=DIRECTION('center_axis',(0.122787803968973,-0.707106781186548,-0.696364240320019));
#1818=DIRECTION('ref_axis',(-0.122787803968973,-0.707106781186547,0.696364240320019));
#1819=DIRECTION('center_axis',(0.541675220419702,-0.707106781186548,-0.454519477672043));
#1820=DIRECTION('ref_axis',(-0.642787609686539,-3.33066907387547E-16,-0.766044443118978));
#1821=DIRECTION('center_axis',(0.541675220419702,-0.707106781186548,-0.454519477672043));
#1822=DIRECTION('ref_axis',(-0.541675220419702,-0.707106781186547,0.454519477672044));
#1823=DIRECTION('center_axis',(0.541675220419702,-0.707106781186548,-0.454519477672043));
#1824=DIRECTION('ref_axis',(-0.541675220419702,-0.707106781186547,0.454519477672044));
#1825=DIRECTION('center_axis',(0.707106781186547,-0.707106781186548,0.));
#1826=DIRECTION('ref_axis',(0.,0.,-1.));
#1827=DIRECTION('center_axis',(0.707106781186547,-0.707106781186548,0.));
#1828=DIRECTION('ref_axis',(-0.707106781186548,-0.707106781186547,9.92245084122936E-17));
#1829=DIRECTION('center_axis',(0.707106781186547,-0.707106781186548,0.));
#1830=DIRECTION('ref_axis',(-0.707106781186548,-0.707106781186547,9.92245084122936E-17));
#1831=DIRECTION('center_axis',(0.,-1.,0.));
#1832=DIRECTION('ref_axis',(0.766044443118978,0.,0.642787609686539));
#1833=DIRECTION('',(0.,-1.,0.));
#1834=DIRECTION('center_axis',(0.,-1.,0.));
#1835=DIRECTION('ref_axis',(0.766044443118978,0.,0.642787609686539));
#1836=DIRECTION('center_axis',(0.,-1.,0.));
#1837=DIRECTION('ref_axis',(0.17364817766693,0.,0.984807753012208));
#1838=DIRECTION('',(0.,-1.,0.));
#1839=DIRECTION('center_axis',(0.,-1.,0.));
#1840=DIRECTION('ref_axis',(0.17364817766693,0.,0.984807753012208));
#1841=DIRECTION('center_axis',(0.,-1.,0.));
#1842=DIRECTION('ref_axis',(-0.5,0.,0.866025403784439));
#1843=DIRECTION('',(0.,-1.,0.));
#1844=DIRECTION('center_axis',(0.,-1.,0.));
#1845=DIRECTION('ref_axis',(-0.5,0.,0.866025403784439));
#1846=DIRECTION('center_axis',(-0.762908280195826,0.,0.646506733150279));
#1847=DIRECTION('ref_axis',(0.646506733150279,0.,0.762908280195826));
#1848=DIRECTION('',(0.,1.,0.));
#1849=DIRECTION('',(0.646506733150279,0.,0.762908280195826));
#1850=DIRECTION('center_axis',(0.938017606769549,0.,0.34658760709282));
#1851=DIRECTION('ref_axis',(0.34658760709282,0.,-0.938017606769549));
#1852=DIRECTION('',(0.,1.,0.));
#1853=DIRECTION('',(0.34658760709282,0.,-0.938017606769549));
#1854=DIRECTION('center_axis',(-0.168855131005529,0.,0.985640880205923));
#1855=DIRECTION('ref_axis',(0.985640880205923,0.,0.168855131005529));
#1856=DIRECTION('',(0.,1.,0.));
#1857=DIRECTION('',(0.985640880205922,0.,0.168855131005529));
#1858=DIRECTION('center_axis',(-0.769162475764015,0.,0.639053273113103));
#1859=DIRECTION('ref_axis',(0.639053273113103,0.,0.769162475764015));
#1860=DIRECTION('',(0.,1.,0.));
#1861=DIRECTION('',(-0.538487638513082,-0.538487638513082,-0.648121999578173));
#1862=DIRECTION('',(0.,1.,0.));
#1863=DIRECTION('',(0.639053273113103,0.,0.769162475764015));
#1864=DIRECTION('center_axis',(0.,0.,-1.));
#1865=DIRECTION('ref_axis',(-0.707106781186548,-0.707106781186547,0.));
#1866=DIRECTION('',(-0.707106781186548,-0.707106781186547,0.));
#1867=DIRECTION('',(0.,1.,0.));
#1868=DIRECTION('',(1.,0.,0.));
#1869=DIRECTION('center_axis',(0.707106781186547,-0.707106781186548,0.));
#1870=DIRECTION('ref_axis',(0.707106781186548,0.707106781186547,0.));
#1871=DIRECTION('',(0.,0.,-1.));
#1872=DIRECTION('center_axis',(0.707106781186547,-0.707106781186548,0.));
#1873=DIRECTION('ref_axis',(0.707106781186548,0.707106781186547,0.));
#1874=DIRECTION('',(0.538487638513082,0.538487638513082,-0.648121999578173));
#1875=DIRECTION('',(0.707106781186548,0.707106781186547,0.));
#1876=DIRECTION('center_axis',(0.,0.,1.));
#1877=DIRECTION('ref_axis',(0.707106781186548,0.707106781186547,0.));
#1878=DIRECTION('',(0.,1.,0.));
#1879=DIRECTION('',(-1.,0.,0.));
#1880=DIRECTION('',(0.,1.,0.));
#1881=DIRECTION('center_axis',(-0.769162475764015,0.,-0.639053273113103));
#1882=DIRECTION('ref_axis',(-0.639053273113103,0.,0.769162475764015));
#1883=DIRECTION('',(0.,1.,0.));
#1884=DIRECTION('',(-0.639053273113103,0.,0.769162475764015));
#1885=DIRECTION('center_axis',(-0.178437114527935,0.,0.983951317982218));
#1886=DIRECTION('ref_axis',(0.983951317982218,0.,0.178437114527935));
#1887=DIRECTION('',(0.,1.,0.));
#1888=DIRECTION('',(-0.829110254065322,-0.538487638513079,-0.150357074234452));
#1889=DIRECTION('',(0.,1.,0.));
#1890=DIRECTION('',(0.983951317982218,0.,0.178437114527935));
#1891=DIRECTION('center_axis',(-0.642787609686539,0.,-0.766044443118978));
#1892=DIRECTION('ref_axis',(-0.541675220419702,-0.707106781186547,0.454519477672044));
#1893=DIRECTION('',(-0.541675220419702,-0.707106781186547,0.454519477672044));
#1894=DIRECTION('',(0.,1.,0.));
#1895=DIRECTION('',(0.766044443118978,0.,-0.642787609686539));
#1896=DIRECTION('center_axis',(0.541675220419702,-0.707106781186548,-0.454519477672043));
#1897=DIRECTION('ref_axis',(0.541675220419702,0.707106781186547,-0.454519477672044));
#1898=DIRECTION('',(-0.642787609686539,0.,-0.766044443118978));
#1899=DIRECTION('center_axis',(0.541675220419702,-0.707106781186548,-0.454519477672044));
#1900=DIRECTION('ref_axis',(0.541675220419702,0.707106781186547,-0.454519477672044));
#1901=DIRECTION('',(-0.00409932772290604,0.538487638513082,-0.842623438245593));
#1902=DIRECTION('',(0.541675220419702,0.707106781186547,-0.454519477672044));
#1903=DIRECTION('center_axis',(0.642787609686539,0.,0.766044443118978));
#1904=DIRECTION('ref_axis',(0.541675220419702,0.707106781186547,-0.454519477672044));
#1905=DIRECTION('',(0.,1.,0.));
#1906=DIRECTION('',(-0.766044443118978,0.,0.642787609686539));
#1907=DIRECTION('',(0.,1.,0.));
#1908=DIRECTION('center_axis',(-0.99998816630139,0.,0.00486490053164469));
#1909=DIRECTION('ref_axis',(0.00486490053164469,0.,0.99998816630139));
#1910=DIRECTION('',(0.,1.,0.));
#1911=DIRECTION('',(0.00486490053164469,0.,0.99998816630139));
#1912=DIRECTION('center_axis',(0.495780955703411,0.,0.868447605766642));
#1913=DIRECTION('ref_axis',(0.868447605766642,0.,-0.495780955703411));
#1914=DIRECTION('',(0.,1.,0.));
#1915=DIRECTION('',(0.,1.,0.));
#1916=DIRECTION('',(0.868447605766642,0.,-0.495780955703411));
#1917=DIRECTION('center_axis',(-0.984807753012208,0.,-0.17364817766693));
#1918=DIRECTION('ref_axis',(-0.122787803968973,-0.707106781186547,0.696364240320019));
#1919=DIRECTION('',(0.,1.,0.));
#1920=DIRECTION('',(0.17364817766693,0.,-0.984807753012208));
#1921=DIRECTION('center_axis',(0.,1.,0.));
#1922=DIRECTION('ref_axis',(-1.,0.,0.));
#1923=DIRECTION('center_axis',(0.,-1.,0.));
#1924=DIRECTION('ref_axis',(-1.,0.,0.));
#1925=DIRECTION('',(0.707106781186547,0.707106781186548,-8.65956056235492E-17));
#1926=DIRECTION('center_axis',(0.,1.,0.));
#1927=DIRECTION('ref_axis',(-1.,0.,0.));
#1928=DIRECTION('center_axis',(0.,-1.,0.));
#1929=DIRECTION('ref_axis',(-1.,0.,0.));
#1930=DIRECTION('center_axis',(0.,1.,0.));
#1931=DIRECTION('ref_axis',(-1.,0.,0.));
#1932=DIRECTION('center_axis',(0.,-1.,0.));
#1933=DIRECTION('ref_axis',(-1.,0.,0.));
#1934=DIRECTION('',(0.707106781186547,0.707106781186548,-8.65956056235493E-17));
#1935=DIRECTION('center_axis',(0.,1.,0.));
#1936=DIRECTION('ref_axis',(-1.,0.,0.));
#1937=DIRECTION('center_axis',(0.,1.,0.));
#1938=DIRECTION('ref_axis',(-1.,0.,0.));
#1939=DIRECTION('center_axis',(0.,1.,0.));
#1940=DIRECTION('ref_axis',(-1.,0.,0.));
#1941=DIRECTION('center_axis',(0.,-1.,0.));
#1942=DIRECTION('ref_axis',(-1.,0.,0.));
#1943=DIRECTION('',(0.707106781186547,0.707106781186548,-8.65956056235493E-17));
#1944=DIRECTION('center_axis',(0.,1.,0.));
#1945=DIRECTION('ref_axis',(-1.,0.,0.));
#1946=DIRECTION('center_axis',(0.,-1.,0.));
#1947=DIRECTION('ref_axis',(-1.,0.,0.));
#1948=DIRECTION('center_axis',(0.,1.,0.));
#1949=DIRECTION('ref_axis',(0.,0.,1.));
#1950=DIRECTION('',(0.965750435532514,0.,0.25947272740841));
#1951=DIRECTION('center_axis',(0.,1.,0.));
#1952=DIRECTION('ref_axis',(-0.366772357369443,0.,0.930310721140879));
#1953=DIRECTION('center_axis',(0.,-1.,0.));
#1954=DIRECTION('ref_axis',(1.,0.,-1.01314353206748E-16));
#1955=DIRECTION('center_axis',(0.,1.,0.));
#1956=DIRECTION('ref_axis',(-0.355078641774218,0.,-0.934836433904764));
#1957=DIRECTION('',(-0.858245453097741,0.,-0.51323945896341));
#1958=DIRECTION('center_axis',(0.,1.,0.));
#1959=DIRECTION('ref_axis',(1.,0.,0.));
#1960=DIRECTION('center_axis',(0.,1.,0.));
#1961=DIRECTION('ref_axis',(1.,0.,0.));
#1962=DIRECTION('',(-0.873601136235764,0.,-0.486642635583425));
#1963=DIRECTION('center_axis',(0.,1.,0.));
#1964=DIRECTION('ref_axis',(0.987131421031887,0.,-0.159911092834636));
#1965=DIRECTION('center_axis',(0.,-1.,0.));
#1966=DIRECTION('ref_axis',(1.,0.,-1.01314353206748E-16));
#1967=DIRECTION('',(0.84799830400508,0.,0.529998940003193));
#1968=DIRECTION('center_axis',(0.,1.,0.));
#1969=DIRECTION('ref_axis',(-0.622286539236317,0.,0.782789539458268));
#1970=DIRECTION('',(0.707585191291158,0.,0.706628047182855));
#1971=DIRECTION('center_axis',(0.,1.,0.));
#1972=DIRECTION('ref_axis',(1.,0.,0.));
#1973=DIRECTION('center_axis',(0.,1.,0.));
#1974=DIRECTION('ref_axis',(-1.,0.,0.));
#1975=DIRECTION('center_axis',(0.,1.,0.));
#1976=DIRECTION('ref_axis',(-1.,0.,0.));
#1977=DIRECTION('center_axis',(0.,1.,0.));
#1978=DIRECTION('ref_axis',(1.,0.,0.));
#1979=DIRECTION('center_axis',(0.,-1.,0.));
#1980=DIRECTION('ref_axis',(1.,0.,0.));
#1981=DIRECTION('center_axis',(0.,1.,0.));
#1982=DIRECTION('ref_axis',(-1.,0.,0.));
#1983=DIRECTION('center_axis',(0.,-1.,0.));
#1984=DIRECTION('ref_axis',(-1.,0.,0.));
#1985=DIRECTION('',(0.707106781186547,0.707106781186548,-8.65956056235493E-17));
#1986=DIRECTION('center_axis',(0.,-1.,0.));
#1987=DIRECTION('ref_axis',(0.,0.,-1.));
#1988=DIRECTION('center_axis',(0.,1.,0.));
#1989=DIRECTION('ref_axis',(0.866025403784439,0.,0.5));
#1990=DIRECTION('center_axis',(0.,-1.,0.));
#1991=DIRECTION('ref_axis',(0.,0.,-1.));
#1992=DIRECTION('center_axis',(0.,1.,0.));
#1993=DIRECTION('ref_axis',(0.866025403784439,0.,0.5));
#1994=DIRECTION('center_axis',(0.,-1.,0.));
#1995=DIRECTION('ref_axis',(0.,0.,-1.));
#1996=DIRECTION('center_axis',(0.,1.,0.));
#1997=DIRECTION('ref_axis',(0.866025403784439,0.,0.5));
#1998=DIRECTION('center_axis',(0.,-1.,0.));
#1999=DIRECTION('ref_axis',(0.,0.,-1.));
#2000=DIRECTION('center_axis',(0.,1.,0.));
#2001=DIRECTION('ref_axis',(0.866025403784439,0.,0.5));
#2002=DIRECTION('center_axis',(0.,-1.,0.));
#2003=DIRECTION('ref_axis',(-0.500000000000009,0.,0.866025403784433));
#2004=DIRECTION('',(0.,1.,0.));
#2005=DIRECTION('center_axis',(0.,1.,0.));
#2006=DIRECTION('ref_axis',(1.,0.,0.));
#2007=DIRECTION('center_axis',(0.,1.,0.));
#2008=DIRECTION('ref_axis',(1.,0.,0.));
#2009=DIRECTION('center_axis',(0.,1.,0.));
#2010=DIRECTION('ref_axis',(1.,0.,0.));
#2011=DIRECTION('center_axis',(0.,1.,0.));
#2012=DIRECTION('ref_axis',(1.,0.,0.));
#2013=DIRECTION('center_axis',(0.,1.,0.));
#2014=DIRECTION('ref_axis',(1.,0.,0.));
#2015=DIRECTION('center_axis',(-1.,0.,0.));
#2016=DIRECTION('ref_axis',(0.,0.,1.));
#2017=DIRECTION('',(0.,0.,1.));
#2018=DIRECTION('center_axis',(-0.766044443118978,0.,0.642787609686539));
#2019=DIRECTION('ref_axis',(0.642787609686539,0.,0.766044443118978));
#2020=DIRECTION('',(0.642787609686539,0.,0.766044443118978));
#2021=DIRECTION('center_axis',(-0.17364817766693,0.,0.984807753012208));
#2022=DIRECTION('ref_axis',(0.984807753012208,0.,0.17364817766693));
#2023=DIRECTION('',(0.984807753012208,0.,0.17364817766693));
#2024=DIRECTION('center_axis',(0.5,0.,0.866025403784439));
#2025=DIRECTION('ref_axis',(0.866025403784439,0.,-0.5));
#2026=DIRECTION('',(0.866025403784439,0.,-0.5));
#2027=DIRECTION('center_axis',(0.,1.,0.));
#2028=DIRECTION('ref_axis',(0.,0.,1.));
#2029=DIRECTION('',(-0.84799830400508,0.,-0.529998940003193));
#2030=DIRECTION('center_axis',(0.,-1.,0.));
#2031=DIRECTION('ref_axis',(1.,0.,-1.01314353206748E-16));
#2032=DIRECTION('center_axis',(0.,1.,0.));
#2033=DIRECTION('ref_axis',(0.,0.,1.));
#2034=DIRECTION('center_axis',(0.,-1.,0.));
#2035=DIRECTION('ref_axis',(-0.366772357369443,0.,0.930310721140879));
#2036=DIRECTION('',(0.965750435532514,0.,0.25947272740841));
#2037=DIRECTION('center_axis',(0.,-1.,0.));
#2038=DIRECTION('ref_axis',(1.,0.,0.));
#2039=DIRECTION('',(0.707585191291158,0.,0.706628047182855));
#2040=DIRECTION('center_axis',(0.,-1.,0.));
#2041=DIRECTION('ref_axis',(-0.622286539236317,0.,0.782789539458268));
#2042=DIRECTION('',(0.84799830400508,0.,0.529998940003193));
#2043=DIRECTION('',(-0.858245453097741,0.,-0.51323945896341));
#2044=DIRECTION('center_axis',(0.,-1.,0.));
#2045=DIRECTION('ref_axis',(-0.355078641774218,0.,-0.934836433904764));
#2046=DIRECTION('center_axis',(0.,1.,0.));
#2047=DIRECTION('ref_axis',(-1.,0.,0.));
#2048=DIRECTION('center_axis',(0.,-1.,0.));
#2049=DIRECTION('ref_axis',(0.987131421031887,0.,-0.159911092834636));
#2050=DIRECTION('',(-0.873601136235764,0.,-0.486642635583425));
#2051=DIRECTION('center_axis',(0.,-1.,0.));
#2052=DIRECTION('ref_axis',(1.,0.,0.));
#2053=DIRECTION('center_axis',(0.,1.,0.));
#2054=DIRECTION('ref_axis',(-1.,0.,0.));
#2055=DIRECTION('center_axis',(0.,1.,0.));
#2056=DIRECTION('ref_axis',(-1.,0.,0.));
#2057=DIRECTION('center_axis',(0.,1.,0.));
#2058=DIRECTION('ref_axis',(-1.,0.,0.));
#2059=DIRECTION('center_axis',(0.,1.,0.));
#2060=DIRECTION('ref_axis',(-1.,0.,0.));
#2061=DIRECTION('center_axis',(0.,1.,0.));
#2062=DIRECTION('ref_axis',(-1.,0.,0.));
#2063=DIRECTION('center_axis',(0.,1.,0.));
#2064=DIRECTION('ref_axis',(-1.,0.,0.));
#2065=DIRECTION('center_axis',(0.,1.,0.));
#2066=DIRECTION('ref_axis',(1.,0.,0.));
#2067=DIRECTION('center_axis',(0.,1.,0.));
#2068=DIRECTION('ref_axis',(1.,0.,0.));
#2069=DIRECTION('center_axis',(0.,1.,0.));
#2070=DIRECTION('ref_axis',(1.,0.,0.));
#2071=DIRECTION('center_axis',(0.,-1.,0.));
#2072=DIRECTION('ref_axis',(-0.366772357369443,0.,0.930310721140879));
#2073=DIRECTION('',(0.,-1.,0.));
#2074=DIRECTION('center_axis',(0.25947272740841,0.,-0.965750435532514));
#2075=DIRECTION('ref_axis',(0.965750435532514,0.,0.25947272740841));
#2076=DIRECTION('',(0.,-1.,0.));
#2077=DIRECTION('center_axis',(-0.51323945896341,0.,0.858245453097741));
#2078=DIRECTION('ref_axis',(-0.858245453097741,0.,-0.51323945896341));
#2079=DIRECTION('',(0.,1.,0.));
#2080=DIRECTION('',(0.,1.,0.));
#2081=DIRECTION('center_axis',(0.,1.,0.));
#2082=DIRECTION('ref_axis',(-0.355078641774218,0.,-0.934836433904764));
#2083=DIRECTION('',(0.,-1.,0.));
#2084=DIRECTION('center_axis',(0.,-1.,0.));
#2085=DIRECTION('ref_axis',(-1.,0.,0.));
#2086=DIRECTION('',(0.,1.,0.));
#2087=DIRECTION('',(0.,1.,0.));
#2088=DIRECTION('center_axis',(-0.529998940003193,0.,0.84799830400508));
#2089=DIRECTION('ref_axis',(-0.84799830400508,0.,-0.529998940003193));
#2090=DIRECTION('',(0.,-1.,0.));
#2091=DIRECTION('center_axis',(0.,1.,0.));
#2092=DIRECTION('ref_axis',(-1.,0.,0.));
#2093=DIRECTION('',(0.,1.,0.));
#2094=DIRECTION('center_axis',(0.,1.,0.));
#2095=DIRECTION('ref_axis',(1.,0.,0.));
#2096=DIRECTION('',(0.,1.,0.));
#2097=DIRECTION('center_axis',(0.,1.,0.));
#2098=DIRECTION('ref_axis',(-1.,0.,0.));
#2099=DIRECTION('',(0.,1.,0.));
#2100=DIRECTION('center_axis',(0.,1.,0.));
#2101=DIRECTION('ref_axis',(1.,0.,0.));
#2102=DIRECTION('',(0.,1.,0.));
#2103=DIRECTION('center_axis',(0.,1.,0.));
#2104=DIRECTION('ref_axis',(1.,0.,0.));
#2105=DIRECTION('',(0.,1.,0.));
#2106=DIRECTION('center_axis',(0.,1.,0.));
#2107=DIRECTION('ref_axis',(-0.5,0.,0.866025403784439));
#2108=DIRECTION('',(0.,-1.,0.));
#2109=DIRECTION('center_axis',(0.,1.,0.));
#2110=DIRECTION('ref_axis',(1.,0.,0.));
#2111=DIRECTION('',(0.,1.,0.));
#2112=DIRECTION('center_axis',(0.706628047182855,0.,-0.707585191291159));
#2113=DIRECTION('ref_axis',(0.707585191291159,0.,0.706628047182855));
#2114=DIRECTION('',(0.,1.,0.));
#2115=DIRECTION('center_axis',(0.,-1.,0.));
#2116=DIRECTION('ref_axis',(-0.622286539236317,0.,0.782789539458268));
#2117=DIRECTION('center_axis',(0.,-1.,0.));
#2118=DIRECTION('ref_axis',(0.987131421031887,0.,-0.159911092834636));
#2119=DIRECTION('',(0.,-1.,0.));
#2120=DIRECTION('center_axis',(-0.486642635583425,0.,0.873601136235764));
#2121=DIRECTION('ref_axis',(-0.873601136235764,0.,-0.486642635583425));
#2122=DIRECTION('center_axis',(0.,1.,0.));
#2123=DIRECTION('ref_axis',(0.866025403784439,0.,0.5));
#2124=DIRECTION('',(0.,1.,0.));
#2125=DIRECTION('center_axis',(0.,1.,0.));
#2126=DIRECTION('ref_axis',(0.866025403784439,0.,0.5));
#2127=DIRECTION('',(0.,1.,0.));
#2128=DIRECTION('center_axis',(0.,1.,0.));
#2129=DIRECTION('ref_axis',(0.866025403784439,0.,0.5));
#2130=DIRECTION('',(0.,1.,0.));
#2131=DIRECTION('center_axis',(0.,1.,0.));
#2132=DIRECTION('ref_axis',(0.866025403784439,0.,0.5));
#2133=DIRECTION('',(0.,1.,0.));
#2134=CARTESIAN_POINT('',(0.,0.,0.));
#2135=CARTESIAN_POINT('Origin',(-10.9175049096563,9.46484085017649,-18.1040632244868));
#2136=CARTESIAN_POINT('',(-6.26361881576347,9.46484085017649,-15.0799649970495));
#2137=CARTESIAN_POINT('',(-5.8515382367223,10.7148408501765,-16.2602021477542));
#2138=CARTESIAN_POINT('Ctrl Pts',(-6.26361881576347,9.46484085017649,-15.0799649970495));
#2139=CARTESIAN_POINT('Ctrl Pts',(-6.26361881576347,9.3078803020433,-15.0799649970495));
#2140=CARTESIAN_POINT('Ctrl Pts',(-6.25369545729715,9.14046253120411,-15.1097365326489));
#2141=CARTESIAN_POINT('Ctrl Pts',(-6.21297697292403,8.83249051030008,-15.2306726551725));
#2142=CARTESIAN_POINT('Ctrl Pts',(-6.18214017638373,8.691935648736,-15.3218216505213));
#2143=CARTESIAN_POINT('Ctrl Pts',(-6.11010493922896,8.46997910044019,-15.5318041935306));
#2144=CARTESIAN_POINT('Ctrl Pts',(-6.06409717938441,8.37378025542884,-15.6646340988675));
#2145=CARTESIAN_POINT('Ctrl Pts',(-5.96167662583908,8.24621093003406,-15.9550930477353));
#2146=CARTESIAN_POINT('Ctrl Pts',(-5.90522190502561,8.21484085017649,-16.1127074812974));
#2147=CARTESIAN_POINT('Ctrl Pts',(-5.797854568419,8.21484085017649,-16.407696814211));
#2148=CARTESIAN_POINT('Ctrl Pts',(-5.73978878858449,8.24621093003406,-16.5647248702439));
#2149=CARTESIAN_POINT('Ctrl Pts',(-5.6315440710343,8.37378025542884,-16.8530639967744));
#2150=CARTESIAN_POINT('Ctrl Pts',(-5.58140664245715,8.46997910044019,-16.9843908256152));
#2151=CARTESIAN_POINT('Ctrl Pts',(-5.50161465869151,8.691935648736,-17.1915501437434));
#2152=CARTESIAN_POINT('Ctrl Pts',(-5.46664757047918,8.83249051030008,-17.2811958358648));
#2153=CARTESIAN_POINT('Ctrl Pts',(-5.42010349804371,9.14046253120411,-17.4000116177366));
#2154=CARTESIAN_POINT('Ctrl Pts',(-5.40856845744929,9.3078803020433,-17.4291965490143));
#2155=CARTESIAN_POINT('Ctrl Pts',(-5.40856845744929,9.62180139830967,-17.4291965490143));
#2156=CARTESIAN_POINT('Ctrl Pts',(-5.42010349804371,9.78921916914887,-17.4000116177366));
#2157=CARTESIAN_POINT('Ctrl Pts',(-5.46664757047917,10.0971911900529,-17.2811958358648));
#2158=CARTESIAN_POINT('Ctrl Pts',(-5.50161465869151,10.237746051617,-17.1915501437434));
#2159=CARTESIAN_POINT('Ctrl Pts',(-5.58140664245715,10.4597025999128,-16.9843908256152));
#2160=CARTESIAN_POINT('Ctrl Pts',(-5.6315440710343,10.5559014449241,-16.8530639967744));
#2161=CARTESIAN_POINT('Ctrl Pts',(-5.73978878858449,10.6834707703189,-16.5647248702439));
#2162=CARTESIAN_POINT('Ctrl Pts',(-5.797854568419,10.7148408501765,-16.4076968142111));
#2163=CARTESIAN_POINT('Ctrl Pts',(-5.8515382367223,10.7148408501765,-16.2602021477542));
#2164=CARTESIAN_POINT('Ctrl Pts',(-5.8515382367223,10.7148408501765,-16.2602021477542));
#2165=CARTESIAN_POINT('Ctrl Pts',(-5.90522190502561,10.7148408501765,-16.1127074812974));
#2166=CARTESIAN_POINT('Ctrl Pts',(-5.96167662583908,10.6834707703189,-15.9550930477353));
#2167=CARTESIAN_POINT('Ctrl Pts',(-6.06409717938441,10.5559014449241,-15.6646340988675));
#2168=CARTESIAN_POINT('Ctrl Pts',(-6.11010493922896,10.4597025999128,-15.5318041935306));
#2169=CARTESIAN_POINT('Ctrl Pts',(-6.18214017638373,10.237746051617,-15.3218216505213));
#2170=CARTESIAN_POINT('Ctrl Pts',(-6.21297697292403,10.0971911900529,-15.2306726551725));
#2171=CARTESIAN_POINT('Ctrl Pts',(-6.25369545729715,9.78921916914887,-15.1097365326489));
#2172=CARTESIAN_POINT('Ctrl Pts',(-6.26361881576346,9.62180139830967,-15.0799649970495));
#2173=CARTESIAN_POINT('Ctrl Pts',(-6.26361881576346,9.46484085017649,-15.0799649970495));
#2174=CARTESIAN_POINT('',(10.5341650031796,10.7148408501765,-10.2962939009106));
#2175=CARTESIAN_POINT('',(-10.9175049096563,10.7148408501765,-18.1040632244868));
#2176=CARTESIAN_POINT('',(10.1310366828551,9.46484085017649,-9.11279839450362));
#2177=CARTESIAN_POINT('Ctrl Pts',(10.1310366828551,9.46484085017649,-9.11279839450362));
#2178=CARTESIAN_POINT('Ctrl Pts',(10.1310366828551,9.62181300204311,-9.11279839450362));
#2179=CARTESIAN_POINT('Ctrl Pts',(10.1404939526669,9.78923577252754,-9.14274439714317));
#2180=CARTESIAN_POINT('Ctrl Pts',(10.1795242878311,10.0972046013902,-9.26429853740424));
#2181=CARTESIAN_POINT('Ctrl Pts',(10.2091631822077,10.2377521875033,-9.35588165684035));
#2182=CARTESIAN_POINT('Ctrl Pts',(10.2789465105072,10.4596964546749,-9.56667075834371));
#2183=CARTESIAN_POINT('Ctrl Pts',(10.3237554003957,10.5558935431852,-9.69992927883952));
#2184=CARTESIAN_POINT('Ctrl Pts',(10.4244876608078,10.6834662403874,-9.9909993335614));
#2185=CARTESIAN_POINT('Ctrl Pts',(10.4804773706901,10.7148408501765,-10.1487883429416));
#2186=CARTESIAN_POINT('Ctrl Pts',(10.5341650031796,10.7148408501765,-10.2962939009106));
#2187=CARTESIAN_POINT('Ctrl Pts',(10.5341650031796,10.7148408501765,-10.2962939009106));
#2188=CARTESIAN_POINT('Ctrl Pts',(10.5878526356692,10.7148408501765,-10.4437994588797));
#2189=CARTESIAN_POINT('Ctrl Pts',(10.6463868497164,10.6834662403874,-10.6006623444829));
#2190=CARTESIAN_POINT('Ctrl Pts',(10.7563176861108,10.5558935431852,-10.8883843913496));
#2191=CARTESIAN_POINT('Ctrl Pts',(10.8076490108693,10.4596964546749,-11.0192689396978));
#2192=CARTESIAN_POINT('Ctrl Pts',(10.8896845027064,10.2377521875033,-11.2255986183681));
#2193=CARTESIAN_POINT('Ctrl Pts',(10.925848286799,10.0972046013902,-11.3148068721657));
#2194=CARTESIAN_POINT('Ctrl Pts',(10.9740828106993,9.78923577252755,-11.4330109616963));
#2195=CARTESIAN_POINT('Ctrl Pts',(10.9860870411692,9.62181300204311,-11.4620299464684));
#2196=CARTESIAN_POINT('Ctrl Pts',(10.9860870411692,9.30786869830986,-11.4620299464684));
#2197=CARTESIAN_POINT('Ctrl Pts',(10.9740828106993,9.14044592782543,-11.4330109616963));
#2198=CARTESIAN_POINT('Ctrl Pts',(10.925848286799,8.83247709896274,-11.3148068721657));
#2199=CARTESIAN_POINT('Ctrl Pts',(10.8896845027064,8.69192951284963,-11.2255986183681));
#2200=CARTESIAN_POINT('Ctrl Pts',(10.8076490108693,8.46998524567809,-11.0192689396978));
#2201=CARTESIAN_POINT('Ctrl Pts',(10.7563176861108,8.37378815716781,-10.8883843913496));
#2202=CARTESIAN_POINT('Ctrl Pts',(10.6463868497164,8.24621545996553,-10.6006623444829));
#2203=CARTESIAN_POINT('Ctrl Pts',(10.5878526356692,8.21484085017649,-10.4437994588797));
#2204=CARTESIAN_POINT('Ctrl Pts',(10.4804773706901,8.21484085017649,-10.1487883429416));
#2205=CARTESIAN_POINT('Ctrl Pts',(10.4244876608078,8.24621545996553,-9.9909993335614));
#2206=CARTESIAN_POINT('Ctrl Pts',(10.3237554003957,8.37378815716781,-9.69992927883952));
#2207=CARTESIAN_POINT('Ctrl Pts',(10.2789465105072,8.46998524567808,-9.56667075834371));
#2208=CARTESIAN_POINT('Ctrl Pts',(10.2091631822077,8.69192951284963,-9.35588165684035));
#2209=CARTESIAN_POINT('Ctrl Pts',(10.1795242878311,8.83247709896274,-9.26429853740424));
#2210=CARTESIAN_POINT('Ctrl Pts',(10.1404939526669,9.14044592782543,-9.14274439714317));
#2211=CARTESIAN_POINT('Ctrl Pts',(10.1310366828551,9.30786869830986,-9.11279839450362));
#2212=CARTESIAN_POINT('Ctrl Pts',(10.1310366828551,9.46484085017649,-9.11279839450362));
#2213=CARTESIAN_POINT('Origin',(-10.917222303611,9.46484085017649,18.1039603642983));
#2214=CARTESIAN_POINT('',(-5.40856845744929,9.46484085017649,17.4291965490143));
#2215=CARTESIAN_POINT('',(-5.8515382367223,10.7148408501765,16.2602021477542));
#2216=CARTESIAN_POINT('Ctrl Pts',(-5.40856845744929,9.46484085017649,17.4291965490143));
#2217=CARTESIAN_POINT('Ctrl Pts',(-5.40856845744929,9.3078803020433,17.4291965490143));
#2218=CARTESIAN_POINT('Ctrl Pts',(-5.4201034980437,9.14046253120411,17.4000116177366));
#2219=CARTESIAN_POINT('Ctrl Pts',(-5.46664757047916,8.83249051030008,17.2811958358648));
#2220=CARTESIAN_POINT('Ctrl Pts',(-5.5016146586915,8.69193564873601,17.1915501437434));
#2221=CARTESIAN_POINT('Ctrl Pts',(-5.58140664245714,8.46997910044019,16.9843908256153));
#2222=CARTESIAN_POINT('Ctrl Pts',(-5.6315440710343,8.37378025542884,16.8530639967744));
#2223=CARTESIAN_POINT('Ctrl Pts',(-5.73978878858449,8.24621093003406,16.5647248702439));
#2224=CARTESIAN_POINT('Ctrl Pts',(-5.797854568419,8.21484085017649,16.4076968142111));
#2225=CARTESIAN_POINT('Ctrl Pts',(-5.90522190502561,8.21484085017649,16.1127074812974));
#2226=CARTESIAN_POINT('Ctrl Pts',(-5.96167662583908,8.24621093003406,15.9550930477353));
#2227=CARTESIAN_POINT('Ctrl Pts',(-6.06409717938441,8.37378025542884,15.6646340988675));
#2228=CARTESIAN_POINT('Ctrl Pts',(-6.11010493922895,8.46997910044019,15.5318041935306));
#2229=CARTESIAN_POINT('Ctrl Pts',(-6.18214017638372,8.69193564873601,15.3218216505214));
#2230=CARTESIAN_POINT('Ctrl Pts',(-6.21297697292402,8.83249051030008,15.2306726551725));
#2231=CARTESIAN_POINT('Ctrl Pts',(-6.25369545729714,9.14046253120411,15.1097365326489));
#2232=CARTESIAN_POINT('Ctrl Pts',(-6.26361881576347,9.3078803020433,15.0799649970495));
#2233=CARTESIAN_POINT('Ctrl Pts',(-6.26361881576347,9.62180139830967,15.0799649970495));
#2234=CARTESIAN_POINT('Ctrl Pts',(-6.25369545729714,9.78921916914887,15.1097365326489));
#2235=CARTESIAN_POINT('Ctrl Pts',(-6.21297697292402,10.0971911900529,15.2306726551725));
#2236=CARTESIAN_POINT('Ctrl Pts',(-6.18214017638372,10.237746051617,15.3218216505214));
#2237=CARTESIAN_POINT('Ctrl Pts',(-6.11010493922895,10.4597025999128,15.5318041935306));
#2238=CARTESIAN_POINT('Ctrl Pts',(-6.06409717938441,10.5559014449241,15.6646340988675));
#2239=CARTESIAN_POINT('Ctrl Pts',(-5.96167662583908,10.6834707703189,15.9550930477353));
#2240=CARTESIAN_POINT('Ctrl Pts',(-5.9052219050256,10.7148408501765,16.1127074812974));
#2241=CARTESIAN_POINT('Ctrl Pts',(-5.8515382367223,10.7148408501765,16.2602021477542));
#2242=CARTESIAN_POINT('Ctrl Pts',(-5.8515382367223,10.7148408501765,16.2602021477542));
#2243=CARTESIAN_POINT('Ctrl Pts',(-5.79785456841899,10.7148408501765,16.4076968142111));
#2244=CARTESIAN_POINT('Ctrl Pts',(-5.73978878858449,10.6834707703189,16.5647248702439));
#2245=CARTESIAN_POINT('Ctrl Pts',(-5.63154407103429,10.5559014449241,16.8530639967744));
#2246=CARTESIAN_POINT('Ctrl Pts',(-5.58140664245714,10.4597025999128,16.9843908256153));
#2247=CARTESIAN_POINT('Ctrl Pts',(-5.5016146586915,10.237746051617,17.1915501437434));
#2248=CARTESIAN_POINT('Ctrl Pts',(-5.46664757047917,10.0971911900529,17.2811958358648));
#2249=CARTESIAN_POINT('Ctrl Pts',(-5.4201034980437,9.78921916914887,17.4000116177366));
#2250=CARTESIAN_POINT('Ctrl Pts',(-5.40856845744929,9.62180139830968,17.4291965490143));
#2251=CARTESIAN_POINT('Ctrl Pts',(-5.40856845744929,9.46484085017649,17.4291965490143));
#2252=CARTESIAN_POINT('',(10.5341650031796,10.7148408501765,10.2962939009107));
#2253=CARTESIAN_POINT('',(-10.917222303611,10.7148408501765,18.1039603642983));
#2254=CARTESIAN_POINT('',(10.9860870411693,9.46484085017649,11.4620299464684));
#2255=CARTESIAN_POINT('Ctrl Pts',(10.9860870411693,9.46484085017649,11.4620299464684));
#2256=CARTESIAN_POINT('Ctrl Pts',(10.9860870411693,9.62181300204311,11.4620299464684));
#2257=CARTESIAN_POINT('Ctrl Pts',(10.9740828106993,9.78923577252755,11.4330109616963));
#2258=CARTESIAN_POINT('Ctrl Pts',(10.925848286799,10.0972046013902,11.3148068721657));
#2259=CARTESIAN_POINT('Ctrl Pts',(10.8896845027064,10.2377521875033,11.2255986183681));
#2260=CARTESIAN_POINT('Ctrl Pts',(10.8076490108693,10.4596964546749,11.0192689396978));
#2261=CARTESIAN_POINT('Ctrl Pts',(10.7563176861109,10.5558935431852,10.8883843913496));
#2262=CARTESIAN_POINT('Ctrl Pts',(10.6463868497164,10.6834662403874,10.6006623444829));
#2263=CARTESIAN_POINT('Ctrl Pts',(10.5878526356692,10.7148408501765,10.4437994588797));
#2264=CARTESIAN_POINT('Ctrl Pts',(10.5341650031796,10.7148408501765,10.2962939009107));
#2265=CARTESIAN_POINT('Ctrl Pts',(10.5341650031796,10.7148408501765,10.2962939009107));
#2266=CARTESIAN_POINT('Ctrl Pts',(10.4804773706901,10.7148408501765,10.1487883429416));
#2267=CARTESIAN_POINT('Ctrl Pts',(10.4244876608078,10.6834662403874,9.99099933356142));
#2268=CARTESIAN_POINT('Ctrl Pts',(10.3237554003957,10.5558935431852,9.69992927883953));
#2269=CARTESIAN_POINT('Ctrl Pts',(10.2789465105072,10.4596964546749,9.56667075834372));
#2270=CARTESIAN_POINT('Ctrl Pts',(10.2091631822077,10.2377521875033,9.35588165684037));
#2271=CARTESIAN_POINT('Ctrl Pts',(10.1795242878311,10.0972046013902,9.26429853740425));
#2272=CARTESIAN_POINT('Ctrl Pts',(10.1404939526669,9.78923577252755,9.14274439714318));
#2273=CARTESIAN_POINT('Ctrl Pts',(10.1310366828551,9.62181300204311,9.11279839450363));
#2274=CARTESIAN_POINT('Ctrl Pts',(10.1310366828551,9.30786869830987,9.11279839450363));
#2275=CARTESIAN_POINT('Ctrl Pts',(10.1404939526669,9.14044592782543,9.14274439714318));
#2276=CARTESIAN_POINT('Ctrl Pts',(10.1795242878311,8.83247709896274,9.26429853740425));
#2277=CARTESIAN_POINT('Ctrl Pts',(10.2091631822077,8.69192951284963,9.35588165684036));
#2278=CARTESIAN_POINT('Ctrl Pts',(10.2789465105072,8.46998524567809,9.56667075834372));
#2279=CARTESIAN_POINT('Ctrl Pts',(10.3237554003957,8.37378815716781,9.69992927883953));
#2280=CARTESIAN_POINT('Ctrl Pts',(10.4244876608078,8.24621545996553,9.99099933356142));
#2281=CARTESIAN_POINT('Ctrl Pts',(10.4804773706901,8.21484085017649,10.1487883429416));
#2282=CARTESIAN_POINT('Ctrl Pts',(10.5878526356692,8.21484085017649,10.4437994588797));
#2283=CARTESIAN_POINT('Ctrl Pts',(10.6463868497164,8.24621545996553,10.6006623444829));
#2284=CARTESIAN_POINT('Ctrl Pts',(10.7563176861109,8.37378815716781,10.8883843913496));
#2285=CARTESIAN_POINT('Ctrl Pts',(10.8076490108693,8.46998524567809,11.0192689396978));
#2286=CARTESIAN_POINT('Ctrl Pts',(10.8896845027064,8.69192951284963,11.2255986183681));
#2287=CARTESIAN_POINT('Ctrl Pts',(10.925848286799,8.83247709896274,11.3148068721657));
#2288=CARTESIAN_POINT('Ctrl Pts',(10.9740828106993,9.14044592782543,11.4330109616963));
#2289=CARTESIAN_POINT('Ctrl Pts',(10.9860870411693,9.30786869830987,11.4620299464684));
#2290=CARTESIAN_POINT('Ctrl Pts',(10.9860870411693,9.46484085017649,11.4620299464684));
#2291=CARTESIAN_POINT('Origin',(12.3568622242795,9.46484085017649,45.8406953076659));
#2292=CARTESIAN_POINT('',(16.1429243612321,9.46484085017649,41.7830433258512));
#2293=CARTESIAN_POINT('',(15.0521747064275,10.7148408501765,41.172277146311));
#2294=CARTESIAN_POINT('Ctrl Pts',(16.1429243612321,9.46484085017649,41.7830433258512));
#2295=CARTESIAN_POINT('Ctrl Pts',(16.1429243612321,9.3078803020433,41.7830433258512));
#2296=CARTESIAN_POINT('Ctrl Pts',(16.1153282952687,9.14046253120411,41.7681009525945));
#2297=CARTESIAN_POINT('Ctrl Pts',(16.003300154797,8.83249051030008,41.7070007362026));
#2298=CARTESIAN_POINT('Ctrl Pts',(15.9188906710225,8.691935648736,41.6608045629532));
#2299=CARTESIAN_POINT('Ctrl Pts',(15.7246070223295,8.46997910044019,41.5534006169776));
#2300=CARTESIAN_POINT('Ctrl Pts',(15.6017842653773,8.37378025542884,41.4850261473826));
#2301=CARTESIAN_POINT('Ctrl Pts',(15.3335231830794,8.24621093003406,41.3337239250254));
#2302=CARTESIAN_POINT('Ctrl Pts',(15.1881065263107,8.21484085017649,41.2507574191121));
#2303=CARTESIAN_POINT('Ctrl Pts',(14.9162428865442,8.21484085017649,41.09379687351));
#2304=CARTESIAN_POINT('Ctrl Pts',(14.7716834563757,8.24621093003406,41.0093456075716));
#2305=CARTESIAN_POINT('Ctrl Pts',(14.5065213470163,8.37378025542884,40.8526758066334));
#2306=CARTESIAN_POINT('Ctrl Pts',(14.3858959409006,8.46997910044019,40.7804954137476));
#2307=CARTESIAN_POINT('Ctrl Pts',(14.1957395708727,8.69193564873601,40.6659428114273));
#2308=CARTESIAN_POINT('Ctrl Pts',(14.1135277693938,8.83249051030008,40.6159401407829));
#2309=CARTESIAN_POINT('Ctrl Pts',(14.0045993595858,9.14046253120411,40.5494710333916));
#2310=CARTESIAN_POINT('Ctrl Pts',(13.977860851771,9.3078803020433,40.5330433258512));
#2311=CARTESIAN_POINT('Ctrl Pts',(13.977860851771,9.62180139830967,40.5330433258512));
#2312=CARTESIAN_POINT('Ctrl Pts',(14.0045993595858,9.78921916914886,40.5494710333916));
#2313=CARTESIAN_POINT('Ctrl Pts',(14.1135277693938,10.0971911900529,40.6159401407829));
#2314=CARTESIAN_POINT('Ctrl Pts',(14.1957395708727,10.237746051617,40.6659428114273));
#2315=CARTESIAN_POINT('Ctrl Pts',(14.3858959409006,10.4597025999128,40.7804954137476));
#2316=CARTESIAN_POINT('Ctrl Pts',(14.5065213470163,10.5559014449241,40.8526758066334));
#2317=CARTESIAN_POINT('Ctrl Pts',(14.7716834563757,10.6834707703189,41.0093456075716));
#2318=CARTESIAN_POINT('Ctrl Pts',(14.9162428865442,10.7148408501765,41.09379687351));
#2319=CARTESIAN_POINT('Ctrl Pts',(15.0521747064274,10.7148408501765,41.172277146311));
#2320=CARTESIAN_POINT('Ctrl Pts',(15.0521747064275,10.7148408501765,41.172277146311));
#2321=CARTESIAN_POINT('Ctrl Pts',(15.1881065263107,10.7148408501765,41.2507574191121));
#2322=CARTESIAN_POINT('Ctrl Pts',(15.3335231830794,10.6834707703189,41.3337239250254));
#2323=CARTESIAN_POINT('Ctrl Pts',(15.6017842653773,10.5559014449241,41.4850261473826));
#2324=CARTESIAN_POINT('Ctrl Pts',(15.7246070223295,10.4597025999128,41.5534006169776));
#2325=CARTESIAN_POINT('Ctrl Pts',(15.9188906710225,10.237746051617,41.6608045629532));
#2326=CARTESIAN_POINT('Ctrl Pts',(16.003300154797,10.0971911900529,41.7070007362026));
#2327=CARTESIAN_POINT('Ctrl Pts',(16.1153282952687,9.78921916914887,41.7681009525945));
#2328=CARTESIAN_POINT('Ctrl Pts',(16.1429243612321,9.62180139830967,41.7830433258512));
#2329=CARTESIAN_POINT('Ctrl Pts',(16.1429243612321,9.46484085017649,41.7830433258512));
#2330=CARTESIAN_POINT('',(23.7708252935726,10.7148408501765,26.0711313559355));
#2331=CARTESIAN_POINT('',(12.3568622242795,10.7148408501765,45.8406953076659));
#2332=CARTESIAN_POINT('',(24.866338345747,9.46484085017649,26.6736470892145));
#2333=CARTESIAN_POINT('Ctrl Pts',(24.866338345747,9.46484085017649,26.6736470892145));
#2334=CARTESIAN_POINT('Ctrl Pts',(24.866338345747,9.62181300204311,26.6736470892145));
#2335=CARTESIAN_POINT('Ctrl Pts',(24.8384895278444,9.78923577252755,26.6591334277948));
#2336=CARTESIAN_POINT('Ctrl Pts',(24.7255596146795,10.0972046013902,26.5995883961782));
#2337=CARTESIAN_POINT('Ctrl Pts',(24.6405145886104,10.2377521875034,26.5544965414103));
#2338=CARTESIAN_POINT('Ctrl Pts',(24.4450455949901,10.4596964546749,26.4491702353218));
#2339=CARTESIAN_POINT('Ctrl Pts',(24.3215925529233,10.5558935431852,26.381901993913));
#2340=CARTESIAN_POINT('Ctrl Pts',(24.0524364798164,10.6834662403874,26.2321562983049));
#2341=CARTESIAN_POINT('Ctrl Pts',(23.9067671511278,10.7148408501765,26.1496174239892));
#2342=CARTESIAN_POINT('Ctrl Pts',(23.7708252935726,10.7148408501765,26.0711313559355));
#2343=CARTESIAN_POINT('Ctrl Pts',(23.7708252935726,10.7148408501765,26.0711313559355));
#2344=CARTESIAN_POINT('Ctrl Pts',(23.6348834360173,10.7148408501765,25.9926452878819));
#2345=CARTESIAN_POINT('Ctrl Pts',(23.4905680097159,10.6834662403874,25.9077613858432));
#2346=CARTESIAN_POINT('Ctrl Pts',(23.2263063966583,10.5558935431852,25.7495382367538));
#2347=CARTESIAN_POINT('Ctrl Pts',(23.106323869697,10.4596964546749,25.6762588868539));
#2348=CARTESIAN_POINT('Ctrl Pts',(22.9173741161275,10.2377521875033,25.5596409257708));
#2349=CARTESIAN_POINT('Ctrl Pts',(22.8358009113602,10.0972046013902,25.5085357001133));
#2350=CARTESIAN_POINT('Ctrl Pts',(22.7277684447287,9.78923577252754,25.4405080422737));
#2351=CARTESIAN_POINT('Ctrl Pts',(22.7012748362859,9.62181300204311,25.4236470892145));
#2352=CARTESIAN_POINT('Ctrl Pts',(22.7012748362859,9.30786869830987,25.4236470892145));
#2353=CARTESIAN_POINT('Ctrl Pts',(22.7277684447287,9.14044592782543,25.4405080422737));
#2354=CARTESIAN_POINT('Ctrl Pts',(22.8358009113602,8.83247709896275,25.5085357001133));
#2355=CARTESIAN_POINT('Ctrl Pts',(22.9173741161275,8.69192951284963,25.5596409257708));
#2356=CARTESIAN_POINT('Ctrl Pts',(23.106323869697,8.46998524567809,25.6762588868539));
#2357=CARTESIAN_POINT('Ctrl Pts',(23.2263063966583,8.3737881571678,25.7495382367538));
#2358=CARTESIAN_POINT('Ctrl Pts',(23.4905680097159,8.24621545996553,25.9077613858432));
#2359=CARTESIAN_POINT('Ctrl Pts',(23.6348834360173,8.21484085017649,25.9926452878819));
#2360=CARTESIAN_POINT('Ctrl Pts',(23.9067671511278,8.21484085017649,26.1496174239892));
#2361=CARTESIAN_POINT('Ctrl Pts',(24.0524364798164,8.24621545996553,26.2321562983049));
#2362=CARTESIAN_POINT('Ctrl Pts',(24.3215925529233,8.37378815716781,26.381901993913));
#2363=CARTESIAN_POINT('Ctrl Pts',(24.4450455949901,8.46998524567809,26.4491702353218));
#2364=CARTESIAN_POINT('Ctrl Pts',(24.6405145886104,8.69192951284963,26.5544965414103));
#2365=CARTESIAN_POINT('Ctrl Pts',(24.7255596146795,8.83247709896275,26.5995883961782));
#2366=CARTESIAN_POINT('Ctrl Pts',(24.8384895278444,9.14044592782544,26.6591334277948));
#2367=CARTESIAN_POINT('Ctrl Pts',(24.866338345747,9.30786869830987,26.6736470892145));
#2368=CARTESIAN_POINT('Ctrl Pts',(24.866338345747,9.46484085017649,26.6736470892145));
#2369=CARTESIAN_POINT('Origin',(48.014633143082,9.46484085017647,52.1283419369567));
#2370=CARTESIAN_POINT('',(48.3066766322567,9.46484085017647,46.5861397637214));
#2371=CARTESIAN_POINT('',(47.0785209877357,8.21484085017647,46.8193860892179));
#2372=CARTESIAN_POINT('Ctrl Pts',(48.3066766322567,9.46484085017647,46.5861397637214));
#2373=CARTESIAN_POINT('Ctrl Pts',(48.3066766322567,9.30788030204329,46.5861397637214));
#2374=CARTESIAN_POINT('Ctrl Pts',(48.2759320468848,9.14046253120409,46.5924316509984));
#2375=CARTESIAN_POINT('Ctrl Pts',(48.1508390503576,8.83249051030006,46.6176364703895));
#2376=CARTESIAN_POINT('Ctrl Pts',(48.0564833065859,8.69193564873599,46.6365055188887));
#2377=CARTESIAN_POINT('Ctrl Pts',(47.8386154714113,8.46997910044017,46.6791124450496));
#2378=CARTESIAN_POINT('Ctrl Pts',(47.700577519085,8.37378025542882,46.7056835089215));
#2379=CARTESIAN_POINT('Ctrl Pts',(47.3978224138363,8.24621093003405,46.7622141821154));
#2380=CARTESIAN_POINT('Ctrl Pts',(47.2330969499617,8.21484085017647,46.7921301765085));
#2381=CARTESIAN_POINT('Ctrl Pts',(47.0785209877357,8.21484085017647,46.8193860892179));
#2382=CARTESIAN_POINT('Ctrl Pts',(47.0785209877357,8.21484085017647,46.8193860892179));
#2383=CARTESIAN_POINT('Ctrl Pts',(46.9239450255097,8.21484085017647,46.8466420019273));
#2384=CARTESIAN_POINT('Ctrl Pts',(46.7589218499612,8.24621093003404,46.8748695895165));
#2385=CARTESIAN_POINT('Ctrl Pts',(46.4550904827056,8.37378025542882,46.9252964775578));
#2386=CARTESIAN_POINT('Ctrl Pts',(46.3162893984424,8.46997910044017,46.94753960515));
#2387=CARTESIAN_POINT('Ctrl Pts',(46.09698817443,8.69193564873599,46.9820173792547));
#2388=CARTESIAN_POINT('Ctrl Pts',(46.0018691836068,8.83249051030006,46.9965578386271));
#2389=CARTESIAN_POINT('Ctrl Pts',(45.8756996619176,9.14046253120409,47.0156573804383));
#2390=CARTESIAN_POINT('Ctrl Pts',(45.8446572497262,9.30788030204329,47.0202602078887));
#2391=CARTESIAN_POINT('Ctrl Pts',(45.8446572497262,9.62180139830966,47.0202602078887));
#2392=CARTESIAN_POINT('Ctrl Pts',(45.8756996619176,9.78921916914885,47.0156573804383));
#2393=CARTESIAN_POINT('Ctrl Pts',(46.0018691836068,10.0971911900529,46.9965578386271));
#2394=CARTESIAN_POINT('Ctrl Pts',(46.09698817443,10.237746051617,46.9820173792546));
#2395=CARTESIAN_POINT('Ctrl Pts',(46.3162893984424,10.4597025999128,46.94753960515));
#2396=CARTESIAN_POINT('Ctrl Pts',(46.4550904827056,10.5559014449241,46.9252964775578));
#2397=CARTESIAN_POINT('Ctrl Pts',(46.7589218499612,10.6834707703189,46.8748695895165));
#2398=CARTESIAN_POINT('Ctrl Pts',(46.9239450255097,10.7148408501765,46.8466420019273));
#2399=CARTESIAN_POINT('Ctrl Pts',(47.2330969499617,10.7148408501765,46.7921301765085));
#2400=CARTESIAN_POINT('Ctrl Pts',(47.3978224138363,10.6834707703189,46.7622141821154));
#2401=CARTESIAN_POINT('Ctrl Pts',(47.700577519085,10.5559014449241,46.7056835089215));
#2402=CARTESIAN_POINT('Ctrl Pts',(47.8386154714113,10.4597025999128,46.6791124450496));
#2403=CARTESIAN_POINT('Ctrl Pts',(48.0564833065859,10.237746051617,46.6365055188887));
#2404=CARTESIAN_POINT('Ctrl Pts',(48.1508390503576,10.0971911900529,46.6176364703895));
#2405=CARTESIAN_POINT('Ctrl Pts',(48.2759320468848,9.78921916914885,46.5924316509984));
#2406=CARTESIAN_POINT('Ctrl Pts',(48.3066766322567,9.62180139830966,46.5861397637214));
#2407=CARTESIAN_POINT('Ctrl Pts',(48.3066766322567,9.46484085017647,46.5861397637214));
#2408=CARTESIAN_POINT('',(44.0505654153908,8.21484085017647,29.646996701168));
#2409=CARTESIAN_POINT('',(48.014633143082,8.21484085017647,52.1283419369567));
#2410=CARTESIAN_POINT('',(45.2770667493663,9.46484085017647,29.4043683143505));
#2411=CARTESIAN_POINT('Ctrl Pts',(45.2770667493663,9.46484085017647,29.4043683143505));
#2412=CARTESIAN_POINT('Ctrl Pts',(45.2770667493663,9.62181300204309,29.4043683143505));
#2413=CARTESIAN_POINT('Ctrl Pts',(45.2464041154327,9.78923577252753,29.4111510797629));
#2414=CARTESIAN_POINT('Ctrl Pts',(45.1216199744493,10.0972046013902,29.438126888123));
#2415=CARTESIAN_POINT('Ctrl Pts',(45.0274872192716,10.2377521875033,29.4582504123708));
#2416=CARTESIAN_POINT('Ctrl Pts',(44.810046838379,10.4596964546749,29.5032108280545));
#2417=CARTESIAN_POINT('Ctrl Pts',(44.6722371294146,10.5558935431852,29.5310344513435));
#2418=CARTESIAN_POINT('Ctrl Pts',(44.3697969375385,10.6834662403874,29.589332782207));
#2419=CARTESIAN_POINT('Ctrl Pts',(44.2051527920361,10.7148408501765,29.6197387757885));
#2420=CARTESIAN_POINT('Ctrl Pts',(43.8959780387454,10.7148408501765,29.6742546265476));
#2421=CARTESIAN_POINT('Ctrl Pts',(43.7308636878785,10.6834662403874,29.7019939529938));
#2422=CARTESIAN_POINT('Ctrl Pts',(43.4267236678659,10.5558935431852,29.7506520794502));
#2423=CARTESIAN_POINT('Ctrl Pts',(43.2877086616543,10.4596964546749,29.7716401223736));
#2424=CARTESIAN_POINT('Ctrl Pts',(43.0680041724525,10.2377521875033,29.8037601417659));
#2425=CARTESIAN_POINT('Ctrl Pts',(42.9726656663902,10.0972046013902,29.8170455129435));
#2426=CARTESIAN_POINT('Ctrl Pts',(42.8461806600754,9.78923577252753,29.8343752346717));
#2427=CARTESIAN_POINT('Ctrl Pts',(42.8150473668357,9.62181300204309,29.8384887585179));
#2428=CARTESIAN_POINT('Ctrl Pts',(42.8150473668357,9.30786869830985,29.8384887585179));
#2429=CARTESIAN_POINT('Ctrl Pts',(42.8461806600754,9.14044592782541,29.8343752346717));
#2430=CARTESIAN_POINT('Ctrl Pts',(42.9726656663902,8.83247709896273,29.8170455129435));
#2431=CARTESIAN_POINT('Ctrl Pts',(43.0680041724525,8.69192951284961,29.8037601417659));
#2432=CARTESIAN_POINT('Ctrl Pts',(43.2877086616543,8.46998524567807,29.7716401223736));
#2433=CARTESIAN_POINT('Ctrl Pts',(43.4267236678659,8.37378815716779,29.7506520794502));
#2434=CARTESIAN_POINT('Ctrl Pts',(43.7308636878785,8.24621545996552,29.7019939529938));
#2435=CARTESIAN_POINT('Ctrl Pts',(43.8959780387454,8.21484085017647,29.6742546265476));
#2436=CARTESIAN_POINT('Ctrl Pts',(44.0505654153908,8.21484085017647,29.646996701168));
#2437=CARTESIAN_POINT('Ctrl Pts',(44.0505654153908,8.21484085017647,29.646996701168));
#2438=CARTESIAN_POINT('Ctrl Pts',(44.2051527920361,8.21484085017647,29.6197387757885));
#2439=CARTESIAN_POINT('Ctrl Pts',(44.3697969375385,8.24621545996552,29.589332782207));
#2440=CARTESIAN_POINT('Ctrl Pts',(44.6722371294147,8.3737881571678,29.5310344513435));
#2441=CARTESIAN_POINT('Ctrl Pts',(44.810046838379,8.46998524567807,29.5032108280545));
#2442=CARTESIAN_POINT('Ctrl Pts',(45.0274872192716,8.69192951284961,29.4582504123708));
#2443=CARTESIAN_POINT('Ctrl Pts',(45.1216199744493,8.83247709896273,29.438126888123));
#2444=CARTESIAN_POINT('Ctrl Pts',(45.2464041154327,9.14044592782541,29.4111510797629));
#2445=CARTESIAN_POINT('Ctrl Pts',(45.2770667493663,9.30786869830985,29.4043683143505));
#2446=CARTESIAN_POINT('Ctrl Pts',(45.2770667493663,9.46484085017647,29.4043683143505));
#2447=CARTESIAN_POINT('Origin',(79.3717603773612,9.46484085017648,34.0244498773397));
#2448=CARTESIAN_POINT('',(76.0329112077231,9.46484085017648,29.5910636588744));
#2449=CARTESIAN_POINT('',(75.2420172489866,8.21484085017648,30.5591839414637));
#2450=CARTESIAN_POINT('Ctrl Pts',(76.0329112077231,9.46484085017648,29.5910636588744));
#2451=CARTESIAN_POINT('Ctrl Pts',(76.0329112077231,9.3078803020433,29.5910636588744));
#2452=CARTESIAN_POINT('Ctrl Pts',(76.0134038361261,9.1404625312041,29.6156457627017));
#2453=CARTESIAN_POINT('Ctrl Pts',(75.9337783868723,8.83249051030007,29.7153620027623));
#2454=CARTESIAN_POINT('Ctrl Pts',(75.8736264842615,8.691935648736,29.7904672355113));
#2455=CARTESIAN_POINT('Ctrl Pts',(75.7341172440147,8.46997910044018,29.9631487795347));
#2456=CARTESIAN_POINT('Ctrl Pts',(75.6454535883286,8.37378025542884,30.0722324807834));
#2457=CARTESIAN_POINT('Ctrl Pts',(75.4498669386233,8.24621093003405,30.3101447192726));
#2458=CARTESIAN_POINT('Ctrl Pts',(75.3429095429093,8.21484085017648,30.4389451877162));
#2459=CARTESIAN_POINT('Ctrl Pts',(75.2420172489866,8.21484085017648,30.5591839414637));
#2460=CARTESIAN_POINT('Ctrl Pts',(75.2420172489866,8.21484085017648,30.5591839414637));
#2461=CARTESIAN_POINT('Ctrl Pts',(75.1411249550639,8.21484085017648,30.6794226952111));
#2462=CARTESIAN_POINT('Ctrl Pts',(75.0328542120028,8.24621093003406,30.8071211343802));
#2463=CARTESIAN_POINT('Ctrl Pts',(74.8325196602994,8.37378025542884,31.041049410054));
#2464=CARTESIAN_POINT('Ctrl Pts',(74.7404894678177,8.46997910044019,31.147308251519));
#2465=CARTESIAN_POINT('Ctrl Pts',(74.5946568697978,8.691935648736,31.3146838683673));
#2466=CARTESIAN_POINT('Ctrl Pts',(74.5311379225664,8.83249051030007,31.386963815217));
#2467=CARTESIAN_POINT('Ctrl Pts',(74.4467634104123,9.1404625312041,31.4826951183495));
#2468=CARTESIAN_POINT('Ctrl Pts',(74.4259421835067,9.3078803020433,31.5061747666719));
#2469=CARTESIAN_POINT('Ctrl Pts',(74.4259421835067,9.62180139830967,31.5061747666719));
#2470=CARTESIAN_POINT('Ctrl Pts',(74.4467634104123,9.78921916914886,31.4826951183495));
#2471=CARTESIAN_POINT('Ctrl Pts',(74.5311379225664,10.0971911900529,31.386963815217));
#2472=CARTESIAN_POINT('Ctrl Pts',(74.5946568697978,10.237746051617,31.3146838683673));
#2473=CARTESIAN_POINT('Ctrl Pts',(74.7404894678177,10.4597025999128,31.147308251519));
#2474=CARTESIAN_POINT('Ctrl Pts',(74.8325196602994,10.5559014449241,31.041049410054));
#2475=CARTESIAN_POINT('Ctrl Pts',(75.0328542120028,10.6834707703189,30.8071211343802));
#2476=CARTESIAN_POINT('Ctrl Pts',(75.1411249550639,10.7148408501765,30.6794226952111));
#2477=CARTESIAN_POINT('Ctrl Pts',(75.3429095429093,10.7148408501765,30.4389451877162));
#2478=CARTESIAN_POINT('Ctrl Pts',(75.4498669386233,10.6834707703189,30.3101447192726));
#2479=CARTESIAN_POINT('Ctrl Pts',(75.6454535883287,10.5559014449241,30.0722324807834));
#2480=CARTESIAN_POINT('Ctrl Pts',(75.7341172440147,10.4597025999128,29.9631487795347));
#2481=CARTESIAN_POINT('Ctrl Pts',(75.8736264842615,10.237746051617,29.7904672355113));
#2482=CARTESIAN_POINT('Ctrl Pts',(75.9337783868723,10.0971911900529,29.7153620027623));
#2483=CARTESIAN_POINT('Ctrl Pts',(76.0134038361261,9.78921916914886,29.6156457627017));
#2484=CARTESIAN_POINT('Ctrl Pts',(76.0329112077231,9.62180139830967,29.5910636588744));
#2485=CARTESIAN_POINT('Ctrl Pts',(76.0329112077231,9.46484085017648,29.5910636588744));
#2486=CARTESIAN_POINT('',(61.8842695814296,8.21484085017648,19.3507028002574));
#2487=CARTESIAN_POINT('',(79.3717603773612,8.21484085017648,34.0244498773397));
#2488=CARTESIAN_POINT('',(62.667865591995,9.46484085017648,18.3764588120495));
#2489=CARTESIAN_POINT('Ctrl Pts',(62.667865591995,9.46484085017648,18.3764588120495));
#2490=CARTESIAN_POINT('Ctrl Pts',(62.667865591995,9.6218130020431,18.3764588120495));
#2491=CARTESIAN_POINT('Ctrl Pts',(62.6487365292253,9.78923577252754,18.4013642729754));
#2492=CARTESIAN_POINT('Ctrl Pts',(62.5704860468107,10.0972046013902,18.5022386407778));
#2493=CARTESIAN_POINT('Ctrl Pts',(62.5113113248411,10.2377521875033,18.5781615233977));
#2494=CARTESIAN_POINT('Ctrl Pts',(62.3736423274764,10.4596964546749,18.7523711826758));
#2495=CARTESIAN_POINT('Ctrl Pts',(62.2859586460233,10.5558935431852,18.8622676881006));
#2496=CARTESIAN_POINT('Ctrl Pts',(62.0917494624051,10.6834662403874,19.1013316085109));
#2497=CARTESIAN_POINT('Ctrl Pts',(61.9851693255854,10.7148408501765,19.2304551676678));
#2498=CARTESIAN_POINT('Ctrl Pts',(61.7833698372738,10.7148408501765,19.4709504328469));
#2499=CARTESIAN_POINT('Ctrl Pts',(61.6747154016537,10.6834662403874,19.5983334486455));
#2500=CARTESIAN_POINT('Ctrl Pts',(61.4730074701896,10.5558935431852,19.831105172504));
#2501=CARTESIAN_POINT('Ctrl Pts',(61.3800066511138,10.4596964546749,19.9365400697108));
#2502=CARTESIAN_POINT('Ctrl Pts',(61.2323495985208,10.2377521875033,20.1023687555305));
#2503=CARTESIAN_POINT('Ctrl Pts',(61.1678557377195,10.0972046013902,20.1738283507187));
#2504=CARTESIAN_POINT('Ctrl Pts',(61.0821019319004,9.78923577252753,20.2684066826197));
#2505=CARTESIAN_POINT('Ctrl Pts',(61.0608965677786,9.6218130020431,20.2915699198469));
#2506=CARTESIAN_POINT('Ctrl Pts',(61.0608965677786,9.30786869830986,20.2915699198469));
#2507=CARTESIAN_POINT('Ctrl Pts',(61.0821019319004,9.14044592782542,20.2684066826197));
#2508=CARTESIAN_POINT('Ctrl Pts',(61.1678557377195,8.83247709896274,20.1738283507187));
#2509=CARTESIAN_POINT('Ctrl Pts',(61.2323495985208,8.69192951284962,20.1023687555305));
#2510=CARTESIAN_POINT('Ctrl Pts',(61.3800066511138,8.46998524567808,19.9365400697108));
#2511=CARTESIAN_POINT('Ctrl Pts',(61.4730074701896,8.3737881571678,19.831105172504));
#2512=CARTESIAN_POINT('Ctrl Pts',(61.6747154016537,8.24621545996553,19.5983334486455));
#2513=CARTESIAN_POINT('Ctrl Pts',(61.7833698372738,8.21484085017648,19.4709504328469));
#2514=CARTESIAN_POINT('Ctrl Pts',(61.8842695814296,8.21484085017648,19.3507028002574));
#2515=CARTESIAN_POINT('Ctrl Pts',(61.8842695814296,8.21484085017648,19.3507028002574));
#2516=CARTESIAN_POINT('Ctrl Pts',(61.9851693255854,8.21484085017648,19.2304551676678));
#2517=CARTESIAN_POINT('Ctrl Pts',(62.0917494624051,8.24621545996553,19.1013316085109));
#2518=CARTESIAN_POINT('Ctrl Pts',(62.2859586460233,8.3737881571678,18.8622676881006));
#2519=CARTESIAN_POINT('Ctrl Pts',(62.3736423274764,8.46998524567808,18.7523711826758));
#2520=CARTESIAN_POINT('Ctrl Pts',(62.5113113248411,8.69192951284962,18.5781615233977));
#2521=CARTESIAN_POINT('Ctrl Pts',(62.5704860468107,8.83247709896274,18.5022386407778));
#2522=CARTESIAN_POINT('Ctrl Pts',(62.6487365292253,9.14044592782543,18.4013642729754));
#2523=CARTESIAN_POINT('Ctrl Pts',(62.667865591995,9.30786869830986,18.3764588120495));
#2524=CARTESIAN_POINT('Ctrl Pts',(62.667865591995,9.46484085017648,18.3764588120495));
#2525=CARTESIAN_POINT('Origin',(35.209794240178,-0.000159149823509841,12.6130708018199));
#2526=CARTESIAN_POINT('',(-3.15588277881265,-0.000159149823508731,-22.3155089835052));
#2527=CARTESIAN_POINT('',(79.1382390675012,-0.000159149823508731,25.1970244171891));
#2528=CARTESIAN_POINT('Origin',(38.823,-0.000159149823510882,2.35922392732846E-15));
#2529=CARTESIAN_POINT('',(-10.4847138724128,-0.000159149823508731,-26.2114343936586));
#2530=CARTESIAN_POINT('',(27.5330935818047,-0.000159149823508731,-6.00158916628736));
#2531=CARTESIAN_POINT('',(86.1766249907433,-0.000159149823508731,29.5960156192156));
#2532=CARTESIAN_POINT('Origin',(38.823,-0.000159149823509841,2.84089418656208E-15));
#2533=CARTESIAN_POINT('',(61.8805645445778,-0.000159149823508731,14.4109778403616));
#2534=CARTESIAN_POINT('Origin',(38.823,-0.000159149823510119,2.84089418656208E-15));
#2535=CARTESIAN_POINT('',(-10.4847138724129,-2.00015914982351,-26.2114343936585));
#2536=CARTESIAN_POINT('',(-10.4847138724128,-0.000159149823510951,-26.2114343936586));
#2537=CARTESIAN_POINT('',(86.1766249907433,-2.00015914982351,29.5960156192156));
#2538=CARTESIAN_POINT('Origin',(38.823,-2.00015914982351,2.84089418656208E-15));
#2539=CARTESIAN_POINT('',(86.1766249907433,-0.000159149823510951,29.5960156192156));
#2540=CARTESIAN_POINT('Origin',(13.8326189432336,16.4998408501765,-13.2846096908266));
#2541=CARTESIAN_POINT('',(-3.15588277881265,19.4998408501765,-22.3155089835052));
#2542=CARTESIAN_POINT('',(-3.15588277881265,15.4998408501765,-22.3155089835052));
#2543=CARTESIAN_POINT('',(12.2411093940318,19.4998408501765,-14.1306385341781));
#2544=CARTESIAN_POINT('',(26.3278094716168,19.4998408501765,-6.64230484541331));
#2545=CARTESIAN_POINT('',(12.2411093940318,2.99984085017649,-14.1306385341781));
#2546=CARTESIAN_POINT('',(12.2411093940318,15.4998408501765,-14.1306385341781));
#2547=CARTESIAN_POINT('',(16.2469100113971,2.99984085017649,-12.0011993079378));
#2548=CARTESIAN_POINT('',(26.3278094716168,2.99984085017649,-6.64230484541331));
#2549=CARTESIAN_POINT('',(16.2469100113971,-2.00015914982351,-12.0011993079378));
#2550=CARTESIAN_POINT('',(16.2469100113971,16.4998408501765,-12.0011993079378));
#2551=CARTESIAN_POINT('',(19.1533609282141,-2.00015914982351,-10.456162202351));
#2552=CARTESIAN_POINT('Origin',(-0.335875721063621,9.8358757210636,2.35922392732846E-15));
#2553=CARTESIAN_POINT('',(-3.95590888734816,4.05916687216012,3.3038288244425E-14));
#2554=CARTESIAN_POINT('Origin',(0.742462120245862,8.75753787975413,2.35922392732846E-15));
#2555=CARTESIAN_POINT('',(-5.75903117937385,5.86228916418581,1.545507361635E-15));
#2556=CARTESIAN_POINT('',(-5.03424672865764,5.13750471346959,3.17294049302192E-15));
#2557=CARTESIAN_POINT('Origin',(-1.06066017177983,10.5606601717798,2.35922392732846E-15));
#2558=CARTESIAN_POINT('Origin',(58.4024378605318,9.8358757210636,33.9125811580788));
#2559=CARTESIAN_POINT('',(60.2124544436741,4.05916687216012,37.0476218426234));
#2560=CARTESIAN_POINT('Origin',(57.8632689398771,8.75753787975413,32.9787131936427));
#2561=CARTESIAN_POINT('',(61.1140155896869,5.86228916418581,38.6091715536477));
#2562=CARTESIAN_POINT('',(60.7516233643288,5.13750471346959,37.9814898070595));
#2563=CARTESIAN_POINT('Origin',(58.7648300858899,10.5606601717798,34.540262904667));
#2564=CARTESIAN_POINT('Origin',(32.0231325915515,9.8358757210636,38.563964409345));
#2565=CARTESIAN_POINT('',(31.3945204291324,4.05916687216012,42.1290011376633));
#2566=CARTESIAN_POINT('Origin',(32.2103839926042,8.75753787975413,37.5020089428569));
#2567=CARTESIAN_POINT('',(31.0814115290115,5.86228916418581,43.9047299504794));
#2568=CARTESIAN_POINT('',(31.2072690280797,5.13750471346959,43.1909566041514));
#2569=CARTESIAN_POINT('Origin',(31.8972750924833,10.5606601717798,39.277737755673));
#2570=CARTESIAN_POINT('Origin',(8.82556085509254,9.8358757210636,25.1708401227547));
#2571=CARTESIAN_POINT('',(6.05245456415388,4.05916687216012,27.4977525886968));
#2572=CARTESIAN_POINT('Origin',(9.65161556623259,8.75753787975413,24.4776979193049));
#2573=CARTESIAN_POINT('',(4.67118275208364,5.86228916418581,28.6567772567605));
#2574=CARTESIAN_POINT('',(5.22639985301383,5.13750471346959,28.1908947921466));
#2575=CARTESIAN_POINT('Origin',(8.27034375416235,10.5606601717798,25.6367225873686));
#2576=CARTESIAN_POINT('Origin',(64.3345,-0.578679656440339,44.1872141772934));
#2577=CARTESIAN_POINT('',(63.4127999399871,15.4998408501765,26.1534816697216));
#2578=CARTESIAN_POINT('',(49.177679553396,15.4998408501765,34.3721322568667));
#2579=CARTESIAN_POINT('',(56.2952397466916,15.4998408501765,30.2628069632942));
#2580=CARTESIAN_POINT('',(54.6183759909842,4.61844797500028,43.7956949153283));
#2581=CARTESIAN_POINT('',(48.8544562486927,16.1462874595832,33.8122930709302));
#2582=CARTESIAN_POINT('',(54.1754001015179,3.80166980324712,44.994581359016));
#2583=CARTESIAN_POINT('',(55.4345002203364,6.12325325182249,41.5869059085171));
#2584=CARTESIAN_POINT('',(70.1132504387946,3.80166980324712,35.7928591764853));
#2585=CARTESIAN_POINT('Origin',(38.823,50.4443203435596,2.35922392732846E-15));
#2586=CARTESIAN_POINT('',(68.8534963775752,4.61844797500025,35.5770443281833));
#2587=CARTESIAN_POINT('',(66.5325668714007,6.12325325182248,35.1794341400407));
#2588=CARTESIAN_POINT('',(72.0099487867701,-1.69445684338944,41.0441802725819));
#2589=CARTESIAN_POINT('Origin',(29.9629490309002,-0.578679656440339,50.2478459819419));
#2590=CARTESIAN_POINT('',(40.8487456339734,15.4998408501765,35.8407480273988));
#2591=CARTESIAN_POINT('',(24.6611639989358,15.4998408501765,32.9864406327209));
#2592=CARTESIAN_POINT('',(32.7549548164546,15.4998408501765,34.4135943300599));
#2593=CARTESIAN_POINT('',(22.7716299556835,4.61844797500028,43.7025206997662));
#2594=CARTESIAN_POINT('',(24.7734182746182,16.1462874595832,32.3498149998687));
#2595=CARTESIAN_POINT('',(21.6616613856987,3.80166980324712,44.336181584745));
#2596=CARTESIAN_POINT('',(24.8165995924636,6.12325325182249,42.5350846976688));
#2597=CARTESIAN_POINT('',(39.7855160785398,3.80166980324712,47.5319061615327));
#2598=CARTESIAN_POINT('Origin',(38.823,50.4443203435596,2.35922392732846E-15));
#2599=CARTESIAN_POINT('',(38.9592115907212,4.61844797500027,46.5568280944442));
#2600=CARTESIAN_POINT('',(37.4368553420686,6.12325325182249,44.7603762897652));
#2601=CARTESIAN_POINT('',(37.862987173223,-1.69445684338944,52.7738257036225));
#2602=CARTESIAN_POINT('Origin',(37.862987173223,-1.69445684338944,52.7738257036225));
#2603=CARTESIAN_POINT('',(38.9592115907212,19.4998408501765,46.5568280944442));
#2604=CARTESIAN_POINT('',(38.9592115907212,15.4998408501765,46.5568280944442));
#2605=CARTESIAN_POINT('',(40.8487456339734,19.4998408501765,35.8407480273988));
#2606=CARTESIAN_POINT('',(42.3898889953709,19.4998408501765,27.1004897004808));
#2607=CARTESIAN_POINT('',(40.8487456339734,15.4998408501765,35.8407480273988));
#2608=CARTESIAN_POINT('Origin',(45.9001701763586,22.0548596042514,28.6953194935544));
#2609=CARTESIAN_POINT('',(54.6183759909841,19.4998408501765,43.7956949153283));
#2610=CARTESIAN_POINT('',(54.6183759909841,15.4998408501765,43.7956949153283));
#2611=CARTESIAN_POINT('',(49.177679553396,19.4998408501765,34.3721322568667));
#2612=CARTESIAN_POINT('',(49.177679553396,15.4998408501765,34.3721322568667));
#2613=CARTESIAN_POINT('',(38.8028049915315,19.4998408501765,16.4023223935635));
#2614=CARTESIAN_POINT('Origin',(72.0099487867701,-1.69445684338944,41.0441802725819));
#2615=CARTESIAN_POINT('',(68.8534963775752,19.4998408501765,35.5770443281833));
#2616=CARTESIAN_POINT('',(68.8534963775752,15.4998408501765,35.5770443281833));
#2617=CARTESIAN_POINT('',(63.4127999399871,19.4998408501765,26.1534816697216));
#2618=CARTESIAN_POINT('',(58.9752544900328,19.4998408501765,18.4674274895047));
#2619=CARTESIAN_POINT('',(63.4127999399871,15.4998408501765,26.1534816697216));
#2620=CARTESIAN_POINT('Origin',(55.5140834360801,13.4559088873481,28.909804544662));
#2621=CARTESIAN_POINT('',(54.2785911126518,9.99303020318231,33.6217042511233));
#2622=CARTESIAN_POINT('Origin',(58.2345,8.01507575950824,33.6217042511233));
#2623=CARTESIAN_POINT('Origin',(58.2345,8.01507575950824,33.6217042511233));
#2624=CARTESIAN_POINT('Origin',(58.2345,3.,33.6217042511233));
#2625=CARTESIAN_POINT('',(54.2785911126519,4.,33.6217042511233));
#2626=CARTESIAN_POINT('',(54.2785911126518,3.,33.6217042511233));
#2627=CARTESIAN_POINT('Origin',(58.2345,4.,33.6217042511233));
#2628=CARTESIAN_POINT('Origin',(33.026247556076,13.4559088873481,32.8750167480506));
#2629=CARTESIAN_POINT('',(29.0510547777988,9.99303020318232,35.6903821773568));
#2630=CARTESIAN_POINT('Origin',(32.0814567984368,8.01507575950824,38.233191395193));
#2631=CARTESIAN_POINT('Origin',(32.0814567984368,8.01507575950824,38.233191395193));
#2632=CARTESIAN_POINT('Origin',(13.2507765683113,13.4559088873481,21.457643249913));
#2633=CARTESIAN_POINT('',(8.39592021548746,9.9930302031823,21.0591336283901));
#2634=CARTESIAN_POINT('Origin',(9.08285658479188,8.01507575950822,24.9549433708605));
#2635=CARTESIAN_POINT('Origin',(9.08285658479188,8.01507575950822,24.9549433708605));
#2636=CARTESIAN_POINT('Origin',(5.44083312783988,13.4559088873481,2.35922392732846E-15));
#2637=CARTESIAN_POINT('',(1.97795444367405,9.99303020318232,-3.42591759150012));
#2638=CARTESIAN_POINT('Origin',(-3.33066907387547E-14,8.01507575950824,
2.0122792321331E-14));
#2639=CARTESIAN_POINT('Origin',(-3.33066907387547E-14,8.01507575950824,
2.0122792321331E-14));
#2640=CARTESIAN_POINT('Origin',(32.0814567984368,3.,38.233191395193));
#2641=CARTESIAN_POINT('',(29.0510547777987,4.,35.6903821773567));
#2642=CARTESIAN_POINT('',(29.0510547777988,3.,35.6903821773568));
#2643=CARTESIAN_POINT('Origin',(32.0814567984368,4.,38.233191395193));
#2644=CARTESIAN_POINT('Origin',(9.08285658479188,3.,24.9549433708605));
#2645=CARTESIAN_POINT('',(8.39592021548746,4.,21.0591336283902));
#2646=CARTESIAN_POINT('',(8.39592021548746,3.,21.0591336283901));
#2647=CARTESIAN_POINT('Origin',(9.08285658479188,4.,24.9549433708605));
#2648=CARTESIAN_POINT('Origin',(-3.33066907387547E-14,3.,2.0122792321331E-14));
#2649=CARTESIAN_POINT('',(1.97795444367404,4.,-3.42591759150012));
#2650=CARTESIAN_POINT('',(1.97795444367404,3.,-3.42591759150011));
#2651=CARTESIAN_POINT('Origin',(-3.33066907387547E-14,4.,2.0122792321331E-14));
#2652=CARTESIAN_POINT('Origin',(39.3723638346305,16.4998408501765,47.0443671279884));
#2653=CARTESIAN_POINT('',(39.7855160785398,19.4998408501765,47.5319061615327));
#2654=CARTESIAN_POINT('',(39.7855160785398,15.4998408501765,47.5319061615327));
#2655=CARTESIAN_POINT('',(27.6558177869767,19.4998408501765,33.2182930336093));
#2656=CARTESIAN_POINT('Origin',(54.396888046251,16.4998408501765,44.3951381371722));
#2657=CARTESIAN_POINT('',(54.1754001015179,19.4998408501765,44.994581359016));
#2658=CARTESIAN_POINT('',(54.1754001015179,15.4998408501765,44.994581359016));
#2659=CARTESIAN_POINT('',(60.6780440649389,19.4998408501765,27.3955835777449));
#2660=CARTESIAN_POINT('Origin',(69.4833734081849,16.4998408501765,35.6849517523343));
#2661=CARTESIAN_POINT('',(70.1132504387946,19.4998408501765,35.7928591764853));
#2662=CARTESIAN_POINT('',(70.1132504387946,15.4998408501765,35.7928591764853));
#2663=CARTESIAN_POINT('',(51.6207492973574,19.4998408501765,32.6248151499379));
#2664=CARTESIAN_POINT('Origin',(-7.41126145443598,16.4998408501765,-8.71018638483786));
#2665=CARTESIAN_POINT('',(-7.81965054031255,3.80166980324712,-9.20172218253064));
#2666=CARTESIAN_POINT('',(-7.81965054031255,19.4998408501765,-9.20172218253064));
#2667=CARTESIAN_POINT('',(-7.81965054031255,15.4998408501765,-9.20172218253064));
#2668=CARTESIAN_POINT('',(-7.00287236855941,4.61844797500026,-8.21865058714509));
#2669=CARTESIAN_POINT('',(-5.49806709173718,6.12325325182248,-6.40747176847642));
#2670=CARTESIAN_POINT('',(-7.00287236855941,19.4998408501765,-8.21865058714509));
#2671=CARTESIAN_POINT('',(-7.00287236855941,15.4998408501765,-8.21865058714509));
#2672=CARTESIAN_POINT('',(4.17020663770375,19.4998408501765,5.22923157219301));
#2673=CARTESIAN_POINT('Origin',(10.4335392606918,22.0548596042514,-8.21865058714509));
#2674=CARTESIAN_POINT('',(3.87852050661683,15.4998408501765,-8.21865058714509));
#2675=CARTESIAN_POINT('',(4.52496711602356,16.1462874595832,-8.21865058714509));
#2676=CARTESIAN_POINT('',(3.87852050661683,19.4998408501765,-8.21865058714509));
#2677=CARTESIAN_POINT('',(3.87852050661683,15.4998408501765,-8.21865058714509));
#2678=CARTESIAN_POINT('',(24.6282696303459,19.4998408501765,-8.21865058714509));
#2679=CARTESIAN_POINT('Origin',(-12.2,-0.578679656440339,2.35922392732846E-15));
#2680=CARTESIAN_POINT('',(3.87852050661683,15.4998408501765,8.21865058714509));
#2681=CARTESIAN_POINT('',(3.87852050661684,15.4998408501765,2.35922392732846E-15));
#2682=CARTESIAN_POINT('',(-7.81965054031255,3.80166980324711,9.20172218253064));
#2683=CARTESIAN_POINT('Origin',(38.823,50.4443203435596,2.35922392732846E-15));
#2684=CARTESIAN_POINT('',(-7.00287236855941,4.61844797500025,8.21865058714509));
#2685=CARTESIAN_POINT('',(-5.49806709173718,6.12325325182248,6.40747176847642));
#2686=CARTESIAN_POINT('',(-13.3157771869491,-1.69445684338944,8.21865058714509));
#2687=CARTESIAN_POINT('Origin',(-13.3157771869491,-1.69445684338944,8.21865058714509));
#2688=CARTESIAN_POINT('',(-7.00287236855941,19.4998408501765,8.2186505871451));
#2689=CARTESIAN_POINT('',(-7.00287236855941,15.4998408501765,8.21865058714509));
#2690=CARTESIAN_POINT('',(3.87852050661683,19.4998408501765,8.2186505871451));
#2691=CARTESIAN_POINT('',(12.7536114065255,19.4998408501765,8.21865058714509));
#2692=CARTESIAN_POINT('',(3.87852050661683,15.4998408501765,8.21865058714509));
#2693=CARTESIAN_POINT('Origin',(-7.41126145443598,16.4998408501765,8.71018638483786));
#2694=CARTESIAN_POINT('',(-7.81965054031255,19.4998408501765,9.20172218253064));
#2695=CARTESIAN_POINT('',(-7.81965054031255,15.4998408501765,9.20172218253063));
#2696=CARTESIAN_POINT('',(4.17020663770375,19.4998408501765,-5.22923157219301));
#2697=CARTESIAN_POINT('Origin',(-2.19329895511482,16.4998408501765,23.0464205272838));
#2698=CARTESIAN_POINT('',(-2.82209626545531,3.80166980324712,22.9323897051998));
#2699=CARTESIAN_POINT('',(-2.8220962654553,19.4998408501765,22.9323897051998));
#2700=CARTESIAN_POINT('',(-2.8220962654553,15.4998408501765,22.9323897051998));
#2701=CARTESIAN_POINT('',(-1.56450164477433,4.61844797500026,23.1604513493677));
#2702=CARTESIAN_POINT('',(0.752449379078402,6.12325325182248,23.5806246319714));
#2703=CARTESIAN_POINT('',(-1.56450164477433,19.4998408501765,23.1604513493677));
#2704=CARTESIAN_POINT('',(-1.56450164477433,15.4998408501765,23.1604513493677));
#2705=CARTESIAN_POINT('',(15.63870546905,19.4998408501765,26.2802100019728));
#2706=CARTESIAN_POINT('Origin',(11.7925645917487,22.0548596042514,11.9525419966907));
#2707=CARTESIAN_POINT('',(6.77112890064887,15.4998408501765,16.166026833073));
#2708=CARTESIAN_POINT('',(7.266335733558,16.1462874595832,15.7504989622225));
#2709=CARTESIAN_POINT('',(6.77112890064887,19.4998408501765,16.166026833073));
#2710=CARTESIAN_POINT('',(6.77112890064887,15.4998408501765,16.166026833073));
#2711=CARTESIAN_POINT('',(22.6663589129944,19.4998408501765,2.82834519223586));
#2712=CARTESIAN_POINT('Origin',(-0.262885621259628,-0.578679656440339,32.7969522090363));
#2713=CARTESIAN_POINT('',(17.3368224321686,15.4998408501765,28.7577300575111));
#2714=CARTESIAN_POINT('',(12.0539756664088,15.4998408501765,22.4618784452921));
#2715=CARTESIAN_POINT('',(9.00740974796165,3.80166980324712,37.0302459953043));
#2716=CARTESIAN_POINT('Origin',(38.823,50.4443203435596,2.35922392732846E-15));
#2717=CARTESIAN_POINT('',(9.00119188674542,4.61844797500027,35.7521545738057));
#2718=CARTESIAN_POINT('',(8.98973630346428,6.12325325182249,33.3974409173376));
#2719=CARTESIAN_POINT('',(4.16522623067896,-1.69445684338944,39.8100115721971));
#2720=CARTESIAN_POINT('Origin',(4.16522623067896,-1.69445684338944,39.8100115721971));
#2721=CARTESIAN_POINT('',(9.00119188674542,19.4998408501765,35.7521545738057));
#2722=CARTESIAN_POINT('',(9.00119188674542,15.4998408501765,35.7521545738057));
#2723=CARTESIAN_POINT('',(17.3368224321686,19.4998408501765,28.7577300575111));
#2724=CARTESIAN_POINT('',(24.1355364982194,19.4998408501765,23.0529315922081));
#2725=CARTESIAN_POINT('',(17.3368224321686,15.4998408501765,28.7577300575111));
#2726=CARTESIAN_POINT('Origin',(9.00430081735354,16.4998408501765,36.391200284555));
#2727=CARTESIAN_POINT('',(9.00740974796166,19.4998408501765,37.0302459953043));
#2728=CARTESIAN_POINT('',(9.00740974796166,15.4998408501765,37.0302459953043));
#2729=CARTESIAN_POINT('',(8.91613494347543,19.4998408501765,18.2685624266512));
#2730=CARTESIAN_POINT('Origin',(22.2166456706911,16.4998408501765,44.0193511422556));
#2731=CARTESIAN_POINT('',(21.6616613856987,19.4998408501765,44.336181584745));
#2732=CARTESIAN_POINT('',(21.6616613856987,15.4998408501765,44.336181584745));
#2733=CARTESIAN_POINT('',(22.7716299556835,19.4998408501765,43.7025206997662));
#2734=CARTESIAN_POINT('',(22.7716299556835,15.4998408501765,43.7025206997662));
#2735=CARTESIAN_POINT('',(37.9553933761605,19.4998408501765,35.0343860998289));
#2736=CARTESIAN_POINT('Origin',(25.7994310601534,22.0548596042514,26.5310073425674));
#2737=CARTESIAN_POINT('',(24.6611639989358,19.4998408501765,32.9864406327209));
#2738=CARTESIAN_POINT('',(24.6611639989358,15.4998408501765,32.9864406327209));
#2739=CARTESIAN_POINT('',(28.2643201213173,19.4998408501765,12.5519268226142));
#2740=CARTESIAN_POINT('Origin',(44.9897960480795,2.27484085017649,3.31219360868167));
#2741=CARTESIAN_POINT('',(43.4397960480795,1.54984085017649,3.31219360868167));
#2742=CARTESIAN_POINT('',(46.5397960480795,1.54984085017649,3.31219360868167));
#2743=CARTESIAN_POINT('Origin',(44.9897960480795,1.54984085017649,3.31219360868167));
#2744=CARTESIAN_POINT('',(47.9897960480795,2.99984085017649,3.31219360868167));
#2745=CARTESIAN_POINT('',(47.2647960480795,2.27484085017649,3.31219360868167));
#2746=CARTESIAN_POINT('Origin',(44.9897960480795,2.99984085017649,3.31219360868167));
#2747=CARTESIAN_POINT('Origin',(44.9897960480795,1.54984085017649,3.31219360868167));
#2748=CARTESIAN_POINT('Origin',(35.5108063913183,2.27484085017649,6.16679604807945));
#2749=CARTESIAN_POINT('',(37.0608063913183,1.54984085017649,6.16679604807945));
#2750=CARTESIAN_POINT('Origin',(35.5108063913183,1.54984085017649,6.16679604807945));
#2751=CARTESIAN_POINT('',(38.5108063913183,2.99984085017649,6.16679604807945));
#2752=CARTESIAN_POINT('',(37.7858063913183,2.27484085017649,6.16679604807945));
#2753=CARTESIAN_POINT('',(34.0912948447405,2.99984085017649,8.80970864011349));
#2754=CARTESIAN_POINT('Origin',(35.5108063913183,2.99984085017649,6.16679604807945));
#2755=CARTESIAN_POINT('Origin',(35.5108063913183,2.99984085017649,6.16679604807945));
#2756=CARTESIAN_POINT('Origin',(32.6562039519206,2.27484085017649,-3.31219360868168));
#2757=CARTESIAN_POINT('',(31.1062039519206,1.54984085017649,-3.31219360868168));
#2758=CARTESIAN_POINT('',(34.2062039519206,1.54984085017649,-3.31219360868168));
#2759=CARTESIAN_POINT('Origin',(32.6562039519206,1.54984085017649,-3.31219360868168));
#2760=CARTESIAN_POINT('',(35.6562039519206,2.99984085017649,-3.31219360868168));
#2761=CARTESIAN_POINT('',(34.9312039519206,2.27484085017649,-3.31219360868168));
#2762=CARTESIAN_POINT('Origin',(32.6562039519206,2.99984085017649,-3.31219360868168));
#2763=CARTESIAN_POINT('Origin',(32.6562039519206,1.54984085017649,-3.31219360868168));
#2764=CARTESIAN_POINT('Origin',(38.823,2.99984085017649,2.35922392732846E-15));
#2765=CARTESIAN_POINT('',(17.2964893925198,2.99984085017649,-11.5874056203959));
#2766=CARTESIAN_POINT('',(32.2794393203558,2.99984085017649,-7.5618657507135));
#2767=CARTESIAN_POINT('',(28.512776042103,2.99984085017649,-8.57387295058439));
#2768=CARTESIAN_POINT('Origin',(18.5938530295618,2.99984085017649,-16.4161577980584));
#2769=CARTESIAN_POINT('',(10.1157061770904,2.99984085017649,-9.06438828252601));
#2770=CARTESIAN_POINT('Origin',(38.823,2.99984085017649,3.46944695195362E-15));
#2771=CARTESIAN_POINT('',(12.4450359612091,2.99984085017649,-9.94913691447047));
#2772=CARTESIAN_POINT('Origin',(11.6300117003752,2.99984085017649,-8.58624313495126));
#2773=CARTESIAN_POINT('',(28.8241895305272,2.99984085017649,-0.154237464839419));
#2774=CARTESIAN_POINT('',(36.290052636919,2.99984085017649,4.31042416265776));
#2775=CARTESIAN_POINT('Origin',(38.823,2.99984085017649,2.35922392732846E-15));
#2776=CARTESIAN_POINT('',(43.9559787975027,2.99984085017649,8.58210514176959));
#2777=CARTESIAN_POINT('Origin',(38.823,2.99984085017649,2.35922392732846E-15));
#2778=CARTESIAN_POINT('',(60.6281873330564,2.99984085017649,17.8694185004701));
#2779=CARTESIAN_POINT('',(49.5785006731317,2.99984085017649,11.7141510500102));
#2780=CARTESIAN_POINT('',(61.0266374338883,2.99984085017649,20.3290515832808));
#2781=CARTESIAN_POINT('Origin',(59.85539882775,2.99984085017649,19.2566971048125));
#2782=CARTESIAN_POINT('',(64.3514372452773,2.99984085017649,15.9552732782989));
#2783=CARTESIAN_POINT('Origin',(38.823,2.99984085017649,3.46944695195362E-15));
#2784=CARTESIAN_POINT('',(60.5043884708556,2.99984085017649,13.5508677942852));
#2785=CARTESIAN_POINT('',(60.3452967724193,2.99984085017649,13.4514354827625));
#2786=CARTESIAN_POINT('',(59.6212429349573,2.99984085017649,12.8488022307156));
#2787=CARTESIAN_POINT('Origin',(63.1543831708715,2.99984085017649,9.31087627425981));
#2788=CARTESIAN_POINT('',(48.6435481799475,2.99984085017649,1.88595690442032));
#2789=CARTESIAN_POINT('',(43.3523630685879,2.99984085017649,-3.39807086854717));
#2790=CARTESIAN_POINT('',(43.5547051552595,2.99984085017649,-8.80970864011349));
#2791=CARTESIAN_POINT('Origin',(38.823,2.99984085017649,2.35922392732846E-15));
#2792=CARTESIAN_POINT('',(45.1351936086817,2.99984085017649,-6.16679604807945));
#2793=CARTESIAN_POINT('Origin',(42.1351936086817,2.99984085017649,-6.16679604807945));
#2794=CARTESIAN_POINT('Origin',(42.1351936086817,2.99984085017649,-6.16679604807945));
#2795=CARTESIAN_POINT('Origin',(38.823,2.99984085017649,2.35922392732846E-15));
#2796=CARTESIAN_POINT('',(35.073,2.99984085017649,2.81846647700871E-15));
#2797=CARTESIAN_POINT('Origin',(38.823,2.99984085017649,2.35922392732846E-15));
#2798=CARTESIAN_POINT('Origin',(42.1351936086817,2.27484085017649,-6.16679604807945));
#2799=CARTESIAN_POINT('',(43.6851936086817,1.54984085017649,-6.16679604807945));
#2800=CARTESIAN_POINT('Origin',(42.1351936086817,1.54984085017649,-6.16679604807945));
#2801=CARTESIAN_POINT('',(44.4101936086817,2.27484085017649,-6.16679604807945));
#2802=CARTESIAN_POINT('Origin',(58.2345,4.,33.6217042511233));
#2803=CARTESIAN_POINT('',(52.4801942045543,4.,30.2994542511233));
#2804=CARTESIAN_POINT('Origin',(58.2345,4.,33.6217042511233));
#2805=CARTESIAN_POINT('Origin',(8.88178419700125E-15,4.,7.91033905045424E-15));
#2806=CARTESIAN_POINT('',(-5.75430579544569,4.,-3.32224999999999));
#2807=CARTESIAN_POINT('Origin',(8.88178419700125E-15,4.,7.91033905045424E-15));
#2808=CARTESIAN_POINT('Origin',(32.0814567984368,4.,38.233191395193));
#2809=CARTESIAN_POINT('',(26.3271510029911,4.,34.910941395193));
#2810=CARTESIAN_POINT('Origin',(32.0814567984368,4.,38.233191395193));
#2811=CARTESIAN_POINT('Origin',(9.08285658479192,4.,24.9549433708605));
#2812=CARTESIAN_POINT('',(3.32855078934622,4.,21.6326933708605));
#2813=CARTESIAN_POINT('Origin',(9.08285658479192,4.,24.9549433708605));
#2814=CARTESIAN_POINT('Origin',(38.823,16.4998408501765,2.35922392732846E-15));
#2815=CARTESIAN_POINT('',(79.1382390675011,19.4998408501765,25.1970244171891));
#2816=CARTESIAN_POINT('',(79.1382390675012,15.4998408501765,25.1970244171891));
#2817=CARTESIAN_POINT('Origin',(38.823,19.4998408501765,2.35922392732846E-15));
#2818=CARTESIAN_POINT('Origin',(38.823,19.4998408501765,2.35922392732846E-15));
#2819=CARTESIAN_POINT('Origin',(38.823,19.4998408501765,2.35922392732846E-15));
#2820=CARTESIAN_POINT('Origin',(38.823,19.4998408501765,2.35922392732846E-15));
#2821=CARTESIAN_POINT('Origin',(38.823,19.4998408501765,2.35922392732846E-15));
#2822=CARTESIAN_POINT('Origin',(3.87852050661684,15.4998408501765,-8.21865058714509));
#2823=CARTESIAN_POINT('',(3.87852050661684,19.4998408501765,2.35922392732846E-15));
#2824=CARTESIAN_POINT('Origin',(6.77112890064887,15.4998408501765,16.166026833073));
#2825=CARTESIAN_POINT('',(12.0539756664088,19.4998408501765,22.4618784452921));
#2826=CARTESIAN_POINT('Origin',(24.6611639989358,15.4998408501765,32.9864406327209));
#2827=CARTESIAN_POINT('',(32.7549548164546,19.4998408501765,34.4135943300599));
#2828=CARTESIAN_POINT('Origin',(49.177679553396,15.4998408501765,34.3721322568668));
#2829=CARTESIAN_POINT('',(56.2952397466916,19.4998408501765,30.2628069632942));
#2830=CARTESIAN_POINT('Origin',(38.823,19.4998408501765,2.35922392732846E-15));
#2831=CARTESIAN_POINT('',(64.3514372452773,19.4998408501765,15.9552732782989));
#2832=CARTESIAN_POINT('',(60.3452967724193,19.4998408501765,13.4514354827625));
#2833=CARTESIAN_POINT('Origin',(38.823,19.4998408501765,3.46944695195362E-15));
#2834=CARTESIAN_POINT('Origin',(46.4990641973352,-2.00015914982351,36.7728973225284));
#2835=CARTESIAN_POINT('',(17.2964893925198,-2.00015914982351,-11.5874056203959));
#2836=CARTESIAN_POINT('Origin',(18.5938530295618,-2.00015914982351,-16.4161577980584));
#2837=CARTESIAN_POINT('',(32.2794393203558,-2.00015914982351,-7.5618657507135));
#2838=CARTESIAN_POINT('',(38.7249237886467,-2.00015914982351,-5.83012701892218));
#2839=CARTESIAN_POINT('',(48.6435481799475,-2.00015914982351,1.88595690442031));
#2840=CARTESIAN_POINT('Origin',(38.823,-2.00015914982351,2.35922392732846E-15));
#2841=CARTESIAN_POINT('',(59.6212429349573,-2.00015914982351,12.8488022307156));
#2842=CARTESIAN_POINT('',(60.022957600127,-2.00015914982351,13.2499735000798));
#2843=CARTESIAN_POINT('',(60.5043884708556,-2.00015914982351,13.5508677942852));
#2844=CARTESIAN_POINT('Origin',(63.1543831708715,-2.00015914982351,9.31087627425981));
#2845=CARTESIAN_POINT('',(71.3688023989957,-2.00015914982351,20.341126499373));
#2846=CARTESIAN_POINT('',(28.8241895305272,-2.00015914982351,-0.154237464839419));
#2847=CARTESIAN_POINT('',(12.4450359612091,-2.00015914982351,-9.94913691447047));
#2848=CARTESIAN_POINT('',(10.3438892668764,-2.00015914982351,-11.2056438830885));
#2849=CARTESIAN_POINT('',(10.1157061770904,-2.00015914982351,-9.06438828252601));
#2850=CARTESIAN_POINT('Origin',(11.6300117003752,-2.00015914982351,-8.58624313495126));
#2851=CARTESIAN_POINT('',(61.0266374338883,-2.00015914982351,20.3290515832808));
#2852=CARTESIAN_POINT('Origin',(38.823,-2.00015914982351,2.35922392732846E-15));
#2853=CARTESIAN_POINT('',(60.6281873330564,-2.00015914982351,17.8694185004701));
#2854=CARTESIAN_POINT('Origin',(59.85539882775,-2.00015914982351,19.2566971048125));
#2855=CARTESIAN_POINT('',(43.9559787975027,-2.00015914982351,8.58210514176958));
#2856=CARTESIAN_POINT('',(36.323,-2.00015914982351,4.33012701892219));
#2857=CARTESIAN_POINT('Origin',(38.823,-2.00015914982351,2.35922392732846E-15));
#2858=CARTESIAN_POINT('',(3.32855078934622,-2.00015914982351,21.6326933708605));
#2859=CARTESIAN_POINT('Origin',(9.08285658479191,-2.00015914982351,24.9549433708605));
#2860=CARTESIAN_POINT('',(52.4801942045543,-2.00015914982351,30.2994542511233));
#2861=CARTESIAN_POINT('Origin',(58.2345,-2.00015914982351,33.6217042511233));
#2862=CARTESIAN_POINT('',(-5.75430579544569,-2.00015914982351,-3.32224999999999));
#2863=CARTESIAN_POINT('Origin',(-8.88178419700125E-15,-2.00015914982351,
2.35922392732846E-15));
#2864=CARTESIAN_POINT('',(26.3271510029911,-2.00015914982351,34.910941395193));
#2865=CARTESIAN_POINT('Origin',(32.0814567984368,-2.00015914982351,38.233191395193));
#2866=CARTESIAN_POINT('',(43.6851936086817,-2.00015914982351,-6.16679604807945));
#2867=CARTESIAN_POINT('Origin',(42.1351936086817,-2.00015914982351,-6.16679604807945));
#2868=CARTESIAN_POINT('',(37.0608063913183,-2.00015914982351,6.16679604807945));
#2869=CARTESIAN_POINT('Origin',(35.5108063913183,-2.00015914982351,6.16679604807945));
#2870=CARTESIAN_POINT('',(35.073,-2.00015914982351,2.81846647700871E-15));
#2871=CARTESIAN_POINT('Origin',(38.823,-2.00015914982351,2.35922392732846E-15));
#2872=CARTESIAN_POINT('',(31.1062039519206,-2.00015914982351,-3.31219360868168));
#2873=CARTESIAN_POINT('Origin',(32.6562039519206,-2.00015914982351,-3.31219360868168));
#2874=CARTESIAN_POINT('',(43.4397960480795,-2.00015914982351,3.31219360868167));
#2875=CARTESIAN_POINT('Origin',(44.9897960480795,-2.00015914982351,3.31219360868167));
#2876=CARTESIAN_POINT('Origin',(18.5938530295618,16.4998408501765,-16.4161577980584));
#2877=CARTESIAN_POINT('',(17.2964893925198,16.4998408501765,-11.5874056203959));
#2878=CARTESIAN_POINT('Origin',(16.748207549397,16.4998408501765,-11.7347150908235));
#2879=CARTESIAN_POINT('',(32.2794393203558,-2.00015914982351,-7.5618657507135));
#2880=CARTESIAN_POINT('Origin',(36.323,16.4998408501765,4.33012701892219));
#2881=CARTESIAN_POINT('',(12.4450359612091,16.4998408501765,-9.94913691447047));
#2882=CARTESIAN_POINT('',(28.8241895305272,-2.00015914982351,-0.154237464839419));
#2883=CARTESIAN_POINT('Origin',(11.6300117003752,16.4998408501765,-8.58624313495126));
#2884=CARTESIAN_POINT('',(10.1157061770904,16.4998408501765,-9.06438828252601));
#2885=CARTESIAN_POINT('Origin',(38.823,16.4998408501765,2.35922392732846E-15));
#2886=CARTESIAN_POINT('',(61.0266374338883,16.4998408501765,20.3290515832808));
#2887=CARTESIAN_POINT('',(64.3514372452773,15.4998408501765,15.9552732782989));
#2888=CARTESIAN_POINT('Origin',(81.8675935448387,16.4998408501765,26.9028709655251));
#2889=CARTESIAN_POINT('',(60.5043884708556,16.4998408501765,13.5508677942852));
#2890=CARTESIAN_POINT('Origin',(42.1351936086817,-2.00015914982351,-6.16679604807945));
#2891=CARTESIAN_POINT('',(43.6851936086817,-2.00015914982351,-6.16679604807945));
#2892=CARTESIAN_POINT('Origin',(32.6562039519206,-2.00015914982351,-3.31219360868168));
#2893=CARTESIAN_POINT('',(31.1062039519206,-2.00015914982351,-3.31219360868168));
#2894=CARTESIAN_POINT('Origin',(35.5108063913183,-2.00015914982351,6.16679604807945));
#2895=CARTESIAN_POINT('',(37.0608063913183,-2.00015914982351,6.16679604807945));
#2896=CARTESIAN_POINT('Origin',(44.9897960480795,-2.00015914982351,3.31219360868167));
#2897=CARTESIAN_POINT('',(43.4397960480795,-2.00015914982351,3.31219360868167));
#2898=CARTESIAN_POINT('Origin',(38.823,-2.00015914982351,2.35922392732846E-15));
#2899=CARTESIAN_POINT('',(35.073,-2.00015914982351,2.81846647700871E-15));
#2900=CARTESIAN_POINT('Origin',(38.823,-2.00015914982351,2.35922392732846E-15));
#2901=CARTESIAN_POINT('',(43.9559787975027,-2.00015914982351,8.58210514176958));
#2902=CARTESIAN_POINT('Origin',(38.823,-2.00015914982351,2.35922392732846E-15));
#2903=CARTESIAN_POINT('',(48.6435481799475,-2.00015914982351,1.88595690442031));
#2904=CARTESIAN_POINT('Origin',(43.9210762113533,16.4998408501765,-2.83012701892218));
#2905=CARTESIAN_POINT('',(59.6212429349573,16.4998408501765,12.8488022307156));
#2906=CARTESIAN_POINT('Origin',(63.1543831708715,16.4998408501765,9.31087627425981));
#2907=CARTESIAN_POINT('Origin',(59.85539882775,16.4998408501765,19.2566971048125));
#2908=CARTESIAN_POINT('',(60.6281873330564,16.4998408501765,17.8694185004701));
#2909=CARTESIAN_POINT('Origin',(62.7669276350781,16.4998408501765,19.0608114305308));
#2910=CARTESIAN_POINT('Origin',(9.08285658479192,-1.,24.9549433708605));
#2911=CARTESIAN_POINT('',(3.32855078934622,-1.,21.6326933708605));
#2912=CARTESIAN_POINT('Origin',(58.2345,-1.,33.6217042511233));
#2913=CARTESIAN_POINT('',(52.4801942045543,-1.,30.2994542511233));
#2914=CARTESIAN_POINT('Origin',(8.88178419700125E-15,-1.,7.91033905045424E-15));
#2915=CARTESIAN_POINT('',(-5.75430579544569,-1.,-3.32224999999999));
#2916=CARTESIAN_POINT('Origin',(32.0814567984368,-1.,38.233191395193));
#2917=CARTESIAN_POINT('',(26.3271510029911,-1.,34.910941395193));
#2918=UNCERTAINTY_MEASURE_WITH_UNIT(LENGTH_MEASURE(0.01),#2922,
'DISTANCE_ACCURACY_VALUE',
'Maximum model space distance between geometric entities at asserted c
onnectivities');
#2919=UNCERTAINTY_MEASURE_WITH_UNIT(LENGTH_MEASURE(0.01),#2922,
'DISTANCE_ACCURACY_VALUE',
'Maximum model space distance between geometric entities at asserted c
onnectivities');
#2920=(
GEOMETRIC_REPRESENTATION_CONTEXT(3)
GLOBAL_UNCERTAINTY_ASSIGNED_CONTEXT((#2918))
GLOBAL_UNIT_ASSIGNED_CONTEXT((#2922,#2924,#2925))
REPRESENTATION_CONTEXT('','3D')
);
#2921=(
GEOMETRIC_REPRESENTATION_CONTEXT(3)
GLOBAL_UNCERTAINTY_ASSIGNED_CONTEXT((#2919))
GLOBAL_UNIT_ASSIGNED_CONTEXT((#2922,#2924,#2925))
REPRESENTATION_CONTEXT('','3D')
);
#2922=(
LENGTH_UNIT()
NAMED_UNIT(*)
SI_UNIT(.MILLI.,.METRE.)
);
#2923=(
LENGTH_UNIT()
NAMED_UNIT(*)
SI_UNIT($,.METRE.)
);
#2924=(
NAMED_UNIT(*)
PLANE_ANGLE_UNIT()
SI_UNIT($,.RADIAN.)
);
#2925=(
NAMED_UNIT(*)
SI_UNIT($,.STERADIAN.)
SOLID_ANGLE_UNIT()
);
#2926=SHAPE_DEFINITION_REPRESENTATION(#2927,#2928);
#2927=PRODUCT_DEFINITION_SHAPE('',$,#2930);
#2928=SHAPE_REPRESENTATION('',(#1548),#2920);
#2929=PRODUCT_DEFINITION_CONTEXT('part definition',#2934,'design');
#2930=PRODUCT_DEFINITION('beamsplitter rotary inner',
'REV11146mmdepth_rotary_forex v36',#2931,#2929);
#2931=PRODUCT_DEFINITION_FORMATION('',$,#2936);
#2932=PRODUCT_RELATED_PRODUCT_CATEGORY(
'REV11146mmdepth_rotary_forex v36','REV11146mmdepth_rotary_forex v36',(#2936));
#2933=APPLICATION_PROTOCOL_DEFINITION('international standard',
'automotive_design',2009,#2934);
#2934=APPLICATION_CONTEXT(
'Core Data for Automotive Mechanical Design Process');
#2935=PRODUCT_CONTEXT('part definition',#2934,'mechanical');
#2936=PRODUCT('beamsplitter rotary inner',
'REV11146mmdepth_rotary_forex v36',$,(#2935));
#2937=PRESENTATION_STYLE_ASSIGNMENT((#2940));
#2938=PRESENTATION_STYLE_ASSIGNMENT((#2941));
#2939=PRESENTATION_STYLE_ASSIGNMENT((#2942));
#2940=SURFACE_STYLE_USAGE(.BOTH.,#2943);
#2941=SURFACE_STYLE_USAGE(.BOTH.,#2944);
#2942=SURFACE_STYLE_USAGE(.BOTH.,#2945);
#2943=SURFACE_SIDE_STYLE('',(#2946));
#2944=SURFACE_SIDE_STYLE('',(#2947));
#2945=SURFACE_SIDE_STYLE('',(#2948));
#2946=SURFACE_STYLE_FILL_AREA(#2949);
#2947=SURFACE_STYLE_FILL_AREA(#2950);
#2948=SURFACE_STYLE_FILL_AREA(#2951);
#2949=FILL_AREA_STYLE('Default',(#2952));
#2950=FILL_AREA_STYLE('Paint - Enamel Glossy (Blue)',(#2953));
#2951=FILL_AREA_STYLE('Opaque(191,191,191)',(#2954));
#2952=FILL_AREA_STYLE_COLOUR('Default',#2955);
#2953=FILL_AREA_STYLE_COLOUR('Paint - Enamel Glossy (Blue)',#2956);
#2954=FILL_AREA_STYLE_COLOUR('Opaque(191,191,191)',#2957);
#2955=COLOUR_RGB('Default',0.749019607843137,0.749019607843137,0.749019607843137);
#2956=COLOUR_RGB('Paint - Enamel Glossy (Blue)',0.188235294117647,0.231372549019608,
0.588235294117647);
#2957=COLOUR_RGB('Opaque(191,191,191)',0.749019607843137,0.749019607843137,
0.749019607843137);
ENDSEC;
END-ISO-10303-21;
