ISO-10303-21;
HEADER;
/* Generated by software containing ST-Developer
 * from STEP Tools, Inc. (www.steptools.com) 
 */

FILE_DESCRIPTION(
/* description */ (''),
/* implementation_level */ '2;1');

FILE_NAME(
/* name */ 'exholder.step',
/* time_stamp */ '2025-11-19T19:19:13-08:00',
/* author */ (''),
/* organization */ (''),
/* preprocessor_version */ 'ST-DEVELOPER v20.1',
/* originating_system */ 'Autodesk Translation Framework v14.21.0.0',
/* authorisation */ '');

FILE_SCHEMA (('AUTOMOTIVE_DESIGN { 1 0 10303 214 3 1 1 }'));
ENDSEC;

DATA;
#10=MECHANICAL_DESIGN_GEOMETRIC_PRESENTATION_REPRESENTATION('',(#13),#3554);
#11=SHAPE_REPRESENTATION_RELATIONSHIP('SRR','None',#3561,#12);
#12=ADVANCED_BREP_SHAPE_REPRESENTATION('',(#14),#3553);
#13=STYLED_ITEM('',(#3570),#14);
#14=MANIFOLD_SOLID_BREP('ex holder',#648);
#15=B_SPLINE_SURFACE_WITH_KNOTS('',3,1,((#1202,#1203),(#1204,#1205),(#1206,
#1207),(#1208,#1209),(#1210,#1211),(#1212,#1213),(#1214,#1215),(#1216,#1217),
(#1218,#1219),(#1220,#1221),(#1222,#1223),(#1224,#1225),(#1226,#1227),(#1228,
#1229),(#1230,#1231),(#1232,#1233),(#1234,#1235),(#1236,#1237),(#1238,#1239),
(#1240,#1241)),.UNSPECIFIED.,.F.,.F.,.F.,(4,2,2,2,2,2,2,2,2,4),(2,2),(-4.14269377830548,
-3.9629187081924,-3.74203352315112,-3.48888884095304,-3.23177789695911,
-2.9752645758189,-2.70957448382635,-2.45526902687056,-2.19900327719478,
-2.04903309539578),(0.,0.000500000000000181),.UNSPECIFIED.);
#16=B_SPLINE_SURFACE_WITH_KNOTS('',3,1,((#1288,#1289),(#1290,#1291),(#1292,
#1293),(#1294,#1295),(#1296,#1297),(#1298,#1299),(#1300,#1301),(#1302,#1303),
(#1304,#1305),(#1306,#1307),(#1308,#1309),(#1310,#1311),(#1312,#1313),(#1314,
#1315),(#1316,#1317),(#1318,#1319),(#1320,#1321),(#1322,#1323),(#1324,#1325),
(#1326,#1327),(#1328,#1329),(#1330,#1331),(#1332,#1333)),.UNSPECIFIED.,
 .F.,.F.,.F.,(4,2,2,2,2,2,2,2,2,3,4),(2,2),(-2.04903309539578,-1.94189507341169,
-1.67680708694699,-1.42130596748589,-1.165748227723,-0.907933765810328,
-0.643421360309301,-0.514211365924945,-0.263967897320832,0.,0.0445223375577735),
(0.,0.000500000000000181),.UNSPECIFIED.);
#17=B_SPLINE_SURFACE_WITH_KNOTS('',3,1,((#1773,#1774),(#1775,#1776),(#1777,
#1778),(#1779,#1780),(#1781,#1782),(#1783,#1784),(#1785,#1786),(#1787,#1788),
(#1789,#1790),(#1791,#1792),(#1793,#1794),(#1795,#1796),(#1797,#1798),(#1799,
#1800),(#1801,#1802),(#1803,#1804),(#1805,#1806),(#1807,#1808),(#1809,#1810),
(#1811,#1812),(#1813,#1814),(#1815,#1816),(#1817,#1818),(#1819,#1820),(#1821,
#1822),(#1823,#1824),(#1825,#1826),(#1827,#1828),(#1829,#1830),(#1831,#1832),
(#1833,#1834),(#1835,#1836),(#1837,#1838),(#1839,#1840)),.UNSPECIFIED.,
 .T.,.F.,.F.,(4,2,2,2,2,2,2,2,2,2,2,2,2,2,2,2,4),(2,2),(0.,0.250543461363552,
0.501086922727104,0.751628692460237,1.00217046219337,1.2527122319265,1.50325400165964,
1.75379746302319,2.00434092438674,2.25488438575029,2.50542784711384,2.75596961684698,
3.00651138658011,3.25705315631324,3.50759492604638,3.75813838740993,4.00868184877348),
(0.,0.7488),.UNSPECIFIED.);
#18=B_SPLINE_SURFACE_WITH_KNOTS('',3,1,((#2219,#2220),(#2221,#2222),(#2223,
#2224),(#2225,#2226),(#2227,#2228),(#2229,#2230),(#2231,#2232),(#2233,#2234),
(#2235,#2236),(#2237,#2238),(#2239,#2240),(#2241,#2242),(#2243,#2244),(#2245,
#2246),(#2247,#2248),(#2249,#2250),(#2251,#2252),(#2253,#2254),(#2255,#2256),
(#2257,#2258),(#2259,#2260),(#2261,#2262),(#2263,#2264),(#2265,#2266),(#2267,
#2268),(#2269,#2270),(#2271,#2272),(#2273,#2274),(#2275,#2276),(#2277,#2278),
(#2279,#2280),(#2281,#2282),(#2283,#2284),(#2285,#2286)),.UNSPECIFIED.,
 .T.,.F.,.F.,(4,2,2,2,2,2,2,2,2,2,2,2,2,2,2,2,4),(2,2),(0.,0.250543461363552,
0.501086922727104,0.751628692460238,1.00217046219337,1.2527122319265,1.50325400165964,
1.75379746302319,2.00434092438674,2.25488438575029,2.50542784711385,2.75596961684698,
3.00651138658011,3.25705315631324,3.50759492604638,3.75813838740993,4.00868184877348),
(0.,0.7488),.UNSPECIFIED.);
#19=B_SPLINE_SURFACE_WITH_KNOTS('',3,1,((#2665,#2666),(#2667,#2668),(#2669,
#2670),(#2671,#2672),(#2673,#2674),(#2675,#2676),(#2677,#2678),(#2679,#2680),
(#2681,#2682),(#2683,#2684),(#2685,#2686),(#2687,#2688),(#2689,#2690),(#2691,
#2692),(#2693,#2694),(#2695,#2696),(#2697,#2698),(#2699,#2700),(#2701,#2702),
(#2703,#2704),(#2705,#2706),(#2707,#2708),(#2709,#2710),(#2711,#2712),(#2713,
#2714),(#2715,#2716),(#2717,#2718),(#2719,#2720),(#2721,#2722),(#2723,#2724),
(#2725,#2726),(#2727,#2728),(#2729,#2730),(#2731,#2732)),.UNSPECIFIED.,
 .T.,.F.,.F.,(4,2,2,2,2,2,2,2,2,2,2,2,2,2,2,2,4),(2,2),(0.,0.250543461363552,
0.501086922727104,0.751628692460237,1.00217046219337,1.2527122319265,1.50325400165964,
1.75379746302319,2.00434092438674,2.25488438575029,2.50542784711384,2.75596961684698,
3.00651138658011,3.25705315631324,3.50759492604638,3.75813838740993,4.00868184877348),
(0.,0.7488),.UNSPECIFIED.);
#20=B_SPLINE_SURFACE_WITH_KNOTS('',3,1,((#3111,#3112),(#3113,#3114),(#3115,
#3116),(#3117,#3118),(#3119,#3120),(#3121,#3122),(#3123,#3124),(#3125,#3126),
(#3127,#3128),(#3129,#3130),(#3131,#3132),(#3133,#3134),(#3135,#3136),(#3137,
#3138),(#3139,#3140),(#3141,#3142),(#3143,#3144),(#3145,#3146),(#3147,#3148),
(#3149,#3150),(#3151,#3152),(#3153,#3154),(#3155,#3156),(#3157,#3158),(#3159,
#3160),(#3161,#3162),(#3163,#3164),(#3165,#3166),(#3167,#3168),(#3169,#3170),
(#3171,#3172),(#3173,#3174),(#3175,#3176),(#3177,#3178)),.UNSPECIFIED.,
 .T.,.F.,.F.,(4,2,2,2,2,2,2,2,2,2,2,2,2,2,2,2,4),(2,2),(0.,0.250548102467271,
0.501096204934541,0.751642553577267,1.00218890221999,1.25273525086272,1.50328159950544,
1.75382970197271,2.00437780443999,2.25492590690726,2.50547400937453,2.75602035801725,
3.00656670665998,3.2571130553027,3.50765940394543,3.7582075064127,4.00875560887997),
(-0.125904189580693,0.700000000000001),.UNSPECIFIED.);
#21=FACE_BOUND('',#142,.T.);
#22=FACE_BOUND('',#143,.T.);
#23=FACE_BOUND('',#144,.T.);
#24=FACE_BOUND('',#145,.T.);
#25=FACE_BOUND('',#146,.T.);
#26=FACE_BOUND('',#147,.T.);
#27=FACE_BOUND('',#148,.T.);
#28=FACE_BOUND('',#149,.T.);
#29=FACE_BOUND('',#150,.T.);
#30=FACE_BOUND('',#156,.T.);
#31=FACE_BOUND('',#158,.T.);
#32=FACE_BOUND('',#160,.T.);
#33=FACE_BOUND('',#162,.T.);
#34=FACE_BOUND('',#164,.T.);
#35=FACE_BOUND('',#166,.T.);
#36=FACE_BOUND('',#168,.T.);
#37=FACE_BOUND('',#170,.T.);
#38=FACE_BOUND('',#172,.T.);
#39=FACE_BOUND('',#192,.T.);
#40=FACE_BOUND('',#193,.T.);
#41=FACE_BOUND('',#194,.T.);
#42=FACE_BOUND('',#195,.T.);
#43=FACE_BOUND('',#196,.T.);
#44=FACE_BOUND('',#197,.T.);
#45=FACE_BOUND('',#198,.T.);
#46=FACE_BOUND('',#199,.T.);
#47=FACE_BOUND('',#200,.T.);
#48=B_SPLINE_CURVE_WITH_KNOTS('',3,(#851,#852,#853,#854,#855,#856,#857,
#858,#859,#860,#861,#862,#863,#864,#865,#866,#867,#868,#869,#870,#871,#872,
#873),.UNSPECIFIED.,.F.,.F.,(4,2,2,2,2,2,2,2,3,2,4),(1.65901018097293,1.86638708245199,
2.07376398393105,2.28113962769522,2.4885152714594,2.69589091522358,2.90326655898775,
3.11064346046681,3.31802036194587,3.52539726342492,3.66230793593061),
 .UNSPECIFIED.);
#49=B_SPLINE_CURVE_WITH_KNOTS('',3,(#874,#875,#876,#877,#878,#879,#880,
#881,#882,#883,#884,#885,#886,#887,#888,#889),.UNSPECIFIED.,.F.,.F.,(4,
2,2,2,2,2,2,4),(0.344287573984745,0.414753802958112,0.622129446722289,0.829505090486466,
1.03688073425064,1.24425637801482,1.45163327949388,1.65901018097293),
 .UNSPECIFIED.);
#50=B_SPLINE_CURVE_WITH_KNOTS('',3,(#892,#893,#894,#895,#896,#897,#898,
#899,#900,#901,#902,#903,#904,#905,#906,#907,#908,#909),.UNSPECIFIED.,.F.,
 .F.,(4,2,2,2,2,2,2,2,4),(1.65901018097293,1.86638708245199,2.07376398393104,
2.28113962769522,2.4885152714594,2.69589091522357,2.90326655898775,3.11064346046681,
3.31802036194586),.UNSPECIFIED.);
#51=B_SPLINE_CURVE_WITH_KNOTS('',3,(#910,#911,#912,#913,#914,#915,#916,
#917,#918,#919,#920,#921,#922,#923,#924,#925,#926,#927),.UNSPECIFIED.,.F.,
 .F.,(4,2,2,2,2,2,2,2,4),(0.,0.207376901479056,0.414753802958113,0.622129446722289,
0.829505090486466,1.03688073425064,1.24425637801482,1.45163327949387,1.65901018097293),
 .UNSPECIFIED.);
#52=B_SPLINE_CURVE_WITH_KNOTS('',3,(#930,#931,#932,#933,#934,#935,#936,
#937,#938,#939,#940,#941,#942,#943,#944,#945,#946,#947),.UNSPECIFIED.,.F.,
 .F.,(4,2,2,2,2,2,2,2,4),(1.65901018097293,1.86638708245199,2.07376398393105,
2.28113962769522,2.4885152714594,2.69589091522358,2.90326655898775,3.11064346046681,
3.31802036194586),.UNSPECIFIED.);
#53=B_SPLINE_CURVE_WITH_KNOTS('',3,(#948,#949,#950,#951,#952,#953,#954,
#955,#956,#957,#958,#959,#960,#961,#962,#963,#964,#965),.UNSPECIFIED.,.F.,
 .F.,(4,2,2,2,2,2,2,2,4),(0.,0.207376901479057,0.414753802958113,0.62212944672229,
0.829505090486466,1.03688073425064,1.24425637801482,1.45163327949388,1.65901018097293),
 .UNSPECIFIED.);
#54=B_SPLINE_CURVE_WITH_KNOTS('',3,(#968,#969,#970,#971,#972,#973,#974,
#975,#976,#977,#978,#979,#980,#981,#982,#983,#984,#985),.UNSPECIFIED.,.F.,
 .F.,(4,2,2,2,2,2,2,2,4),(1.65901018097293,1.86638708245199,2.07376398393105,
2.28113962769522,2.4885152714594,2.69589091522358,2.90326655898775,3.11064346046681,
3.31802036194587),.UNSPECIFIED.);
#55=B_SPLINE_CURVE_WITH_KNOTS('',3,(#986,#987,#988,#989,#990,#991,#992,
#993,#994,#995,#996,#997,#998,#999,#1000,#1001,#1002,#1003),
 .UNSPECIFIED.,.F.,.F.,(4,2,2,2,2,2,2,2,4),(0.,0.207376901479057,0.414753802958113,
0.62212944672229,0.829505090486466,1.03688073425064,1.24425637801482,1.45163327949388,
1.65901018097293),.UNSPECIFIED.);
#56=B_SPLINE_CURVE_WITH_KNOTS('',3,(#1006,#1007,#1008,#1009,#1010,#1011,
#1012,#1013,#1014,#1015,#1016,#1017,#1018,#1019,#1020,#1021,#1022,#1023,
#1024,#1025,#1026,#1027,#1028,#1029,#1030,#1031),.UNSPECIFIED.,.F.,.F.,
(4,2,2,2,2,2,2,2,2,2,2,2,4),(0.,0.0659265342557671,0.131853068511534,0.197779598714974,
0.263706128918414,0.329632659121853,0.395559189325293,0.46148572358106,
0.527412257836827,0.593338792092594,0.659265326348361,0.725191856551801,
0.79111838675524),.UNSPECIFIED.);
#57=B_SPLINE_CURVE_WITH_KNOTS('',3,(#1032,#1033,#1034,#1035,#1036,#1037,
#1038,#1039,#1040,#1041),.UNSPECIFIED.,.F.,.F.,(4,2,2,2,4),(0.79111838675524,
0.85704491695868,0.92297144716212,0.988897981417887,1.05482451567365),
 .UNSPECIFIED.);
#58=B_SPLINE_CURVE_WITH_KNOTS('',3,(#1044,#1045,#1046,#1047,#1048,#1049,
#1050,#1051,#1052,#1053),.UNSPECIFIED.,.F.,.F.,(4,2,2,2,4),(0.,0.0659265342557668,
0.131853068511534,0.197779598714974,0.263706128918414),.UNSPECIFIED.);
#59=B_SPLINE_CURVE_WITH_KNOTS('',3,(#1054,#1055,#1056,#1057,#1058,#1059,
#1060,#1061,#1062,#1063,#1064,#1065,#1066,#1067,#1068,#1069,#1070,#1071,
#1072,#1073,#1074,#1075,#1076,#1077,#1078,#1079),.UNSPECIFIED.,.F.,.F.,
(4,2,2,2,2,2,2,2,2,2,2,2,4),(0.263706128918414,0.329632659121854,0.395559189325294,
0.461485723581061,0.527412257836828,0.593338792092595,0.659265326348362,
0.725191856551802,0.791118386755242,0.857044916958683,0.922971447162123,
0.98889798141789,1.05482451567366),.UNSPECIFIED.);
#60=B_SPLINE_CURVE_WITH_KNOTS('',3,(#1082,#1083,#1084,#1085,#1086,#1087,
#1088,#1089,#1090,#1091),.UNSPECIFIED.,.F.,.F.,(4,2,2,2,4),(0.,0.0659265342557669,
0.131853068511534,0.197779598714974,0.263706128918413),.UNSPECIFIED.);
#61=B_SPLINE_CURVE_WITH_KNOTS('',3,(#1092,#1093,#1094,#1095,#1096,#1097,
#1098,#1099,#1100,#1101,#1102,#1103,#1104,#1105,#1106,#1107,#1108,#1109,
#1110,#1111,#1112,#1113,#1114,#1115,#1116,#1117),.UNSPECIFIED.,.F.,.F.,
(4,2,2,2,2,2,2,2,2,2,2,2,4),(0.263706128918413,0.329632659121853,0.395559189325293,
0.46148572358106,0.527412257836827,0.593338792092595,0.659265326348362,
0.725191856551802,0.791118386755241,0.857044916958681,0.922971447162121,
0.988897981417888,1.05482451567366),.UNSPECIFIED.);
#62=B_SPLINE_CURVE_WITH_KNOTS('',3,(#1120,#1121,#1122,#1123,#1124,#1125,
#1126,#1127,#1128,#1129,#1130,#1131,#1132,#1133,#1134,#1135,#1136,#1137,
#1138,#1139,#1140,#1141,#1142,#1143,#1144,#1145),.UNSPECIFIED.,.F.,.F.,
(4,2,2,2,2,2,2,2,2,2,2,2,4),(0.,0.065926534255767,0.131853068511534,0.197779598714974,
0.263706128918414,0.329632659121854,0.395559189325294,0.461485723581061,
0.527412257836828,0.593338792092595,0.659265326348362,0.725191856551801,
0.791118386755241),.UNSPECIFIED.);
#63=B_SPLINE_CURVE_WITH_KNOTS('',3,(#1146,#1147,#1148,#1149,#1150,#1151,
#1152,#1153,#1154,#1155),.UNSPECIFIED.,.F.,.F.,(4,2,2,2,4),(0.791118386755241,
0.857044916958681,0.922971447162121,0.988897981417888,1.05482451567366),
 .UNSPECIFIED.);
#64=B_SPLINE_CURVE_WITH_KNOTS('',3,(#1158,#1159,#1160,#1161,#1162,#1163,
#1164,#1165,#1166,#1167),.UNSPECIFIED.,.F.,.F.,(4,2,2,2,4),(0.,0.065926534255767,
0.131853068511534,0.197779598714974,0.263706128918414),.UNSPECIFIED.);
#65=B_SPLINE_CURVE_WITH_KNOTS('',3,(#1168,#1169,#1170,#1171,#1172,#1173,
#1174,#1175,#1176,#1177,#1178,#1179,#1180,#1181,#1182,#1183,#1184,#1185,
#1186,#1187,#1188,#1189,#1190,#1191,#1192,#1193),.UNSPECIFIED.,.F.,.F.,
(4,2,2,2,2,2,2,2,2,2,2,2,4),(0.263706128918414,0.329632659121854,0.395559189325294,
0.461485723581061,0.527412257836828,0.593338792092595,0.659265326348362,
0.725191856551802,0.791118386755241,0.857044916958681,0.922971447162121,
0.988897981417888,1.05482451567366),.UNSPECIFIED.);
#66=B_SPLINE_CURVE_WITH_KNOTS('',3,(#1244,#1245,#1246,#1247,#1248,#1249,
#1250,#1251,#1252,#1253,#1254,#1255,#1256,#1257,#1258,#1259,#1260,#1261,
#1262,#1263),.UNSPECIFIED.,.F.,.F.,(4,2,2,2,2,2,2,2,2,4),(-4.14269377830548,
-3.9629187081924,-3.74203352315112,-3.48888884095304,-3.23177789695911,
-2.9752645758189,-2.70957448382635,-2.45526902687056,-2.19900327719478,
-2.04903309539578),.UNSPECIFIED.);
#67=B_SPLINE_CURVE_WITH_KNOTS('',3,(#1267,#1268,#1269,#1270,#1271,#1272,
#1273,#1274,#1275,#1276,#1277,#1278,#1279,#1280,#1281,#1282,#1283,#1284,
#1285,#1286),.UNSPECIFIED.,.F.,.F.,(4,2,2,2,2,2,2,2,2,4),(-4.14269377830548,
-3.9629187081924,-3.74203352315112,-3.48888884095304,-3.23177789695911,
-2.9752645758189,-2.70957448382635,-2.45526902687056,-2.19900327719478,
-2.04903309539578),.UNSPECIFIED.);
#68=B_SPLINE_CURVE_WITH_KNOTS('',3,(#1334,#1335,#1336,#1337,#1338,#1339,
#1340,#1341,#1342,#1343,#1344,#1345,#1346,#1347,#1348,#1349,#1350,#1351,
#1352,#1353,#1354,#1355,#1356),.UNSPECIFIED.,.F.,.F.,(4,2,2,2,2,2,2,2,2,
3,4),(-2.04903309539578,-1.94189507341169,-1.67680708694699,-1.42130596748589,
-1.165748227723,-0.907933765810328,-0.643421360309301,-0.514211365924945,
-0.263967897320832,0.,0.0445223375577735),.UNSPECIFIED.);
#69=B_SPLINE_CURVE_WITH_KNOTS('',3,(#1357,#1358,#1359,#1360,#1361,#1362,
#1363,#1364,#1365,#1366,#1367,#1368,#1369,#1370,#1371,#1372,#1373,#1374,
#1375,#1376,#1377,#1378,#1379),.UNSPECIFIED.,.F.,.F.,(4,2,2,2,2,2,2,2,2,
3,4),(-2.04903309539578,-1.94189507341169,-1.67680708694699,-1.42130596748589,
-1.165748227723,-0.907933765810328,-0.643421360309301,-0.514211365924945,
-0.263967897320832,0.,0.0445223375577735),.UNSPECIFIED.);
#70=B_SPLINE_CURVE_WITH_KNOTS('',3,(#1385,#1386,#1387,#1388,#1389,#1390,
#1391,#1392,#1393,#1394,#1395,#1396,#1397,#1398,#1399,#1400,#1401,#1402,
#1403,#1404,#1405,#1406,#1407,#1408,#1409,#1410,#1411,#1412,#1413,#1414,
#1415,#1416,#1417,#1418,#1419,#1420,#1421,#1422,#1423),.UNSPECIFIED.,.T.,
 .F.,(4,2,2,2,2,2,2,2,2,2,2,2,2,2,2,2,3,2,4),(-3.89853967916697,-3.88750129968737,
-3.62741595124204,-3.36364759213504,-3.11225792531432,-2.848246558805,-2.58872132286564,
-2.32500855949708,-2.07394251582779,-1.80992256534396,-1.55098128763548,
-1.28723665528326,-1.03652859871596,-0.772513483145996,-0.514223793391113,
-0.250452119790935,0.,0.151215535048433,0.288819657837479),
 .UNSPECIFIED.);
#71=B_SPLINE_CURVE_WITH_KNOTS('',3,(#1429,#1430,#1431,#1432,#1433,#1434,
#1435,#1436,#1437,#1438),.UNSPECIFIED.,.F.,.F.,(4,2,2,2,4),(-2.91481325048569,
-2.70957444367774,-2.4552697164612,-2.19900349043911,-2.04904193160408),
 .UNSPECIFIED.);
#72=B_SPLINE_CURVE_WITH_KNOTS('',3,(#1440,#1441,#1442,#1443,#1444,#1445,
#1446,#1447),.UNSPECIFIED.,.F.,.F.,(4,2,2,4),(-3.27727424170333,-3.23177791615349,
-2.97526490296074,-2.91481325048569),.UNSPECIFIED.);
#73=B_SPLINE_CURVE_WITH_KNOTS('',3,(#1449,#1450,#1451,#1452,#1453,#1454,
#1455,#1456,#1457,#1458),.UNSPECIFIED.,.F.,.F.,(4,2,2,2,4),(-4.14270259285746,
-3.96291842205622,-3.74203344262258,-3.48888938754917,-3.27727424170333),
 .UNSPECIFIED.);
#74=B_SPLINE_CURVE_WITH_KNOTS('',3,(#1460,#1461,#1462,#1463,#1464,#1465,
#1466,#1467,#1468,#1469,#1470,#1471,#1472),.UNSPECIFIED.,.F.,.F.,(4,2,2,
2,3,4),(-0.820841181894204,-0.643422119515007,-0.514212210417802,-0.263968706309326,
0.,0.0445135247742163),.UNSPECIFIED.);
#75=B_SPLINE_CURVE_WITH_KNOTS('',3,(#1474,#1475,#1476,#1477,#1478,#1479,
#1480,#1481),.UNSPECIFIED.,.F.,.F.,(4,2,2,4),(-1.18336237484661,-1.16574886163518,
-0.907934876747728,-0.820841181894204),.UNSPECIFIED.);
#76=B_SPLINE_CURVE_WITH_KNOTS('',3,(#1482,#1483,#1484,#1485,#1486,#1487,
#1488,#1489,#1490,#1491),.UNSPECIFIED.,.F.,.F.,(4,2,2,2,4),(-2.04904193160408,
-1.94189568726413,-1.67680734144945,-1.42130702401882,-1.18336237484661),
 .UNSPECIFIED.);
#77=B_SPLINE_CURVE_WITH_KNOTS('',3,(#1497,#1498,#1499,#1500,#1501,#1502,
#1503,#1504,#1505,#1506,#1507,#1508,#1509,#1510,#1511,#1512,#1513,#1514,
#1515,#1516),.UNSPECIFIED.,.F.,.F.,(4,2,2,2,2,2,2,2,2,4),(-3.92625838035925,
-3.90183743198819,-3.6408743200675,-3.37427230346669,-3.12221693887591,
-2.85722024256193,-2.59643094006499,-2.33258673854266,-2.08073908854085,
-1.83220479339779),.UNSPECIFIED.);
#78=B_SPLINE_CURVE_WITH_KNOTS('',3,(#1517,#1518,#1519,#1520,#1521,#1522,
#1523,#1524,#1525,#1526,#1527,#1528,#1529,#1530,#1531,#1532,#1533,#1534,
#1535,#1536,#1537,#1538,#1539),.UNSPECIFIED.,.F.,.F.,(4,2,2,2,2,2,2,2,3,
2,4),(-1.83220479339779,-1.8150644244115,-1.55456230707134,-1.29075063724745,
-1.03911223407027,-0.775114377851013,-0.515103929995922,-0.251345369878189,
0.,0.144397573100352,0.261192264700308),.UNSPECIFIED.);
#79=B_SPLINE_CURVE_WITH_KNOTS('',3,(#1569,#1570,#1571,#1572,#1573,#1574,
#1575,#1576,#1577,#1578,#1579,#1580,#1581,#1582,#1583,#1584,#1585,#1586,
#1587,#1588,#1589,#1590,#1591,#1592,#1593,#1594,#1595,#1596,#1597,#1598,
#1599,#1600,#1601,#1602),.UNSPECIFIED.,.T.,.F.,(4,2,2,2,2,2,2,2,2,2,2,2,
2,2,2,2,4),(0.,0.131877459806008,0.263754919612017,0.395632310537571,0.527509701463125,
0.65938709238868,0.791264483314234,0.923141943120242,1.05501940292625,1.18689686273226,
1.31877432253827,1.45065171346382,1.58252910438938,1.71440649531493,1.84628388624048,
1.97816134604649,2.1100388058525),.UNSPECIFIED.);
#80=B_SPLINE_CURVE_WITH_KNOTS('',3,(#1607,#1608,#1609,#1610,#1611,#1612,
#1613,#1614,#1615,#1616,#1617,#1618,#1619,#1620,#1621,#1622,#1623,#1624),
 .UNSPECIFIED.,.F.,.F.,(4,2,2,2,2,2,2,2,4),(1.05501940292625,1.18689686273226,
1.31877432253827,1.45065171346382,1.58252910438938,1.71440649531493,1.84628388624048,
1.97816134604649,2.1100388058525),.UNSPECIFIED.);
#81=B_SPLINE_CURVE_WITH_KNOTS('',3,(#1625,#1626,#1627,#1628,#1629,#1630,
#1631,#1632,#1633,#1634,#1635,#1636,#1637,#1638,#1639,#1640,#1641,#1642),
 .UNSPECIFIED.,.F.,.F.,(4,2,2,2,2,2,2,2,4),(0.,0.131877459806008,0.263754919612017,
0.395632310537571,0.527509701463125,0.659387092388679,0.791264483314234,
0.923141943120242,1.05501940292625),.UNSPECIFIED.);
#82=B_SPLINE_CURVE_WITH_KNOTS('',3,(#1646,#1647,#1648,#1649,#1650,#1651,
#1652,#1653,#1654,#1655,#1656,#1657,#1658,#1659,#1660,#1661,#1662,#1663,
#1664,#1665,#1666,#1667,#1668,#1669,#1670,#1671,#1672,#1673,#1674,#1675,
#1676,#1677,#1678,#1679),.UNSPECIFIED.,.T.,.F.,(4,2,2,2,2,2,2,2,2,2,2,2,
2,2,2,2,4),(0.,0.131877459806008,0.263754919612016,0.395632310537571,0.527509701463125,
0.65938709238868,0.791264483314234,0.923141943120243,1.05501940292625,1.18689686273226,
1.31877432253827,1.45065171346382,1.58252910438938,1.71440649531493,1.84628388624049,
1.97816134604649,2.1100388058525),.UNSPECIFIED.);
#83=B_SPLINE_CURVE_WITH_KNOTS('',3,(#1683,#1684,#1685,#1686,#1687,#1688,
#1689,#1690,#1691,#1692,#1693,#1694,#1695,#1696,#1697,#1698,#1699,#1700,
#1701,#1702,#1703,#1704,#1705,#1706,#1707,#1708,#1709,#1710,#1711,#1712,
#1713,#1714,#1715,#1716),.UNSPECIFIED.,.T.,.F.,(4,2,2,2,2,2,2,2,2,2,2,2,
2,2,2,2,4),(0.,0.131877459806008,0.263754919612016,0.395632310537571,0.527509701463125,
0.659387092388679,0.791264483314233,0.923141943120241,1.05501940292625,
1.18689686273226,1.31877432253827,1.45065171346382,1.58252910438937,1.71440649531493,
1.84628388624048,1.97816134604649,2.1100388058525),.UNSPECIFIED.);
#84=B_SPLINE_CURVE_WITH_KNOTS('',3,(#1720,#1721,#1722,#1723,#1724,#1725,
#1726,#1727,#1728,#1729,#1730,#1731,#1732,#1733,#1734,#1735,#1736,#1737,
#1738,#1739,#1740,#1741,#1742,#1743,#1744,#1745,#1746,#1747,#1748,#1749,
#1750,#1751,#1752,#1753),.UNSPECIFIED.,.T.,.F.,(4,2,2,2,2,2,2,2,2,2,2,2,
2,2,2,2,4),(0.,0.131877459806008,0.263754919612016,0.39563231053757,0.527509701463125,
0.65938709238868,0.791264483314236,0.923141943120244,1.05501940292625,1.18689686273226,
1.31877432253827,1.45065171346382,1.58252910438938,1.71440649531493,1.84628388624049,
1.9781613460465,2.1100388058525),.UNSPECIFIED.);
#85=B_SPLINE_CURVE_WITH_KNOTS('',3,(#1843,#1844,#1845,#1846,#1847,#1848,
#1849,#1850,#1851,#1852,#1853,#1854,#1855,#1856,#1857,#1858,#1859,#1860,
#1861,#1862,#1863,#1864,#1865,#1866,#1867,#1868,#1869,#1870,#1871,#1872,
#1873,#1874,#1875,#1876,#1877,#1878,#1879,#1880,#1881,#1882,#1883,#1884,
#1885,#1886,#1887,#1888,#1889,#1890,#1891,#1892,#1893,#1894,#1895,#1896,
#1897,#1898,#1899,#1900,#1901,#1902,#1903,#1904,#1905,#1906,#1907,#1908,
#1909,#1910,#1911,#1912,#1913,#1914,#1915,#1916,#1917,#1918,#1919,#1920,
#1921,#1922,#1923,#1924,#1925,#1926,#1927,#1928,#1929,#1930,#1931,#1932,
#1933,#1934,#1935,#1936,#1937,#1938,#1939,#1940,#1941,#1942,#1943,#1944,
#1945,#1946,#1947,#1948,#1949,#1950,#1951,#1952,#1953,#1954,#1955,#1956,
#1957,#1958,#1959,#1960,#1961,#1962,#1963,#1964,#1965,#1966,#1967,#1968,
#1969,#1970,#1971,#1972,#1973,#1974,#1975,#1976,#1977,#1978,#1979,#1980,
#1981,#1982,#1983,#1984,#1985,#1986,#1987,#1988,#1989,#1990,#1991,#1992,
#1993,#1994,#1995,#1996,#1997,#1998,#1999,#2000,#2001,#2002,#2003,#2004,
#2005,#2006,#2007,#2008,#2009,#2010,#2011,#2012,#2013,#2014,#2015,#2016,
#2017,#2018,#2019,#2020,#2021,#2022,#2023,#2024,#2025,#2026,#2027,#2028,
#2029,#2030,#2031,#2032,#2033,#2034,#2035,#2036,#2037,#2038,#2039,#2040,
#2041,#2042,#2043,#2044,#2045,#2046,#2047,#2048,#2049,#2050,#2051,#2052,
#2053,#2054,#2055,#2056,#2057,#2058,#2059,#2060,#2061,#2062,#2063,#2064,
#2065,#2066,#2067,#2068,#2069,#2070,#2071,#2072,#2073,#2074,#2075,#2076,
#2077,#2078,#2079,#2080,#2081,#2082,#2083,#2084,#2085,#2086,#2087,#2088,
#2089,#2090,#2091,#2092,#2093,#2094,#2095,#2096,#2097,#2098,#2099,#2100,
#2101,#2102,#2103,#2104,#2105,#2106,#2107,#2108,#2109,#2110,#2111,#2112,
#2113,#2114,#2115,#2116,#2117,#2118,#2119,#2120,#2121,#2122,#2123,#2124,
#2125,#2126,#2127,#2128,#2129,#2130,#2131,#2132,#2133,#2134,#2135,#2136,
#2137,#2138,#2139,#2140,#2141,#2142,#2143,#2144,#2145,#2146,#2147,#2148,
#2149,#2150,#2151,#2152,#2153,#2154,#2155,#2156,#2157,#2158,#2159,#2160,
#2161,#2162,#2163,#2164,#2165,#2166,#2167,#2168,#2169,#2170,#2171,#2172,
#2173,#2174,#2175,#2176,#2177,#2178,#2179,#2180,#2181,#2182,#2183,#2184,
#2185,#2186,#2187,#2188,#2189,#2190,#2191,#2192,#2193,#2194,#2195,#2196,
#2197,#2198,#2199,#2200,#2201,#2202,#2203,#2204,#2205,#2206,#2207,#2208,
#2209,#2210,#2211,#2212,#2213,#2214,#2215,#2216,#2217,#2218),
 .UNSPECIFIED.,.T.,.F.,(4,3,3,3,3,3,3,3,3,3,3,3,3,3,3,3,3,3,3,3,3,3,3,3,
3,3,3,3,3,3,3,3,3,3,3,3,3,3,3,3,3,3,3,3,3,3,3,3,3,3,3,3,3,3,3,3,3,3,3,3,
3,3,3,3,3,3,3,3,3,3,3,3,3,3,3,3,3,3,3,3,3,3,3,3,3,3,3,3,3,3,3,3,3,3,3,3,
3,3,3,3,3,3,3,3,3,3,3,3,3,3,3,3,3,3,3,3,3,3,3,3,3,3,3,3,3,4),(-0.254027898219564,
-0.220449291705998,-0.185745082213697,-0.149957091117193,-0.112467818337895,
-0.0751247227414661,-0.037562361370733,0.,0.00791346700698092,0.046969379706949,
0.0863979645499352,0.125487595612356,0.152727484923449,0.185844109833228,
0.219210609900314,0.252580274670878,0.269214688706998,0.300333550926542,
0.335655560333179,0.372147748666712,0.40967437855786,0.44804806273625,0.486371412937858,
0.523964895145323,0.531330268542658,0.556106075738525,0.608681576132623,
0.658157253125099,0.705901285244215,0.751139844169335,0.793130597245953,
0.819949275746909,0.854919113674217,0.891037417596446,0.928189143821805,
0.966266124534687,1.00436254712221,1.04179397667105,1.05530159496135,1.07583760458176,
1.12775697878884,1.1768474902288,1.2242093582209,1.27066433359202,1.31444695729294,
1.31711930896315,1.34269450836928,1.37772250996588,1.41391942427099,1.45116939020071,
1.4893529837634,1.52753891166768,1.56501379339782,1.57928944959119,1.59821610205448,
1.64636764772706,1.69506700753356,1.74011388479747,1.78369184597524,1.82526650062719,
1.84116508695305,1.86290835288069,1.89761717073883,1.93347191717598,1.97037307230161,
2.00827092963394,2.04623209931392,2.08354854583387,2.10327613347287,2.11849139272558,
2.16411286394741,2.20950384933775,2.25309914581992,2.29534786951653,2.33550018616971,
2.36517794676478,2.38291255780084,2.41753319705041,2.45331805279913,2.49017597817281,
2.52808254943373,2.56606242307845,2.60336441627082,2.62724693613945,2.63807054255069,
2.67956775405975,2.72133421157399,2.76330368596892,2.80301311596939,2.84157078371005,
2.87848754626697,2.88921210915371,2.90061735871852,2.93480266024922,2.97012612724666,
3.00651623813656,3.04404247227079,3.08171763603509,3.11879757892143,3.15120859008802,
3.15553868193188,3.19494537692783,3.23485495204958,3.27463829506585,3.31313216540228,
3.3505816511321,3.38629380048771,3.41321161093843,3.41985863363923,3.45390901817682,
3.48911357086611,3.52541203115385,3.56291687432503,3.6005955504336,3.63766637054292,
3.67448687299682,3.67517591138901,3.71196919934568,3.7493311388656,3.78677886589532,
3.82434984059622,3.85997543124904,3.89462923009881,3.92787389706055,3.93706276469889,
3.93719704715825),.UNSPECIFIED.);
#86=B_SPLINE_CURVE_WITH_KNOTS('',3,(#2289,#2290,#2291,#2292,#2293,#2294,
#2295,#2296,#2297,#2298,#2299,#2300,#2301,#2302,#2303,#2304,#2305,#2306,
#2307,#2308,#2309,#2310,#2311,#2312,#2313,#2314,#2315,#2316,#2317,#2318,
#2319,#2320,#2321,#2322,#2323,#2324,#2325,#2326,#2327,#2328,#2329,#2330,
#2331,#2332,#2333,#2334,#2335,#2336,#2337,#2338,#2339,#2340,#2341,#2342,
#2343,#2344,#2345,#2346,#2347,#2348,#2349,#2350,#2351,#2352,#2353,#2354,
#2355,#2356,#2357,#2358,#2359,#2360,#2361,#2362,#2363,#2364,#2365,#2366,
#2367,#2368,#2369,#2370,#2371,#2372,#2373,#2374,#2375,#2376,#2377,#2378,
#2379,#2380,#2381,#2382,#2383,#2384,#2385,#2386,#2387,#2388,#2389,#2390,
#2391,#2392,#2393,#2394,#2395,#2396,#2397,#2398,#2399,#2400,#2401,#2402,
#2403,#2404,#2405,#2406,#2407,#2408,#2409,#2410,#2411,#2412,#2413,#2414,
#2415,#2416,#2417,#2418,#2419,#2420,#2421,#2422,#2423,#2424,#2425,#2426,
#2427,#2428,#2429,#2430,#2431,#2432,#2433,#2434,#2435,#2436,#2437,#2438,
#2439,#2440,#2441,#2442,#2443,#2444,#2445,#2446,#2447,#2448,#2449,#2450,
#2451,#2452,#2453,#2454,#2455,#2456,#2457,#2458,#2459,#2460,#2461,#2462,
#2463,#2464,#2465,#2466,#2467,#2468,#2469,#2470,#2471,#2472,#2473,#2474,
#2475,#2476,#2477,#2478,#2479,#2480,#2481,#2482,#2483,#2484,#2485,#2486,
#2487,#2488,#2489,#2490,#2491,#2492,#2493,#2494,#2495,#2496,#2497,#2498,
#2499,#2500,#2501,#2502,#2503,#2504,#2505,#2506,#2507,#2508,#2509,#2510,
#2511,#2512,#2513,#2514,#2515,#2516,#2517,#2518,#2519,#2520,#2521,#2522,
#2523,#2524,#2525,#2526,#2527,#2528,#2529,#2530,#2531,#2532,#2533,#2534,
#2535,#2536,#2537,#2538,#2539,#2540,#2541,#2542,#2543,#2544,#2545,#2546,
#2547,#2548,#2549,#2550,#2551,#2552,#2553,#2554,#2555,#2556,#2557,#2558,
#2559,#2560,#2561,#2562,#2563,#2564,#2565,#2566,#2567,#2568,#2569,#2570,
#2571,#2572,#2573,#2574,#2575,#2576,#2577,#2578,#2579,#2580,#2581,#2582,
#2583,#2584,#2585,#2586,#2587,#2588,#2589,#2590,#2591,#2592,#2593,#2594,
#2595,#2596,#2597,#2598,#2599,#2600,#2601,#2602,#2603,#2604,#2605,#2606,
#2607,#2608,#2609,#2610,#2611,#2612,#2613,#2614,#2615,#2616,#2617,#2618,
#2619,#2620,#2621,#2622,#2623,#2624,#2625,#2626,#2627,#2628,#2629,#2630,
#2631,#2632,#2633,#2634,#2635,#2636,#2637,#2638,#2639,#2640,#2641,#2642,
#2643,#2644,#2645,#2646,#2647,#2648,#2649,#2650,#2651,#2652,#2653,#2654,
#2655,#2656,#2657,#2658,#2659,#2660,#2661,#2662,#2663,#2664),
 .UNSPECIFIED.,.T.,.F.,(4,3,3,3,3,3,3,3,3,3,3,3,3,3,3,3,3,3,3,3,3,3,3,3,
3,3,3,3,3,3,3,3,3,3,3,3,3,3,3,3,3,3,3,3,3,3,3,3,3,3,3,3,3,3,3,3,3,3,3,3,
3,3,3,3,3,3,3,3,3,3,3,3,3,3,3,3,3,3,3,3,3,3,3,3,3,3,3,3,3,3,3,3,3,3,3,3,
3,3,3,3,3,3,3,3,3,3,3,3,3,3,3,3,3,3,3,3,3,3,3,3,3,3,3,3,3,4),(-0.254027898219557,
-0.220449291706094,-0.185745082213822,-0.149957091117546,-0.11246781833816,
-0.0751247227418181,-0.037562361370909,0.,0.00791346700698143,0.0469693797069844,
0.0863979645499006,0.125487595612328,0.152727484923456,0.185844109833318,
0.219210609900351,0.252580274671213,0.269214688707016,0.300333550926557,
0.33565556033296,0.372147748666648,0.409674378558711,0.448048062736744,
0.486371412938459,0.523964895146017,0.53133026854267,0.556106075738548,
0.608681576133943,0.658157253126396,0.705901285245632,0.751139844170772,
0.793130597245962,0.819949275746922,0.854919113673919,0.891037417596726,
0.928189143822421,0.966266124535365,1.00436254712315,1.04179397667202,1.05530159496136,
1.07583760458176,1.12775697878914,1.17684749022893,1.22420935822032,1.27066433359174,
1.31444695729443,1.31711930896315,1.34269450836927,1.37772250996604,1.41391942427102,
1.45116939020052,1.48935298376331,1.52753891166751,1.56501379339769,1.57928944959116,
1.59821610205443,1.64636764772652,1.69506700753314,1.74011388479655,1.7836918459734,
1.82526650062522,1.84116508695301,1.86290835288063,1.89761717073869,1.93347191717572,
1.97037307230124,2.00827092963357,2.04623209931338,2.08354854583333,2.10327613347283,
2.11849139272552,2.16411286394731,2.20950384933738,2.25309914581959,2.29534786951642,
2.3355001861696,2.3651779467647,2.38291255780075,2.41753319705025,2.45331805279895,
2.49017597817257,2.52808254943347,2.56606242307813,2.60336441627051,2.62724693613935,
2.63807054255061,2.67956775405962,2.72133421157384,2.76330368596878,2.80301311596941,
2.84157078370966,2.87848754626654,2.8892121091536,2.90061735871843,2.93480266024912,
2.97012612724664,3.00651623813662,3.04404247227086,3.0817176360351,3.11879757892146,
3.15120859008792,3.15553868193175,3.1949453769277,3.23485495204941,3.27463829506566,
3.3131321654021,3.35058165113208,3.38629380048771,3.41321161093834,3.41985863363912,
3.45390901817674,3.48911357086605,3.52541203115372,3.56291687432492,3.60059555043352,
3.63766637054285,3.67448687299673,3.67517591138893,3.71196919934559,3.74933113886551,
3.78677886589522,3.82434984059611,3.85997543124893,3.89462923009869,3.92787389706042,
3.93706276469879,3.93719704715817),.UNSPECIFIED.);
#87=B_SPLINE_CURVE_WITH_KNOTS('',3,(#2735,#2736,#2737,#2738,#2739,#2740,
#2741,#2742,#2743,#2744,#2745,#2746,#2747,#2748,#2749,#2750,#2751,#2752,
#2753,#2754,#2755,#2756,#2757,#2758,#2759,#2760,#2761,#2762,#2763,#2764,
#2765,#2766,#2767,#2768,#2769,#2770,#2771,#2772,#2773,#2774,#2775,#2776,
#2777,#2778,#2779,#2780,#2781,#2782,#2783,#2784,#2785,#2786,#2787,#2788,
#2789,#2790,#2791,#2792,#2793,#2794,#2795,#2796,#2797,#2798,#2799,#2800,
#2801,#2802,#2803,#2804,#2805,#2806,#2807,#2808,#2809,#2810,#2811,#2812,
#2813,#2814,#2815,#2816,#2817,#2818,#2819,#2820,#2821,#2822,#2823,#2824,
#2825,#2826,#2827,#2828,#2829,#2830,#2831,#2832,#2833,#2834,#2835,#2836,
#2837,#2838,#2839,#2840,#2841,#2842,#2843,#2844,#2845,#2846,#2847,#2848,
#2849,#2850,#2851,#2852,#2853,#2854,#2855,#2856,#2857,#2858,#2859,#2860,
#2861,#2862,#2863,#2864,#2865,#2866,#2867,#2868,#2869,#2870,#2871,#2872,
#2873,#2874,#2875,#2876,#2877,#2878,#2879,#2880,#2881,#2882,#2883,#2884,
#2885,#2886,#2887,#2888,#2889,#2890,#2891,#2892,#2893,#2894,#2895,#2896,
#2897,#2898,#2899,#2900,#2901,#2902,#2903,#2904,#2905,#2906,#2907,#2908,
#2909,#2910,#2911,#2912,#2913,#2914,#2915,#2916,#2917,#2918,#2919,#2920,
#2921,#2922,#2923,#2924,#2925,#2926,#2927,#2928,#2929,#2930,#2931,#2932,
#2933,#2934,#2935,#2936,#2937,#2938,#2939,#2940,#2941,#2942,#2943,#2944,
#2945,#2946,#2947,#2948,#2949,#2950,#2951,#2952,#2953,#2954,#2955,#2956,
#2957,#2958,#2959,#2960,#2961,#2962,#2963,#2964,#2965,#2966,#2967,#2968,
#2969,#2970,#2971,#2972,#2973,#2974,#2975,#2976,#2977,#2978,#2979,#2980,
#2981,#2982,#2983,#2984,#2985,#2986,#2987,#2988,#2989,#2990,#2991,#2992,
#2993,#2994,#2995,#2996,#2997,#2998,#2999,#3000,#3001,#3002,#3003,#3004,
#3005,#3006,#3007,#3008,#3009,#3010,#3011,#3012,#3013,#3014,#3015,#3016,
#3017,#3018,#3019,#3020,#3021,#3022,#3023,#3024,#3025,#3026,#3027,#3028,
#3029,#3030,#3031,#3032,#3033,#3034,#3035,#3036,#3037,#3038,#3039,#3040,
#3041,#3042,#3043,#3044,#3045,#3046,#3047,#3048,#3049,#3050,#3051,#3052,
#3053,#3054,#3055,#3056,#3057,#3058,#3059,#3060,#3061,#3062,#3063,#3064,
#3065,#3066,#3067,#3068,#3069,#3070,#3071,#3072,#3073,#3074,#3075,#3076,
#3077,#3078,#3079,#3080,#3081,#3082,#3083,#3084,#3085,#3086,#3087,#3088,
#3089,#3090,#3091,#3092,#3093,#3094,#3095,#3096,#3097,#3098,#3099,#3100,
#3101,#3102,#3103,#3104,#3105,#3106,#3107,#3108,#3109,#3110),
 .UNSPECIFIED.,.T.,.F.,(4,3,3,3,3,3,3,3,3,3,3,3,3,3,3,3,3,3,3,3,3,3,3,3,
3,3,3,3,3,3,3,3,3,3,3,3,3,3,3,3,3,3,3,3,3,3,3,3,3,3,3,3,3,3,3,3,3,3,3,3,
3,3,3,3,3,3,3,3,3,3,3,3,3,3,3,3,3,3,3,3,3,3,3,3,3,3,3,3,3,3,3,3,3,3,3,3,
3,3,3,3,3,3,3,3,3,3,3,3,3,3,3,3,3,3,3,3,3,3,3,3,3,3,3,3,3,4),(-0.254027898219575,
-0.220449291705912,-0.185745082213543,-0.149957091116928,-0.112467818337696,
-0.0751247227413616,-0.0375623613706808,0.,0.00791346700697997,0.0469693797069818,
0.0863979645501411,0.125487595612446,0.152727484923471,0.185844109833367,
0.219210609900423,0.2525802746712,0.269214688707008,0.300333550926588,0.335655560333257,
0.372147748666688,0.409674378558137,0.448048062736424,0.486371412938208,
0.523964895145784,0.531330268542645,0.556106075738559,0.608681576133883,
0.658157253126256,0.705901285244336,0.751139844169336,0.793130597245919,
0.819949275746911,0.854919113674047,0.891037417596664,0.928189143822749,
0.966266124535772,1.00436254712328,1.04179397667207,1.05530159496131,1.07583760458175,
1.12775697878835,1.17684749022837,1.22420935822015,1.27066433359162,1.31444695729393,
1.31711930896309,1.34269450836926,1.37772250996603,1.4139194242713,1.45116939020126,
1.4893529837639,1.52753891166821,1.56501379339837,1.57928944959111,1.59821610205443,
1.64636764772693,1.69506700753343,1.74011388479699,1.7836918459749,1.82526650062708,
1.84116508695296,1.86290835288062,1.89761717073879,1.93347191717567,1.97037307230078,
2.00827092963311,2.04623209931313,2.08354854583312,2.10327613347277,2.1184913927255,
2.16411286394754,2.2095038493382,2.25309914582054,2.29534786951699,2.33550018617017,
2.36517794676466,2.38291255780074,2.41753319705023,2.45331805279885,2.49017597817258,
2.52808254943352,2.56606242307817,2.60336441627056,2.6272469361393,2.6380705425506,
2.67956775405961,2.72133421157407,2.76330368596894,2.80301311596951,2.84157078371002,
2.87848754626693,2.88921210915354,2.9006173587184,2.93480266024911,2.97012612724654,
3.00651623813655,3.0440424722708,3.08171763603513,3.11879757892147,3.15120859008784,
3.15553868193173,3.19494537692769,3.23485495204942,3.27463829506564,3.3131321654021,
3.35058165113211,3.38629380048774,3.41321161093823,3.41985863363907,3.45390901817666,
3.48911357086598,3.52541203115374,3.56291687432492,3.60059555043346,3.63766637054278,
3.67448687299664,3.67517591138881,3.7119691993455,3.74933113886544,3.7867788658952,
3.82434984059608,3.85997543124892,3.89462923009871,3.92787389706045,3.93706276469872,
3.93719704715807),.UNSPECIFIED.);
#88=B_SPLINE_CURVE_WITH_KNOTS('',3,(#3181,#3182,#3183,#3184,#3185,#3186,
#3187,#3188,#3189,#3190,#3191,#3192,#3193,#3194,#3195,#3196,#3197,#3198,
#3199,#3200,#3201,#3202,#3203,#3204,#3205,#3206,#3207,#3208,#3209,#3210,
#3211,#3212,#3213,#3214,#3215,#3216,#3217,#3218,#3219,#3220,#3221,#3222,
#3223,#3224,#3225,#3226,#3227,#3228,#3229,#3230,#3231,#3232,#3233,#3234,
#3235,#3236,#3237,#3238,#3239,#3240,#3241,#3242,#3243,#3244,#3245,#3246,
#3247,#3248,#3249,#3250,#3251,#3252,#3253,#3254,#3255,#3256,#3257,#3258,
#3259,#3260,#3261,#3262,#3263,#3264,#3265,#3266,#3267,#3268,#3269,#3270,
#3271,#3272,#3273,#3274,#3275,#3276,#3277,#3278,#3279,#3280,#3281,#3282,
#3283,#3284,#3285,#3286,#3287,#3288,#3289,#3290,#3291,#3292,#3293,#3294,
#3295,#3296,#3297,#3298,#3299,#3300,#3301,#3302,#3303,#3304,#3305,#3306,
#3307,#3308,#3309,#3310,#3311,#3312,#3313,#3314,#3315,#3316,#3317,#3318,
#3319,#3320,#3321,#3322,#3323,#3324,#3325,#3326,#3327,#3328,#3329,#3330,
#3331,#3332,#3333,#3334,#3335,#3336,#3337,#3338,#3339,#3340,#3341,#3342,
#3343,#3344,#3345,#3346,#3347,#3348,#3349,#3350,#3351,#3352,#3353,#3354,
#3355,#3356,#3357,#3358,#3359,#3360,#3361,#3362,#3363,#3364,#3365,#3366,
#3367,#3368,#3369,#3370,#3371,#3372,#3373,#3374,#3375,#3376,#3377,#3378,
#3379,#3380,#3381,#3382,#3383,#3384,#3385,#3386,#3387,#3388,#3389,#3390,
#3391,#3392,#3393,#3394,#3395,#3396,#3397,#3398,#3399,#3400,#3401,#3402,
#3403,#3404,#3405,#3406,#3407,#3408,#3409,#3410,#3411,#3412,#3413,#3414,
#3415,#3416,#3417,#3418,#3419,#3420,#3421,#3422,#3423,#3424,#3425,#3426,
#3427,#3428,#3429,#3430,#3431,#3432,#3433,#3434,#3435,#3436,#3437,#3438,
#3439,#3440,#3441,#3442,#3443,#3444,#3445,#3446,#3447,#3448,#3449,#3450,
#3451,#3452,#3453,#3454,#3455,#3456,#3457,#3458,#3459,#3460,#3461,#3462,
#3463,#3464,#3465,#3466,#3467,#3468,#3469,#3470,#3471,#3472,#3473,#3474,
#3475,#3476,#3477,#3478,#3479,#3480,#3481,#3482,#3483,#3484,#3485,#3486,
#3487,#3488,#3489,#3490,#3491,#3492,#3493,#3494,#3495,#3496,#3497,#3498,
#3499,#3500,#3501,#3502,#3503,#3504,#3505,#3506,#3507,#3508,#3509,#3510,
#3511,#3512,#3513,#3514,#3515,#3516,#3517,#3518,#3519,#3520,#3521,#3522,
#3523,#3524,#3525,#3526,#3527,#3528,#3529,#3530,#3531,#3532,#3533,#3534,
#3535,#3536,#3537,#3538,#3539,#3540,#3541,#3542,#3543,#3544,#3545,#3546,
#3547),.UNSPECIFIED.,.T.,.F.,(4,3,3,3,3,3,3,3,3,3,3,3,3,3,3,3,3,3,3,3,3,
3,3,3,3,3,3,3,3,3,3,3,3,3,3,3,3,3,3,3,3,3,3,3,3,3,3,3,3,3,3,3,3,3,3,3,3,
3,3,3,3,3,3,3,3,3,3,3,3,3,3,3,3,3,3,3,3,3,3,3,3,3,3,3,3,3,3,3,3,3,3,3,3,
3,3,3,3,3,3,3,3,3,3,3,3,3,3,3,3,3,3,3,3,3,3,3,3,3,3,3,3,3,4),(-0.260091128124654,
-0.254547647603504,-0.220664603925494,-0.185649497799847,-0.149558866005138,
-0.112169149503854,-0.0746614222971906,-0.0373307111485953,0.,0.00185319763245351,
0.0406898379014333,0.0798970643245496,0.118739218772755,0.152858871154533,
0.184401272792573,0.216084352632543,0.247657610556461,0.263127877303161,
0.294692869359089,0.300519913820942,0.336172810284665,0.372995701737729,
0.411250838412935,0.449833678344842,0.48799684944434,0.525254630623532,
0.556573313270943,0.614174739566513,0.666283375057012,0.717118849185166,
0.766299108796967,0.786979018453223,0.819479864432345,0.854742571438805,
0.891154963723631,0.928583324404928,0.966855250704498,1.00509704585121,
1.04265569884572,1.04922604198509,1.07571942871177,1.13080606007321,1.182579076385,
1.23276269786749,1.28084888184211,1.31096774827786,1.34169138851748,1.37698739065869,
1.41345394757456,1.45095733671583,1.48931654587246,1.52763045977299,1.56521592304558,
1.57320567306876,1.59744374251741,1.64959821515465,1.6987847038239,1.74625546356981,
1.79119535539496,1.83502071941884,1.86134617325848,1.89629013596612,1.93238211018972,
1.96950868365615,2.00756768855719,2.04565079864031,2.08307136696622,2.09719246769331,
2.11721702868871,2.16680643117422,2.21486318048299,2.26078074935319,2.30514705701722,
2.34750072151357,2.35903342840932,2.3816806949081,2.41655520422666,2.45259723558128,
2.48970048407121,2.52778077521283,2.56589001358296,2.60329940393425,2.62116252488168,
2.63706606453979,2.68154809958169,2.72591582233579,2.76869633330879,2.81022303542888,
2.84969869710773,2.88308167035452,2.89960101118423,2.93404516176098,2.96963163955179,
3.00627551062698,3.04398682399542,3.08180483101579,3.11900114570304,3.14513297983892,
3.15485281845735,3.19693242822885,3.23929016660735,3.28124051969873,3.32143434590823,
3.36042904954353,3.39774712900852,3.40709157897285,3.41921906521869,3.453551848834,
3.4890445361829,3.52562216221936,3.56332942431421,3.60116010542717,3.63834200248351,
3.66910025958595,3.67411410968287,3.71090043485385,3.74821665332186,3.78556990734153,
3.82195856837983,3.85746391062742,3.89199792142693,3.92515933096111,3.93112455149472),
 .UNSPECIFIED.);
#89=CYLINDRICAL_SURFACE('',#665,47.6416505871451);
#90=CYLINDRICAL_SURFACE('',#693,3.5);
#91=CYLINDRICAL_SURFACE('',#694,3.5);
#92=CYLINDRICAL_SURFACE('',#695,3.5);
#93=CYLINDRICAL_SURFACE('',#696,3.5);
#94=CYLINDRICAL_SURFACE('',#697,3.5);
#95=CYLINDRICAL_SURFACE('',#698,1.75);
#96=CYLINDRICAL_SURFACE('',#699,1.75);
#97=CYLINDRICAL_SURFACE('',#700,1.75);
#98=CYLINDRICAL_SURFACE('',#701,1.75);
#99=CYLINDRICAL_SURFACE('',#702,1.75);
#100=CYLINDRICAL_SURFACE('',#703,5.5);
#101=CYLINDRICAL_SURFACE('',#704,5.5);
#102=CYLINDRICAL_SURFACE('',#705,5.5);
#103=CYLINDRICAL_SURFACE('',#706,5.5);
#104=CYLINDRICAL_SURFACE('',#707,55.8416505871451);
#105=FACE_OUTER_BOUND('',#140,.T.);
#106=FACE_OUTER_BOUND('',#141,.T.);
#107=FACE_OUTER_BOUND('',#151,.T.);
#108=FACE_OUTER_BOUND('',#152,.T.);
#109=FACE_OUTER_BOUND('',#153,.T.);
#110=FACE_OUTER_BOUND('',#154,.T.);
#111=FACE_OUTER_BOUND('',#155,.T.);
#112=FACE_OUTER_BOUND('',#157,.T.);
#113=FACE_OUTER_BOUND('',#159,.T.);
#114=FACE_OUTER_BOUND('',#161,.T.);
#115=FACE_OUTER_BOUND('',#163,.T.);
#116=FACE_OUTER_BOUND('',#165,.T.);
#117=FACE_OUTER_BOUND('',#167,.T.);
#118=FACE_OUTER_BOUND('',#169,.T.);
#119=FACE_OUTER_BOUND('',#171,.T.);
#120=FACE_OUTER_BOUND('',#173,.T.);
#121=FACE_OUTER_BOUND('',#174,.T.);
#122=FACE_OUTER_BOUND('',#175,.T.);
#123=FACE_OUTER_BOUND('',#176,.T.);
#124=FACE_OUTER_BOUND('',#177,.T.);
#125=FACE_OUTER_BOUND('',#178,.T.);
#126=FACE_OUTER_BOUND('',#179,.T.);
#127=FACE_OUTER_BOUND('',#180,.T.);
#128=FACE_OUTER_BOUND('',#181,.T.);
#129=FACE_OUTER_BOUND('',#182,.T.);
#130=FACE_OUTER_BOUND('',#183,.T.);
#131=FACE_OUTER_BOUND('',#184,.T.);
#132=FACE_OUTER_BOUND('',#185,.T.);
#133=FACE_OUTER_BOUND('',#186,.T.);
#134=FACE_OUTER_BOUND('',#187,.T.);
#135=FACE_OUTER_BOUND('',#188,.T.);
#136=FACE_OUTER_BOUND('',#189,.T.);
#137=FACE_OUTER_BOUND('',#190,.T.);
#138=FACE_OUTER_BOUND('',#191,.T.);
#139=FACE_OUTER_BOUND('',#201,.T.);
#140=EDGE_LOOP('',(#426,#427,#428,#429));
#141=EDGE_LOOP('',(#430,#431,#432,#433));
#142=EDGE_LOOP('',(#434,#435));
#143=EDGE_LOOP('',(#436,#437));
#144=EDGE_LOOP('',(#438,#439));
#145=EDGE_LOOP('',(#440,#441));
#146=EDGE_LOOP('',(#442,#443));
#147=EDGE_LOOP('',(#444,#445));
#148=EDGE_LOOP('',(#446,#447));
#149=EDGE_LOOP('',(#448,#449));
#150=EDGE_LOOP('',(#450,#451));
#151=EDGE_LOOP('',(#452,#453,#454,#455));
#152=EDGE_LOOP('',(#456,#457,#458,#459));
#153=EDGE_LOOP('',(#460,#461,#462,#463));
#154=EDGE_LOOP('',(#464,#465,#466,#467));
#155=EDGE_LOOP('',(#468,#469));
#156=EDGE_LOOP('',(#470));
#157=EDGE_LOOP('',(#471));
#158=EDGE_LOOP('',(#472));
#159=EDGE_LOOP('',(#473,#474,#475,#476,#477,#478));
#160=EDGE_LOOP('',(#479));
#161=EDGE_LOOP('',(#480,#481));
#162=EDGE_LOOP('',(#482));
#163=EDGE_LOOP('',(#483));
#164=EDGE_LOOP('',(#484));
#165=EDGE_LOOP('',(#485));
#166=EDGE_LOOP('',(#486));
#167=EDGE_LOOP('',(#487));
#168=EDGE_LOOP('',(#488));
#169=EDGE_LOOP('',(#489));
#170=EDGE_LOOP('',(#490));
#171=EDGE_LOOP('',(#491));
#172=EDGE_LOOP('',(#492));
#173=EDGE_LOOP('',(#493,#494,#495,#496));
#174=EDGE_LOOP('',(#497,#498,#499,#500,#501));
#175=EDGE_LOOP('',(#502,#503,#504,#505));
#176=EDGE_LOOP('',(#506,#507,#508,#509));
#177=EDGE_LOOP('',(#510,#511,#512,#513));
#178=EDGE_LOOP('',(#514,#515,#516,#517,#518));
#179=EDGE_LOOP('',(#519,#520,#521,#522,#523));
#180=EDGE_LOOP('',(#524,#525,#526,#527,#528));
#181=EDGE_LOOP('',(#529,#530,#531,#532,#533));
#182=EDGE_LOOP('',(#534,#535,#536,#537,#538));
#183=EDGE_LOOP('',(#539,#540,#541,#542,#543));
#184=EDGE_LOOP('',(#544,#545,#546,#547,#548));
#185=EDGE_LOOP('',(#549,#550,#551,#552,#553));
#186=EDGE_LOOP('',(#554,#555,#556,#557,#558));
#187=EDGE_LOOP('',(#559,#560,#561,#562,#563));
#188=EDGE_LOOP('',(#564,#565,#566,#567,#568));
#189=EDGE_LOOP('',(#569,#570,#571,#572,#573,#574,#575,#576,#577));
#190=EDGE_LOOP('',(#578,#579,#580,#581));
#191=EDGE_LOOP('',(#582,#583,#584,#585));
#192=EDGE_LOOP('',(#586));
#193=EDGE_LOOP('',(#587,#588));
#194=EDGE_LOOP('',(#589));
#195=EDGE_LOOP('',(#590));
#196=EDGE_LOOP('',(#591));
#197=EDGE_LOOP('',(#592));
#198=EDGE_LOOP('',(#593));
#199=EDGE_LOOP('',(#594));
#200=EDGE_LOOP('',(#595));
#201=EDGE_LOOP('',(#596,#597,#598,#599));
#202=CIRCLE('',#663,55.8416505871451);
#203=CIRCLE('',#664,47.6416505871451);
#204=CIRCLE('',#666,47.6416505871451);
#205=CIRCLE('',#669,55.8416505871451);
#206=CIRCLE('',#671,5.5);
#207=CIRCLE('',#673,5.5);
#208=CIRCLE('',#675,5.5);
#209=CIRCLE('',#677,5.5);
#210=CIRCLE('',#679,3.5);
#211=CIRCLE('',#680,1.75);
#212=CIRCLE('',#682,3.5);
#213=CIRCLE('',#683,1.75);
#214=CIRCLE('',#685,3.5);
#215=CIRCLE('',#686,1.75);
#216=CIRCLE('',#688,3.5);
#217=CIRCLE('',#689,1.75);
#218=CIRCLE('',#691,3.5);
#219=CIRCLE('',#692,1.75);
#220=LINE('',#837,#248);
#221=LINE('',#841,#249);
#222=LINE('',#845,#250);
#223=LINE('',#848,#251);
#224=LINE('',#1196,#252);
#225=LINE('',#1197,#253);
#226=LINE('',#1200,#254);
#227=LINE('',#1265,#255);
#228=LINE('',#1287,#256);
#229=LINE('',#1603,#257);
#230=LINE('',#1643,#258);
#231=LINE('',#1680,#259);
#232=LINE('',#1717,#260);
#233=LINE('',#1754,#261);
#234=LINE('',#1756,#262);
#235=LINE('',#1758,#263);
#236=LINE('',#1760,#264);
#237=LINE('',#1762,#265);
#238=LINE('',#1764,#266);
#239=LINE('',#1766,#267);
#240=LINE('',#1768,#268);
#241=LINE('',#1770,#269);
#242=LINE('',#1772,#270);
#243=LINE('',#1842,#271);
#244=LINE('',#2288,#272);
#245=LINE('',#2734,#273);
#246=LINE('',#3180,#274);
#247=LINE('',#3549,#275);
#248=VECTOR('',#713,10.);
#249=VECTOR('',#716,10.);
#250=VECTOR('',#721,10.);
#251=VECTOR('',#724,10.);
#252=VECTOR('',#727,10.);
#253=VECTOR('',#728,10.);
#254=VECTOR('',#731,10.);
#255=VECTOR('',#734,10.);
#256=VECTOR('',#735,10.);
#257=VECTOR('',#784,3.5);
#258=VECTOR('',#787,3.5);
#259=VECTOR('',#790,3.5);
#260=VECTOR('',#793,3.5);
#261=VECTOR('',#796,3.5);
#262=VECTOR('',#799,1.25);
#263=VECTOR('',#802,1.25);
#264=VECTOR('',#805,1.25);
#265=VECTOR('',#808,1.25);
#266=VECTOR('',#811,1.25);
#267=VECTOR('',#814,5.5);
#268=VECTOR('',#817,5.5);
#269=VECTOR('',#820,5.5);
#270=VECTOR('',#823,5.5);
#271=VECTOR('',#824,10.);
#272=VECTOR('',#825,10.);
#273=VECTOR('',#826,10.);
#274=VECTOR('',#827,10.);
#275=VECTOR('',#830,10.);
#276=VERTEX_POINT('',#835);
#277=VERTEX_POINT('',#836);
#278=VERTEX_POINT('',#838);
#279=VERTEX_POINT('',#840);
#280=VERTEX_POINT('',#844);
#281=VERTEX_POINT('',#846);
#282=VERTEX_POINT('',#849);
#283=VERTEX_POINT('',#850);
#284=VERTEX_POINT('',#890);
#285=VERTEX_POINT('',#891);
#286=VERTEX_POINT('',#928);
#287=VERTEX_POINT('',#929);
#288=VERTEX_POINT('',#966);
#289=VERTEX_POINT('',#967);
#290=VERTEX_POINT('',#1004);
#291=VERTEX_POINT('',#1005);
#292=VERTEX_POINT('',#1042);
#293=VERTEX_POINT('',#1043);
#294=VERTEX_POINT('',#1080);
#295=VERTEX_POINT('',#1081);
#296=VERTEX_POINT('',#1118);
#297=VERTEX_POINT('',#1119);
#298=VERTEX_POINT('',#1156);
#299=VERTEX_POINT('',#1157);
#300=VERTEX_POINT('',#1195);
#301=VERTEX_POINT('',#1199);
#302=VERTEX_POINT('',#1242);
#303=VERTEX_POINT('',#1243);
#304=VERTEX_POINT('',#1264);
#305=VERTEX_POINT('',#1266);
#306=VERTEX_POINT('',#1381);
#307=VERTEX_POINT('',#1384);
#308=VERTEX_POINT('',#1424);
#309=VERTEX_POINT('',#1427);
#310=VERTEX_POINT('',#1428);
#311=VERTEX_POINT('',#1439);
#312=VERTEX_POINT('',#1448);
#313=VERTEX_POINT('',#1459);
#314=VERTEX_POINT('',#1473);
#315=VERTEX_POINT('',#1492);
#316=VERTEX_POINT('',#1495);
#317=VERTEX_POINT('',#1496);
#318=VERTEX_POINT('',#1540);
#319=VERTEX_POINT('',#1543);
#320=VERTEX_POINT('',#1545);
#321=VERTEX_POINT('',#1548);
#322=VERTEX_POINT('',#1550);
#323=VERTEX_POINT('',#1553);
#324=VERTEX_POINT('',#1555);
#325=VERTEX_POINT('',#1558);
#326=VERTEX_POINT('',#1560);
#327=VERTEX_POINT('',#1563);
#328=VERTEX_POINT('',#1565);
#329=VERTEX_POINT('',#1568);
#330=VERTEX_POINT('',#1605);
#331=VERTEX_POINT('',#1606);
#332=VERTEX_POINT('',#1645);
#333=VERTEX_POINT('',#1682);
#334=VERTEX_POINT('',#1719);
#335=VERTEX_POINT('',#1841);
#336=VERTEX_POINT('',#2287);
#337=VERTEX_POINT('',#2733);
#338=VERTEX_POINT('',#3179);
#339=EDGE_CURVE('',#276,#277,#220,.T.);
#340=EDGE_CURVE('',#277,#278,#202,.F.);
#341=EDGE_CURVE('',#278,#279,#221,.T.);
#342=EDGE_CURVE('',#279,#276,#203,.T.);
#343=EDGE_CURVE('',#279,#280,#222,.T.);
#344=EDGE_CURVE('',#281,#280,#204,.T.);
#345=EDGE_CURVE('',#276,#281,#223,.F.);
#346=EDGE_CURVE('',#282,#283,#48,.F.);
#347=EDGE_CURVE('',#283,#282,#49,.F.);
#348=EDGE_CURVE('',#284,#285,#50,.F.);
#349=EDGE_CURVE('',#285,#284,#51,.F.);
#350=EDGE_CURVE('',#286,#287,#52,.F.);
#351=EDGE_CURVE('',#287,#286,#53,.F.);
#352=EDGE_CURVE('',#288,#289,#54,.F.);
#353=EDGE_CURVE('',#289,#288,#55,.F.);
#354=EDGE_CURVE('',#290,#291,#56,.T.);
#355=EDGE_CURVE('',#291,#290,#57,.T.);
#356=EDGE_CURVE('',#292,#293,#58,.T.);
#357=EDGE_CURVE('',#293,#292,#59,.T.);
#358=EDGE_CURVE('',#294,#295,#60,.T.);
#359=EDGE_CURVE('',#295,#294,#61,.T.);
#360=EDGE_CURVE('',#296,#297,#62,.T.);
#361=EDGE_CURVE('',#297,#296,#63,.T.);
#362=EDGE_CURVE('',#298,#299,#64,.T.);
#363=EDGE_CURVE('',#299,#298,#65,.T.);
#364=EDGE_CURVE('',#278,#300,#224,.F.);
#365=EDGE_CURVE('',#280,#300,#225,.T.);
#366=EDGE_CURVE('',#301,#281,#226,.T.);
#367=EDGE_CURVE('',#300,#301,#205,.T.);
#368=EDGE_CURVE('',#302,#303,#66,.T.);
#369=EDGE_CURVE('',#302,#304,#227,.T.);
#370=EDGE_CURVE('',#304,#305,#67,.T.);
#371=EDGE_CURVE('',#303,#305,#228,.T.);
#372=EDGE_CURVE('',#303,#302,#68,.T.);
#373=EDGE_CURVE('',#305,#304,#69,.T.);
#374=EDGE_CURVE('',#306,#306,#206,.T.);
#375=EDGE_CURVE('',#307,#307,#70,.T.);
#376=EDGE_CURVE('',#308,#308,#207,.T.);
#377=EDGE_CURVE('',#309,#310,#71,.T.);
#378=EDGE_CURVE('',#311,#309,#72,.T.);
#379=EDGE_CURVE('',#312,#311,#73,.T.);
#380=EDGE_CURVE('',#313,#312,#74,.T.);
#381=EDGE_CURVE('',#314,#313,#75,.T.);
#382=EDGE_CURVE('',#310,#314,#76,.T.);
#383=EDGE_CURVE('',#315,#315,#208,.T.);
#384=EDGE_CURVE('',#316,#317,#77,.T.);
#385=EDGE_CURVE('',#317,#316,#78,.T.);
#386=EDGE_CURVE('',#318,#318,#209,.T.);
#387=EDGE_CURVE('',#319,#319,#210,.T.);
#388=EDGE_CURVE('',#320,#320,#211,.T.);
#389=EDGE_CURVE('',#321,#321,#212,.T.);
#390=EDGE_CURVE('',#322,#322,#213,.T.);
#391=EDGE_CURVE('',#323,#323,#214,.T.);
#392=EDGE_CURVE('',#324,#324,#215,.T.);
#393=EDGE_CURVE('',#325,#325,#216,.T.);
#394=EDGE_CURVE('',#326,#326,#217,.T.);
#395=EDGE_CURVE('',#327,#327,#218,.T.);
#396=EDGE_CURVE('',#328,#328,#219,.T.);
#397=EDGE_CURVE('',#329,#329,#79,.F.);
#398=EDGE_CURVE('',#329,#327,#229,.T.);
#399=EDGE_CURVE('',#330,#331,#80,.F.);
#400=EDGE_CURVE('',#331,#330,#81,.F.);
#401=EDGE_CURVE('',#331,#325,#230,.T.);
#402=EDGE_CURVE('',#332,#332,#82,.F.);
#403=EDGE_CURVE('',#332,#323,#231,.T.);
#404=EDGE_CURVE('',#333,#333,#83,.F.);
#405=EDGE_CURVE('',#333,#321,#232,.T.);
#406=EDGE_CURVE('',#334,#334,#84,.F.);
#407=EDGE_CURVE('',#334,#319,#233,.T.);
#408=EDGE_CURVE('',#299,#328,#234,.T.);
#409=EDGE_CURVE('',#297,#326,#235,.T.);
#410=EDGE_CURVE('',#324,#295,#236,.T.);
#411=EDGE_CURVE('',#293,#322,#237,.T.);
#412=EDGE_CURVE('',#320,#291,#238,.T.);
#413=EDGE_CURVE('',#283,#308,#239,.T.);
#414=EDGE_CURVE('',#285,#315,#240,.T.);
#415=EDGE_CURVE('',#306,#287,#241,.T.);
#416=EDGE_CURVE('',#318,#289,#242,.T.);
#417=EDGE_CURVE('',#335,#316,#243,.T.);
#418=EDGE_CURVE('',#335,#335,#85,.F.);
#419=EDGE_CURVE('',#336,#302,#244,.T.);
#420=EDGE_CURVE('',#336,#336,#86,.F.);
#421=EDGE_CURVE('',#337,#312,#245,.T.);
#422=EDGE_CURVE('',#337,#337,#87,.F.);
#423=EDGE_CURVE('',#338,#307,#246,.T.);
#424=EDGE_CURVE('',#338,#338,#88,.F.);
#425=EDGE_CURVE('',#301,#277,#247,.F.);
#426=ORIENTED_EDGE('',*,*,#339,.T.);
#427=ORIENTED_EDGE('',*,*,#340,.T.);
#428=ORIENTED_EDGE('',*,*,#341,.T.);
#429=ORIENTED_EDGE('',*,*,#342,.T.);
#430=ORIENTED_EDGE('',*,*,#343,.T.);
#431=ORIENTED_EDGE('',*,*,#344,.F.);
#432=ORIENTED_EDGE('',*,*,#345,.F.);
#433=ORIENTED_EDGE('',*,*,#342,.F.);
#434=ORIENTED_EDGE('',*,*,#346,.T.);
#435=ORIENTED_EDGE('',*,*,#347,.T.);
#436=ORIENTED_EDGE('',*,*,#348,.T.);
#437=ORIENTED_EDGE('',*,*,#349,.T.);
#438=ORIENTED_EDGE('',*,*,#350,.T.);
#439=ORIENTED_EDGE('',*,*,#351,.T.);
#440=ORIENTED_EDGE('',*,*,#352,.T.);
#441=ORIENTED_EDGE('',*,*,#353,.T.);
#442=ORIENTED_EDGE('',*,*,#354,.T.);
#443=ORIENTED_EDGE('',*,*,#355,.T.);
#444=ORIENTED_EDGE('',*,*,#356,.T.);
#445=ORIENTED_EDGE('',*,*,#357,.T.);
#446=ORIENTED_EDGE('',*,*,#358,.T.);
#447=ORIENTED_EDGE('',*,*,#359,.T.);
#448=ORIENTED_EDGE('',*,*,#360,.T.);
#449=ORIENTED_EDGE('',*,*,#361,.T.);
#450=ORIENTED_EDGE('',*,*,#362,.T.);
#451=ORIENTED_EDGE('',*,*,#363,.T.);
#452=ORIENTED_EDGE('',*,*,#364,.T.);
#453=ORIENTED_EDGE('',*,*,#365,.F.);
#454=ORIENTED_EDGE('',*,*,#343,.F.);
#455=ORIENTED_EDGE('',*,*,#341,.F.);
#456=ORIENTED_EDGE('',*,*,#366,.T.);
#457=ORIENTED_EDGE('',*,*,#344,.T.);
#458=ORIENTED_EDGE('',*,*,#365,.T.);
#459=ORIENTED_EDGE('',*,*,#367,.T.);
#460=ORIENTED_EDGE('',*,*,#368,.F.);
#461=ORIENTED_EDGE('',*,*,#369,.T.);
#462=ORIENTED_EDGE('',*,*,#370,.T.);
#463=ORIENTED_EDGE('',*,*,#371,.F.);
#464=ORIENTED_EDGE('',*,*,#372,.F.);
#465=ORIENTED_EDGE('',*,*,#371,.T.);
#466=ORIENTED_EDGE('',*,*,#373,.T.);
#467=ORIENTED_EDGE('',*,*,#369,.F.);
#468=ORIENTED_EDGE('',*,*,#373,.F.);
#469=ORIENTED_EDGE('',*,*,#370,.F.);
#470=ORIENTED_EDGE('',*,*,#374,.F.);
#471=ORIENTED_EDGE('',*,*,#375,.F.);
#472=ORIENTED_EDGE('',*,*,#376,.T.);
#473=ORIENTED_EDGE('',*,*,#377,.F.);
#474=ORIENTED_EDGE('',*,*,#378,.F.);
#475=ORIENTED_EDGE('',*,*,#379,.F.);
#476=ORIENTED_EDGE('',*,*,#380,.F.);
#477=ORIENTED_EDGE('',*,*,#381,.F.);
#478=ORIENTED_EDGE('',*,*,#382,.F.);
#479=ORIENTED_EDGE('',*,*,#383,.T.);
#480=ORIENTED_EDGE('',*,*,#384,.F.);
#481=ORIENTED_EDGE('',*,*,#385,.F.);
#482=ORIENTED_EDGE('',*,*,#386,.T.);
#483=ORIENTED_EDGE('',*,*,#387,.F.);
#484=ORIENTED_EDGE('',*,*,#388,.T.);
#485=ORIENTED_EDGE('',*,*,#389,.F.);
#486=ORIENTED_EDGE('',*,*,#390,.T.);
#487=ORIENTED_EDGE('',*,*,#391,.F.);
#488=ORIENTED_EDGE('',*,*,#392,.T.);
#489=ORIENTED_EDGE('',*,*,#393,.F.);
#490=ORIENTED_EDGE('',*,*,#394,.T.);
#491=ORIENTED_EDGE('',*,*,#395,.F.);
#492=ORIENTED_EDGE('',*,*,#396,.F.);
#493=ORIENTED_EDGE('',*,*,#397,.F.);
#494=ORIENTED_EDGE('',*,*,#398,.T.);
#495=ORIENTED_EDGE('',*,*,#395,.T.);
#496=ORIENTED_EDGE('',*,*,#398,.F.);
#497=ORIENTED_EDGE('',*,*,#399,.F.);
#498=ORIENTED_EDGE('',*,*,#400,.F.);
#499=ORIENTED_EDGE('',*,*,#401,.T.);
#500=ORIENTED_EDGE('',*,*,#393,.T.);
#501=ORIENTED_EDGE('',*,*,#401,.F.);
#502=ORIENTED_EDGE('',*,*,#402,.F.);
#503=ORIENTED_EDGE('',*,*,#403,.T.);
#504=ORIENTED_EDGE('',*,*,#391,.T.);
#505=ORIENTED_EDGE('',*,*,#403,.F.);
#506=ORIENTED_EDGE('',*,*,#404,.F.);
#507=ORIENTED_EDGE('',*,*,#405,.T.);
#508=ORIENTED_EDGE('',*,*,#389,.T.);
#509=ORIENTED_EDGE('',*,*,#405,.F.);
#510=ORIENTED_EDGE('',*,*,#406,.F.);
#511=ORIENTED_EDGE('',*,*,#407,.T.);
#512=ORIENTED_EDGE('',*,*,#387,.T.);
#513=ORIENTED_EDGE('',*,*,#407,.F.);
#514=ORIENTED_EDGE('',*,*,#362,.F.);
#515=ORIENTED_EDGE('',*,*,#363,.F.);
#516=ORIENTED_EDGE('',*,*,#408,.T.);
#517=ORIENTED_EDGE('',*,*,#396,.T.);
#518=ORIENTED_EDGE('',*,*,#408,.F.);
#519=ORIENTED_EDGE('',*,*,#360,.F.);
#520=ORIENTED_EDGE('',*,*,#361,.F.);
#521=ORIENTED_EDGE('',*,*,#409,.T.);
#522=ORIENTED_EDGE('',*,*,#394,.F.);
#523=ORIENTED_EDGE('',*,*,#409,.F.);
#524=ORIENTED_EDGE('',*,*,#392,.F.);
#525=ORIENTED_EDGE('',*,*,#410,.T.);
#526=ORIENTED_EDGE('',*,*,#358,.F.);
#527=ORIENTED_EDGE('',*,*,#359,.F.);
#528=ORIENTED_EDGE('',*,*,#410,.F.);
#529=ORIENTED_EDGE('',*,*,#356,.F.);
#530=ORIENTED_EDGE('',*,*,#357,.F.);
#531=ORIENTED_EDGE('',*,*,#411,.T.);
#532=ORIENTED_EDGE('',*,*,#390,.F.);
#533=ORIENTED_EDGE('',*,*,#411,.F.);
#534=ORIENTED_EDGE('',*,*,#388,.F.);
#535=ORIENTED_EDGE('',*,*,#412,.T.);
#536=ORIENTED_EDGE('',*,*,#354,.F.);
#537=ORIENTED_EDGE('',*,*,#355,.F.);
#538=ORIENTED_EDGE('',*,*,#412,.F.);
#539=ORIENTED_EDGE('',*,*,#346,.F.);
#540=ORIENTED_EDGE('',*,*,#347,.F.);
#541=ORIENTED_EDGE('',*,*,#413,.T.);
#542=ORIENTED_EDGE('',*,*,#376,.F.);
#543=ORIENTED_EDGE('',*,*,#413,.F.);
#544=ORIENTED_EDGE('',*,*,#348,.F.);
#545=ORIENTED_EDGE('',*,*,#349,.F.);
#546=ORIENTED_EDGE('',*,*,#414,.T.);
#547=ORIENTED_EDGE('',*,*,#383,.F.);
#548=ORIENTED_EDGE('',*,*,#414,.F.);
#549=ORIENTED_EDGE('',*,*,#374,.T.);
#550=ORIENTED_EDGE('',*,*,#415,.T.);
#551=ORIENTED_EDGE('',*,*,#350,.F.);
#552=ORIENTED_EDGE('',*,*,#351,.F.);
#553=ORIENTED_EDGE('',*,*,#415,.F.);
#554=ORIENTED_EDGE('',*,*,#386,.F.);
#555=ORIENTED_EDGE('',*,*,#416,.T.);
#556=ORIENTED_EDGE('',*,*,#352,.F.);
#557=ORIENTED_EDGE('',*,*,#353,.F.);
#558=ORIENTED_EDGE('',*,*,#416,.F.);
#559=ORIENTED_EDGE('',*,*,#385,.T.);
#560=ORIENTED_EDGE('',*,*,#417,.F.);
#561=ORIENTED_EDGE('',*,*,#418,.F.);
#562=ORIENTED_EDGE('',*,*,#417,.T.);
#563=ORIENTED_EDGE('',*,*,#384,.T.);
#564=ORIENTED_EDGE('',*,*,#372,.T.);
#565=ORIENTED_EDGE('',*,*,#419,.F.);
#566=ORIENTED_EDGE('',*,*,#420,.F.);
#567=ORIENTED_EDGE('',*,*,#419,.T.);
#568=ORIENTED_EDGE('',*,*,#368,.T.);
#569=ORIENTED_EDGE('',*,*,#380,.T.);
#570=ORIENTED_EDGE('',*,*,#421,.F.);
#571=ORIENTED_EDGE('',*,*,#422,.F.);
#572=ORIENTED_EDGE('',*,*,#421,.T.);
#573=ORIENTED_EDGE('',*,*,#379,.T.);
#574=ORIENTED_EDGE('',*,*,#378,.T.);
#575=ORIENTED_EDGE('',*,*,#377,.T.);
#576=ORIENTED_EDGE('',*,*,#382,.T.);
#577=ORIENTED_EDGE('',*,*,#381,.T.);
#578=ORIENTED_EDGE('',*,*,#375,.T.);
#579=ORIENTED_EDGE('',*,*,#423,.F.);
#580=ORIENTED_EDGE('',*,*,#424,.F.);
#581=ORIENTED_EDGE('',*,*,#423,.T.);
#582=ORIENTED_EDGE('',*,*,#425,.F.);
#583=ORIENTED_EDGE('',*,*,#367,.F.);
#584=ORIENTED_EDGE('',*,*,#364,.F.);
#585=ORIENTED_EDGE('',*,*,#340,.F.);
#586=ORIENTED_EDGE('',*,*,#397,.T.);
#587=ORIENTED_EDGE('',*,*,#399,.T.);
#588=ORIENTED_EDGE('',*,*,#400,.T.);
#589=ORIENTED_EDGE('',*,*,#402,.T.);
#590=ORIENTED_EDGE('',*,*,#404,.T.);
#591=ORIENTED_EDGE('',*,*,#406,.T.);
#592=ORIENTED_EDGE('',*,*,#424,.T.);
#593=ORIENTED_EDGE('',*,*,#420,.T.);
#594=ORIENTED_EDGE('',*,*,#422,.T.);
#595=ORIENTED_EDGE('',*,*,#418,.T.);
#596=ORIENTED_EDGE('',*,*,#345,.T.);
#597=ORIENTED_EDGE('',*,*,#366,.F.);
#598=ORIENTED_EDGE('',*,*,#425,.T.);
#599=ORIENTED_EDGE('',*,*,#339,.F.);
#600=PLANE('',#662);
#601=PLANE('',#667);
#602=PLANE('',#668);
#603=PLANE('',#670);
#604=PLANE('',#672);
#605=PLANE('',#674);
#606=PLANE('',#676);
#607=PLANE('',#678);
#608=PLANE('',#681);
#609=PLANE('',#684);
#610=PLANE('',#687);
#611=PLANE('',#690);
#612=PLANE('',#708);
#613=ADVANCED_FACE('',(#105),#600,.T.);
#614=ADVANCED_FACE('',(#106,#21,#22,#23,#24,#25,#26,#27,#28,#29),#89,.F.);
#615=ADVANCED_FACE('',(#107),#601,.T.);
#616=ADVANCED_FACE('',(#108),#602,.F.);
#617=ADVANCED_FACE('',(#109),#15,.F.);
#618=ADVANCED_FACE('',(#110),#16,.F.);
#619=ADVANCED_FACE('',(#111,#30),#603,.F.);
#620=ADVANCED_FACE('',(#112,#31),#604,.F.);
#621=ADVANCED_FACE('',(#113,#32),#605,.F.);
#622=ADVANCED_FACE('',(#114,#33),#606,.F.);
#623=ADVANCED_FACE('',(#115,#34),#607,.T.);
#624=ADVANCED_FACE('',(#116,#35),#608,.T.);
#625=ADVANCED_FACE('',(#117,#36),#609,.T.);
#626=ADVANCED_FACE('',(#118,#37),#610,.F.);
#627=ADVANCED_FACE('',(#119,#38),#611,.T.);
#628=ADVANCED_FACE('',(#120),#90,.F.);
#629=ADVANCED_FACE('',(#121),#91,.F.);
#630=ADVANCED_FACE('',(#122),#92,.F.);
#631=ADVANCED_FACE('',(#123),#93,.F.);
#632=ADVANCED_FACE('',(#124),#94,.F.);
#633=ADVANCED_FACE('',(#125),#95,.F.);
#634=ADVANCED_FACE('',(#126),#96,.F.);
#635=ADVANCED_FACE('',(#127),#97,.F.);
#636=ADVANCED_FACE('',(#128),#98,.F.);
#637=ADVANCED_FACE('',(#129),#99,.F.);
#638=ADVANCED_FACE('',(#130),#100,.F.);
#639=ADVANCED_FACE('',(#131),#101,.F.);
#640=ADVANCED_FACE('',(#132),#102,.F.);
#641=ADVANCED_FACE('',(#133),#103,.F.);
#642=ADVANCED_FACE('',(#134),#17,.F.);
#643=ADVANCED_FACE('',(#135),#18,.F.);
#644=ADVANCED_FACE('',(#136),#19,.F.);
#645=ADVANCED_FACE('',(#137),#20,.F.);
#646=ADVANCED_FACE('',(#138,#39,#40,#41,#42,#43,#44,#45,#46,#47),#104,.T.);
#647=ADVANCED_FACE('',(#139),#612,.T.);
#648=CLOSED_SHELL('',(#613,#614,#615,#616,#617,#618,#619,#620,#621,#622,
#623,#624,#625,#626,#627,#628,#629,#630,#631,#632,#633,#634,#635,#636,#637,
#638,#639,#640,#641,#642,#643,#644,#645,#646,#647));
#649=DERIVED_UNIT_ELEMENT(#651,1.);
#650=DERIVED_UNIT_ELEMENT(#3556,-3.);
#651=(
MASS_UNIT()
NAMED_UNIT(*)
SI_UNIT(.KILO.,.GRAM.)
);
#652=DERIVED_UNIT((#649,#650));
#653=MEASURE_REPRESENTATION_ITEM('density measure',
POSITIVE_RATIO_MEASURE(1000.),#652);
#654=PROPERTY_DEFINITION_REPRESENTATION(#659,#656);
#655=PROPERTY_DEFINITION_REPRESENTATION(#660,#657);
#656=REPRESENTATION('material name',(#658),#3553);
#657=REPRESENTATION('density',(#653),#3553);
#658=DESCRIPTIVE_REPRESENTATION_ITEM('Generic','Generic');
#659=PROPERTY_DEFINITION('material property','material name',#3563);
#660=PROPERTY_DEFINITION('material property','density of part',#3563);
#661=AXIS2_PLACEMENT_3D('',#833,#709,#710);
#662=AXIS2_PLACEMENT_3D('',#834,#711,#712);
#663=AXIS2_PLACEMENT_3D('',#839,#714,#715);
#664=AXIS2_PLACEMENT_3D('',#842,#717,#718);
#665=AXIS2_PLACEMENT_3D('',#843,#719,#720);
#666=AXIS2_PLACEMENT_3D('',#847,#722,#723);
#667=AXIS2_PLACEMENT_3D('',#1194,#725,#726);
#668=AXIS2_PLACEMENT_3D('',#1198,#729,#730);
#669=AXIS2_PLACEMENT_3D('',#1201,#732,#733);
#670=AXIS2_PLACEMENT_3D('',#1380,#736,#737);
#671=AXIS2_PLACEMENT_3D('',#1382,#738,#739);
#672=AXIS2_PLACEMENT_3D('',#1383,#740,#741);
#673=AXIS2_PLACEMENT_3D('',#1425,#742,#743);
#674=AXIS2_PLACEMENT_3D('',#1426,#744,#745);
#675=AXIS2_PLACEMENT_3D('',#1493,#746,#747);
#676=AXIS2_PLACEMENT_3D('',#1494,#748,#749);
#677=AXIS2_PLACEMENT_3D('',#1541,#750,#751);
#678=AXIS2_PLACEMENT_3D('',#1542,#752,#753);
#679=AXIS2_PLACEMENT_3D('',#1544,#754,#755);
#680=AXIS2_PLACEMENT_3D('',#1546,#756,#757);
#681=AXIS2_PLACEMENT_3D('',#1547,#758,#759);
#682=AXIS2_PLACEMENT_3D('',#1549,#760,#761);
#683=AXIS2_PLACEMENT_3D('',#1551,#762,#763);
#684=AXIS2_PLACEMENT_3D('',#1552,#764,#765);
#685=AXIS2_PLACEMENT_3D('',#1554,#766,#767);
#686=AXIS2_PLACEMENT_3D('',#1556,#768,#769);
#687=AXIS2_PLACEMENT_3D('',#1557,#770,#771);
#688=AXIS2_PLACEMENT_3D('',#1559,#772,#773);
#689=AXIS2_PLACEMENT_3D('',#1561,#774,#775);
#690=AXIS2_PLACEMENT_3D('',#1562,#776,#777);
#691=AXIS2_PLACEMENT_3D('',#1564,#778,#779);
#692=AXIS2_PLACEMENT_3D('',#1566,#780,#781);
#693=AXIS2_PLACEMENT_3D('',#1567,#782,#783);
#694=AXIS2_PLACEMENT_3D('',#1604,#785,#786);
#695=AXIS2_PLACEMENT_3D('',#1644,#788,#789);
#696=AXIS2_PLACEMENT_3D('',#1681,#791,#792);
#697=AXIS2_PLACEMENT_3D('',#1718,#794,#795);
#698=AXIS2_PLACEMENT_3D('',#1755,#797,#798);
#699=AXIS2_PLACEMENT_3D('',#1757,#800,#801);
#700=AXIS2_PLACEMENT_3D('',#1759,#803,#804);
#701=AXIS2_PLACEMENT_3D('',#1761,#806,#807);
#702=AXIS2_PLACEMENT_3D('',#1763,#809,#810);
#703=AXIS2_PLACEMENT_3D('',#1765,#812,#813);
#704=AXIS2_PLACEMENT_3D('',#1767,#815,#816);
#705=AXIS2_PLACEMENT_3D('',#1769,#818,#819);
#706=AXIS2_PLACEMENT_3D('',#1771,#821,#822);
#707=AXIS2_PLACEMENT_3D('',#3548,#828,#829);
#708=AXIS2_PLACEMENT_3D('',#3550,#831,#832);
#709=DIRECTION('axis',(0.,0.,1.));
#710=DIRECTION('refdir',(1.,0.,0.));
#711=DIRECTION('center_axis',(0.,-1.,0.));
#712=DIRECTION('ref_axis',(1.,0.,-5.55111512312578E-17));
#713=DIRECTION('',(0.84799830400508,0.,0.529998940003193));
#714=DIRECTION('center_axis',(0.,1.,0.));
#715=DIRECTION('ref_axis',(0.84799830400508,0.,0.529998940003193));
#716=DIRECTION('',(0.88299169802412,0.,0.469388603632939));
#717=DIRECTION('center_axis',(0.,1.,0.));
#718=DIRECTION('ref_axis',(0.84799830400508,0.,0.529998940003193));
#719=DIRECTION('center_axis',(0.,1.,0.));
#720=DIRECTION('ref_axis',(0.84799830400508,0.,0.529998940003193));
#721=DIRECTION('',(0.,1.,0.));
#722=DIRECTION('center_axis',(0.,-1.,0.));
#723=DIRECTION('ref_axis',(0.84799830400508,0.,0.529998940003193));
#724=DIRECTION('',(0.,-1.,0.));
#725=DIRECTION('center_axis',(0.469388603632939,0.,-0.882991698024121));
#726=DIRECTION('ref_axis',(-0.88299169802412,0.,-0.469388603632939));
#727=DIRECTION('',(0.,-1.,0.));
#728=DIRECTION('',(-0.88299169802412,0.,-0.469388603632939));
#729=DIRECTION('center_axis',(0.,-1.,0.));
#730=DIRECTION('ref_axis',(1.,0.,-5.55111512312578E-17));
#731=DIRECTION('',(-0.84799830400508,0.,-0.529998940003193));
#732=DIRECTION('center_axis',(0.,1.,0.));
#733=DIRECTION('ref_axis',(0.84799830400508,0.,0.529998940003193));
#734=DIRECTION('',(-0.500001034927241,0.,-0.866024806268093));
#735=DIRECTION('',(-0.500001034927241,0.,-0.866024806268093));
#736=DIRECTION('center_axis',(-0.500001034926566,-2.74404882727665E-18,
-0.866024806268483));
#737=DIRECTION('ref_axis',(-0.866024806268483,0.,0.500001034926566));
#738=DIRECTION('center_axis',(0.500001034926566,2.74404882727665E-18,0.866024806268483));
#739=DIRECTION('ref_axis',(-0.866024806268483,0.,0.500001034926566));
#740=DIRECTION('center_axis',(0.17364817766693,2.31381596641685E-16,-0.984807753012208));
#741=DIRECTION('ref_axis',(-0.984807753012208,1.62083763732454E-31,-0.17364817766693));
#742=DIRECTION('center_axis',(0.17364817766693,2.31381596641685E-16,-0.984807753012208));
#743=DIRECTION('ref_axis',(0.984807753012208,0.,0.173648177666929));
#744=DIRECTION('center_axis',(0.766044443118978,-2.27049397832485E-17,-0.642787609686539));
#745=DIRECTION('ref_axis',(-0.642787609686539,0.,-0.766044443118978));
#746=DIRECTION('center_axis',(0.766044443118978,-2.27049397832485E-17,-0.642787609686539));
#747=DIRECTION('ref_axis',(0.642787609686539,0.,0.766044443118978));
#748=DIRECTION('center_axis',(1.,0.,-5.55111512312578E-17));
#749=DIRECTION('ref_axis',(-5.55111512312578E-17,0.,-1.));
#750=DIRECTION('center_axis',(1.,0.,-5.55111512312578E-17));
#751=DIRECTION('ref_axis',(-5.55111512312578E-17,0.,-1.));
#752=DIRECTION('center_axis',(0.766044443118978,6.12323399573677E-17,0.64278760968654));
#753=DIRECTION('ref_axis',(0.64278760968654,0.,-0.766044443118978));
#754=DIRECTION('center_axis',(-0.766044443118978,-6.12323399573677E-17,
-0.64278760968654));
#755=DIRECTION('ref_axis',(0.64278760968654,0.,-0.766044443118978));
#756=DIRECTION('center_axis',(-0.766044443118978,-6.12323399573677E-17,
-0.64278760968654));
#757=DIRECTION('ref_axis',(0.,-1.,0.));
#758=DIRECTION('center_axis',(0.173648177666931,6.12323399573677E-17,0.984807753012208));
#759=DIRECTION('ref_axis',(0.984807753012208,0.,-0.173648177666931));
#760=DIRECTION('center_axis',(-0.173648177666931,-6.12323399573677E-17,
-0.984807753012208));
#761=DIRECTION('ref_axis',(0.984807753012208,0.,-0.173648177666931));
#762=DIRECTION('center_axis',(-0.173648177666931,-6.12323399573677E-17,
-0.984807753012208));
#763=DIRECTION('ref_axis',(0.,-1.,0.));
#764=DIRECTION('center_axis',(-0.500000000000001,6.12323399573676E-17,0.866025403784438));
#765=DIRECTION('ref_axis',(0.866025403784438,0.,0.500000000000001));
#766=DIRECTION('center_axis',(0.500000000000001,-6.12323399573676E-17,-0.866025403784438));
#767=DIRECTION('ref_axis',(0.866025403784438,0.,0.500000000000001));
#768=DIRECTION('center_axis',(0.500000000000001,-6.12323399573676E-17,-0.866025403784438));
#769=DIRECTION('ref_axis',(0.,1.,0.));
#770=DIRECTION('center_axis',(0.939692620785908,6.12323399573677E-17,-0.342020143325669));
#771=DIRECTION('ref_axis',(-0.342020143325669,0.,-0.939692620785908));
#772=DIRECTION('center_axis',(0.939692620785908,6.12323399573677E-17,-0.342020143325669));
#773=DIRECTION('ref_axis',(-0.342020143325669,0.,-0.939692620785908));
#774=DIRECTION('center_axis',(0.939692620785908,6.12323399573677E-17,-0.342020143325669));
#775=DIRECTION('ref_axis',(0.,1.,0.));
#776=DIRECTION('center_axis',(-0.939692620785909,6.12323399573676E-17,-0.342020143325668));
#777=DIRECTION('ref_axis',(-0.342020143325668,0.,0.939692620785909));
#778=DIRECTION('center_axis',(0.939692620785909,-6.12323399573676E-17,0.342020143325668));
#779=DIRECTION('ref_axis',(-0.342020143325669,0.,0.939692620785909));
#780=DIRECTION('center_axis',(-0.939692620785909,6.12323399573676E-17,-0.342020143325668));
#781=DIRECTION('ref_axis',(0.,-1.,0.));
#782=DIRECTION('center_axis',(0.939692620785909,0.,0.342020143325669));
#783=DIRECTION('ref_axis',(-0.342020143325668,0.,0.939692620785909));
#784=DIRECTION('',(0.939692620785909,0.,0.342020143325669));
#785=DIRECTION('center_axis',(0.939692620785908,0.,-0.342020143325669));
#786=DIRECTION('ref_axis',(-0.342020143325669,0.,-0.939692620785908));
#787=DIRECTION('',(0.939692620785908,0.,-0.342020143325669));
#788=DIRECTION('center_axis',(0.500000000000001,0.,-0.866025403784438));
#789=DIRECTION('ref_axis',(0.866025403784438,0.,0.500000000000001));
#790=DIRECTION('',(0.500000000000001,0.,-0.866025403784438));
#791=DIRECTION('center_axis',(-0.173648177666931,0.,-0.984807753012208));
#792=DIRECTION('ref_axis',(0.984807753012208,0.,-0.173648177666931));
#793=DIRECTION('',(-0.173648177666931,0.,-0.984807753012208));
#794=DIRECTION('center_axis',(-0.766044443118977,0.,-0.64278760968654));
#795=DIRECTION('ref_axis',(0.64278760968654,0.,-0.766044443118978));
#796=DIRECTION('',(-0.766044443118977,0.,-0.64278760968654));
#797=DIRECTION('center_axis',(-0.939692620785909,0.,-0.342020143325668));
#798=DIRECTION('ref_axis',(0.,-1.,0.));
#799=DIRECTION('',(-0.939692620785909,0.,-0.342020143325668));
#800=DIRECTION('center_axis',(-0.939692620785908,0.,0.342020143325669));
#801=DIRECTION('ref_axis',(0.,1.,0.));
#802=DIRECTION('',(-0.939692620785908,0.,0.342020143325669));
#803=DIRECTION('center_axis',(0.5,0.,-0.866025403784439));
#804=DIRECTION('ref_axis',(0.,1.,0.));
#805=DIRECTION('',(0.5,0.,-0.866025403784439));
#806=DIRECTION('center_axis',(0.173648177666931,0.,0.984807753012208));
#807=DIRECTION('ref_axis',(0.,-1.,0.));
#808=DIRECTION('',(0.173648177666931,0.,0.984807753012208));
#809=DIRECTION('center_axis',(-0.766044443118978,0.,-0.642787609686539));
#810=DIRECTION('ref_axis',(0.,-1.,0.));
#811=DIRECTION('',(-0.766044443118978,0.,-0.642787609686539));
#812=DIRECTION('center_axis',(-0.173648177666929,0.,0.984807753012208));
#813=DIRECTION('ref_axis',(0.984807753012208,0.,0.173648177666929));
#814=DIRECTION('',(-0.173648177666929,0.,0.984807753012208));
#815=DIRECTION('center_axis',(-0.766044443118978,0.,0.642787609686539));
#816=DIRECTION('ref_axis',(0.642787609686539,0.,0.766044443118978));
#817=DIRECTION('',(-0.766044443118978,0.,0.642787609686539));
#818=DIRECTION('center_axis',(-0.500001034926566,0.,-0.866024806268483));
#819=DIRECTION('ref_axis',(-0.866024806268483,0.,0.500001034926566));
#820=DIRECTION('',(-0.500001034926566,0.,-0.866024806268483));
#821=DIRECTION('center_axis',(1.,0.,-5.55111512312578E-17));
#822=DIRECTION('ref_axis',(-5.55111512312578E-17,0.,-1.));
#823=DIRECTION('',(1.,0.,-5.55111512312578E-17));
#824=DIRECTION('',(1.,0.,-5.55111512312578E-17));
#825=DIRECTION('',(-0.500001034926566,0.,-0.866024806268483));
#826=DIRECTION('',(0.766044443118978,0.,-0.642787609686539));
#827=DIRECTION('',(0.173648177666929,0.,-0.984807753012208));
#828=DIRECTION('center_axis',(0.,1.,0.));
#829=DIRECTION('ref_axis',(0.84799830400508,0.,0.529998940003193));
#830=DIRECTION('',(0.,1.,0.));
#831=DIRECTION('center_axis',(0.529998940003193,0.,-0.84799830400508));
#832=DIRECTION('ref_axis',(-0.84799830400508,0.,-0.529998940003193));
#833=CARTESIAN_POINT('',(0.,0.,0.));
#834=CARTESIAN_POINT('Origin',(34.6017874561983,0.0998408501764899,14.7355163872882));
#835=CARTESIAN_POINT('',(79.2230388979017,0.0998408501764899,25.2500243111894));
#836=CARTESIAN_POINT('',(86.1766249907433,0.09984085017649,29.5960156192156));
#837=CARTESIAN_POINT('',(64.1662254053228,0.09984085017649,15.8395158783273));
#838=CARTESIAN_POINT('',(-10.4847138724129,0.09984085017649,-26.2114343936585));
#839=CARTESIAN_POINT('Origin',(38.823,0.09984085017649,2.84089418656208E-15));
#840=CARTESIAN_POINT('',(-3.24418194861508,0.0998408501764899,-22.3624478438684));
#841=CARTESIAN_POINT('',(19.1533609282141,0.09984085017649,-10.456162202351));
#842=CARTESIAN_POINT('Origin',(38.823,0.09984085017649,2.84089418656208E-15));
#843=CARTESIAN_POINT('Origin',(38.823,-1.29315914982351,2.84089418656208E-15));
#844=CARTESIAN_POINT('',(-3.24418194861508,19.4998408501765,-22.3624478438684));
#845=CARTESIAN_POINT('',(-3.24418194861508,16.2068408501765,-22.3624478438684));
#846=CARTESIAN_POINT('',(79.2230388979017,19.4998408501765,25.2500243111894));
#847=CARTESIAN_POINT('Origin',(38.823,19.4998408501765,2.84089418656208E-15));
#848=CARTESIAN_POINT('',(79.2230388979017,-1.29315914982351,25.2500243111894));
#849=CARTESIAN_POINT('',(34.8805750625062,6.11474782435337,47.4782492967027));
#850=CARTESIAN_POINT('',(25.1889853057965,9.46484085017649,45.6491020063469));
#851=CARTESIAN_POINT('Ctrl Pts',(25.1889853057965,9.46484085017649,45.6491020063469));
#852=CARTESIAN_POINT('Ctrl Pts',(25.1889853057965,10.15609718844,45.6491020063469));
#853=CARTESIAN_POINT('Ctrl Pts',(25.3222573754027,10.89300436092,45.6895671120984));
#854=CARTESIAN_POINT('Ctrl Pts',(25.8647549564044,12.247906174472,45.8463791289544));
#855=CARTESIAN_POINT('Ctrl Pts',(26.2741007836543,12.8659538113904,45.9618506535462));
#856=CARTESIAN_POINT('Ctrl Pts',(27.2213390733563,13.8418995225115,46.2100427166691));
#857=CARTESIAN_POINT('Ctrl Pts',(27.8226165275439,14.2650802027473,46.3592307426561));
#858=CARTESIAN_POINT('Ctrl Pts',(29.1465299376628,14.8265678550733,46.6535383300427));
#859=CARTESIAN_POINT('Ctrl Pts',(29.8693637219481,14.9648408501765,46.7978321890786));
#860=CARTESIAN_POINT('Ctrl Pts',(31.2308646670472,14.9648408501765,47.0379015399596));
#861=CARTESIAN_POINT('Ctrl Pts',(31.9594576465433,14.8265678550733,47.1495333799008));
#862=CARTESIAN_POINT('Ctrl Pts',(33.3041884318114,14.2650802027473,47.3257797660719));
#863=CARTESIAN_POINT('Ctrl Pts',(33.9202297285869,13.8418995225115,47.3912378800021));
#864=CARTESIAN_POINT('Ctrl Pts',(34.8952292445473,12.8659538113904,47.4819882053553));
#865=CARTESIAN_POINT('Ctrl Pts',(35.3193820851546,12.247906174472,47.5134849842912));
#866=CARTESIAN_POINT('Ctrl Pts',(35.8827959272963,10.89300436092,47.5516749896092));
#867=CARTESIAN_POINT('Ctrl Pts',(36.0218705889308,10.15609718844,47.5592319606832));
#868=CARTESIAN_POINT('Ctrl Pts',(36.0218705889308,9.46484085017649,47.5592319606832));
#869=CARTESIAN_POINT('Ctrl Pts',(36.0218705889308,8.77358451191297,47.5592319606832));
#870=CARTESIAN_POINT('Ctrl Pts',(35.8827959272963,8.03667733943302,47.5516749896092));
#871=CARTESIAN_POINT('Ctrl Pts',(35.4151054963059,6.91197189960733,47.5199734254822));
#872=CARTESIAN_POINT('Ctrl Pts',(35.168559526982,6.48942742946136,47.5021625022479));
#873=CARTESIAN_POINT('Ctrl Pts',(34.8805750625062,6.11474782435337,47.4782492967027));
#874=CARTESIAN_POINT('Ctrl Pts',(34.8805750625062,6.11474782435337,47.4782492967027));
#875=CARTESIAN_POINT('Ctrl Pts',(34.732353022229,5.92190486797907,47.4659414657163));
#876=CARTESIAN_POINT('Ctrl Pts',(34.5733798889404,5.74156619237729,47.4520313353693));
#877=CARTESIAN_POINT('Ctrl Pts',(33.9202297285869,5.08778217784144,47.3912378800021));
#878=CARTESIAN_POINT('Ctrl Pts',(33.3041884318114,4.66460149760566,47.3257797660719));
#879=CARTESIAN_POINT('Ctrl Pts',(31.9594576465433,4.10311384527964,47.1495333799008));
#880=CARTESIAN_POINT('Ctrl Pts',(31.2308646670472,3.96484085017649,47.0379015399596));
#881=CARTESIAN_POINT('Ctrl Pts',(29.8693637219481,3.96484085017649,46.7978321890786));
#882=CARTESIAN_POINT('Ctrl Pts',(29.1465299376628,4.10311384527964,46.6535383300427));
#883=CARTESIAN_POINT('Ctrl Pts',(27.8226165275439,4.66460149760565,46.3592307426561));
#884=CARTESIAN_POINT('Ctrl Pts',(27.2213390733563,5.08778217784144,46.2100427166691));
#885=CARTESIAN_POINT('Ctrl Pts',(26.2741007836543,6.06372788896261,45.9618506535462));
#886=CARTESIAN_POINT('Ctrl Pts',(25.8647549564044,6.68177552588093,45.8463791289544));
#887=CARTESIAN_POINT('Ctrl Pts',(25.3222573754027,8.03667733943302,45.6895671120984));
#888=CARTESIAN_POINT('Ctrl Pts',(25.1889853057965,8.77358451191297,45.6491020063469));
#889=CARTESIAN_POINT('Ctrl Pts',(25.1889853057965,9.46484085017649,45.6491020063469));
#890=CARTESIAN_POINT('',(6.10672534965811,9.46484085017649,34.631954083924));
#891=CARTESIAN_POINT('',(-0.963938356893818,9.46484085017648,26.2054652096152));
#892=CARTESIAN_POINT('Ctrl Pts',(-0.963938356893817,9.46484085017649,26.2054652096152));
#893=CARTESIAN_POINT('Ctrl Pts',(-0.963938356893817,10.15609718844,26.2054652096152));
#894=CARTESIAN_POINT('Ctrl Pts',(-0.887856497150807,10.89300436092,26.3221289140765));
#895=CARTESIAN_POINT('Ctrl Pts',(-0.573076061303926,12.247906174472,26.7909646115561));
#896=CARTESIAN_POINT('Ctrl Pts',(-0.333722630304405,12.8659538113904,27.1425433571413));
#897=CARTESIAN_POINT('Ctrl Pts',(0.232369214833337,13.8418995225115,27.9415425439639));
#898=CARTESIAN_POINT('Ctrl Pts',(0.597078252768467,14.2650802027473,28.4423208997868));
#899=CARTESIAN_POINT('Ctrl Pts',(1.42207749315193,14.8265678550733,29.5187687279944));
#900=CARTESIAN_POINT('Ctrl Pts',(1.88304999216022,14.9648408501765,30.0939328372864));
#901=CARTESIAN_POINT('Ctrl Pts',(2.77170662124277,14.9648408501765,31.1529925675782));
#902=CARTESIAN_POINT('Ctrl Pts',(3.25808566092054,14.8265678550733,31.706838057965));
#903=CARTESIAN_POINT('Ctrl Pts',(4.17492021318339,14.2650802027473,32.7062269098456));
#904=CARTESIAN_POINT('Ctrl Pts',(4.60475956072233,13.8418995225115,33.1523544469014));
#905=CARTESIAN_POINT('Ctrl Pts',(5.2933193372554,12.8659538113904,33.8485908376591));
#906=CARTESIAN_POINT('Ctrl Pts',(5.59799352459068,12.247906174472,34.1453589606948));
#907=CARTESIAN_POINT('Ctrl Pts',(6.00504550530746,10.89300436092,34.5367696389059));
#908=CARTESIAN_POINT('Ctrl Pts',(6.10672534965811,10.15609718844,34.631954083924));
#909=CARTESIAN_POINT('Ctrl Pts',(6.10672534965811,9.46484085017649,34.631954083924));
#910=CARTESIAN_POINT('Ctrl Pts',(6.10672534965811,9.46484085017648,34.631954083924));
#911=CARTESIAN_POINT('Ctrl Pts',(6.10672534965811,8.77358451191296,34.631954083924));
#912=CARTESIAN_POINT('Ctrl Pts',(6.00504550530746,8.03667733943301,34.5367696389059));
#913=CARTESIAN_POINT('Ctrl Pts',(5.59799352459068,6.68177552588093,34.1453589606948));
#914=CARTESIAN_POINT('Ctrl Pts',(5.2933193372554,6.06372788896261,33.8485908376591));
#915=CARTESIAN_POINT('Ctrl Pts',(4.60475956072233,5.08778217784144,33.1523544469014));
#916=CARTESIAN_POINT('Ctrl Pts',(4.1749202131834,4.66460149760566,32.7062269098456));
#917=CARTESIAN_POINT('Ctrl Pts',(3.25808566092055,4.10311384527964,31.706838057965));
#918=CARTESIAN_POINT('Ctrl Pts',(2.77170662124277,3.96484085017649,31.1529925675782));
#919=CARTESIAN_POINT('Ctrl Pts',(1.88304999216022,3.96484085017649,30.0939328372864));
#920=CARTESIAN_POINT('Ctrl Pts',(1.42207749315193,4.10311384527964,29.5187687279944));
#921=CARTESIAN_POINT('Ctrl Pts',(0.597078252768468,4.66460149760565,28.4423208997868));
#922=CARTESIAN_POINT('Ctrl Pts',(0.232369214833337,5.08778217784144,27.9415425439639));
#923=CARTESIAN_POINT('Ctrl Pts',(-0.333722630304406,6.06372788896261,27.1425433571413));
#924=CARTESIAN_POINT('Ctrl Pts',(-0.573076061303925,6.68177552588093,26.7909646115561));
#925=CARTESIAN_POINT('Ctrl Pts',(-0.887856497150807,8.03667733943301,26.3221289140765));
#926=CARTESIAN_POINT('Ctrl Pts',(-0.963938356893818,8.77358451191296,26.2054652096152));
#927=CARTESIAN_POINT('Ctrl Pts',(-0.963938356893818,9.46484085017649,26.2054652096152));
#928=CARTESIAN_POINT('',(57.7214682313826,9.46484085017649,43.7329940568336));
#929=CARTESIAN_POINT('',(67.2477411003359,9.46484085017649,38.2329826726414));
#930=CARTESIAN_POINT('Ctrl Pts',(67.2477411003359,9.46484085017649,38.2329826726414));
#931=CARTESIAN_POINT('Ctrl Pts',(67.2477411003359,8.77358451191297,38.2329826726414));
#932=CARTESIAN_POINT('Ctrl Pts',(67.1363463011514,8.03667733943301,38.3165892993837));
#933=CARTESIAN_POINT('Ctrl Pts',(66.6801985937964,6.68177552588093,38.6494900399925));
#934=CARTESIAN_POINT('Ctrl Pts',(66.3350332249511,6.06372788896261,38.8980027105516));
#935=CARTESIAN_POINT('Ctrl Pts',(65.5298077448642,5.08778217784144,39.4552024986828));
#936=CARTESIAN_POINT('Ctrl Pts',(65.0158174814393,4.66460149760566,39.8010430011064));
#937=CARTESIAN_POINT('Ctrl Pts',(63.8724058142236,4.10311384527964,40.5304080899072));
#938=CARTESIAN_POINT('Ctrl Pts',(63.2425161049013,3.96484085017649,40.9132244317076));
#939=CARTESIAN_POINT('Ctrl Pts',(62.0452330934635,3.96484085017649,41.6044780083786));
#940=CARTESIAN_POINT('Ctrl Pts',(61.3987604081236,4.10311384527964,41.9585718724443));
#941=CARTESIAN_POINT('Ctrl Pts',(60.1954073740656,4.66460149760566,42.5841157549256));
#942=CARTESIAN_POINT('Ctrl Pts',(59.638906232193,5.08778217784144,42.8563254592102));
#943=CARTESIAN_POINT('Ctrl Pts',(58.7537453214754,6.06372788896262,43.2750734022645));
#944=CARTESIAN_POINT('Ctrl Pts',(58.365944768649,6.68177552588093,43.4497399717792));
#945=CARTESIAN_POINT('Ctrl Pts',(57.8495709629995,8.03667733943302,43.678326338088));
#946=CARTESIAN_POINT('Ctrl Pts',(57.7214682313826,8.77358451191296,43.7329940568336));
#947=CARTESIAN_POINT('Ctrl Pts',(57.7214682313826,9.46484085017649,43.7329940568336));
#948=CARTESIAN_POINT('Ctrl Pts',(57.7214682313826,9.46484085017649,43.7329940568336));
#949=CARTESIAN_POINT('Ctrl Pts',(57.7214682313826,10.15609718844,43.7329940568336));
#950=CARTESIAN_POINT('Ctrl Pts',(57.8495709629995,10.89300436092,43.678326338088));
#951=CARTESIAN_POINT('Ctrl Pts',(58.365944768649,12.247906174472,43.4497399717792));
#952=CARTESIAN_POINT('Ctrl Pts',(58.7537453214754,12.8659538113904,43.2750734022645));
#953=CARTESIAN_POINT('Ctrl Pts',(59.638906232193,13.8418995225115,42.8563254592102));
#954=CARTESIAN_POINT('Ctrl Pts',(60.1954073740656,14.2650802027473,42.5841157549256));
#955=CARTESIAN_POINT('Ctrl Pts',(61.3987604081236,14.8265678550733,41.9585718724443));
#956=CARTESIAN_POINT('Ctrl Pts',(62.0452330934635,14.9648408501765,41.6044780083786));
#957=CARTESIAN_POINT('Ctrl Pts',(63.2425161049013,14.9648408501765,40.9132244317076));
#958=CARTESIAN_POINT('Ctrl Pts',(63.8724058142236,14.8265678550733,40.5304080899072));
#959=CARTESIAN_POINT('Ctrl Pts',(65.0158174814393,14.2650802027473,39.8010430011064));
#960=CARTESIAN_POINT('Ctrl Pts',(65.5298077448642,13.8418995225115,39.4552024986828));
#961=CARTESIAN_POINT('Ctrl Pts',(66.3350332249511,12.8659538113904,38.8980027105516));
#962=CARTESIAN_POINT('Ctrl Pts',(66.6801985937964,12.2479061744721,38.6494900399925));
#963=CARTESIAN_POINT('Ctrl Pts',(67.1363463011514,10.89300436092,38.3165892993837));
#964=CARTESIAN_POINT('Ctrl Pts',(67.2477411003359,10.15609718844,38.2329826726414));
#965=CARTESIAN_POINT('Ctrl Pts',(67.2477411003359,9.46484085017649,38.2329826726414));
#966=CARTESIAN_POINT('',(-8.50011137982817,9.46484085017649,-5.5));
#967=CARTESIAN_POINT('',(-8.50011137982817,9.46484085017649,5.5));
#968=CARTESIAN_POINT('Ctrl Pts',(-8.50011137982817,9.46484085017649,5.5));
#969=CARTESIAN_POINT('Ctrl Pts',(-8.50011137982817,8.77358451191297,5.5));
#970=CARTESIAN_POINT('Ctrl Pts',(-8.51681927767769,8.03667733943301,5.36172594071909));
#971=CARTESIAN_POINT('Ctrl Pts',(-8.57704525131325,6.68177552588093,4.80023999599493));
#972=CARTESIAN_POINT('Ctrl Pts',(-8.61968034704595,6.06372788896261,4.37706163183815));
#973=CARTESIAN_POINT('Ctrl Pts',(-8.6996156122224,5.08778217784144,3.40111592071698));
#974=CARTESIAN_POINT('Ctrl Pts',(-8.74212640267904,4.66460149760565,2.78306699327924));
#975=CARTESIAN_POINT('Ctrl Pts',(-8.80206764545177,4.10311384527964,1.42816082645398));
#976=CARTESIAN_POINT('Ctrl Pts',(-8.8186505871451,3.96484085017649,0.691252145880593));
#977=CARTESIAN_POINT('Ctrl Pts',(-8.8186505871451,3.96484085017649,-0.691252145880584));
#978=CARTESIAN_POINT('Ctrl Pts',(-8.80206764545177,4.10311384527964,-1.42816082645397));
#979=CARTESIAN_POINT('Ctrl Pts',(-8.74212640267904,4.66460149760565,-2.78306699327923));
#980=CARTESIAN_POINT('Ctrl Pts',(-8.6996156122224,5.08778217784144,-3.40111592071697));
#981=CARTESIAN_POINT('Ctrl Pts',(-8.61968034704595,6.06372788896261,-4.37706163183814));
#982=CARTESIAN_POINT('Ctrl Pts',(-8.57704525131325,6.68177552588093,-4.80023999599492));
#983=CARTESIAN_POINT('Ctrl Pts',(-8.51681927767769,8.03667733943301,-5.36172594071908));
#984=CARTESIAN_POINT('Ctrl Pts',(-8.50011137982817,8.77358451191297,-5.5));
#985=CARTESIAN_POINT('Ctrl Pts',(-8.50011137982817,9.46484085017649,-5.5));
#986=CARTESIAN_POINT('Ctrl Pts',(-8.50011137982817,9.46484085017649,-5.5));
#987=CARTESIAN_POINT('Ctrl Pts',(-8.50011137982817,10.15609718844,-5.5));
#988=CARTESIAN_POINT('Ctrl Pts',(-8.51681927767769,10.89300436092,-5.36172594071908));
#989=CARTESIAN_POINT('Ctrl Pts',(-8.57704525131325,12.247906174472,-4.80023999599492));
#990=CARTESIAN_POINT('Ctrl Pts',(-8.61968034704595,12.8659538113904,-4.37706163183814));
#991=CARTESIAN_POINT('Ctrl Pts',(-8.6996156122224,13.8418995225115,-3.40111592071697));
#992=CARTESIAN_POINT('Ctrl Pts',(-8.74212640267904,14.2650802027473,-2.78306699327923));
#993=CARTESIAN_POINT('Ctrl Pts',(-8.80206764545177,14.8265678550733,-1.42816082645398));
#994=CARTESIAN_POINT('Ctrl Pts',(-8.8186505871451,14.9648408501765,-0.691252145880585));
#995=CARTESIAN_POINT('Ctrl Pts',(-8.8186505871451,14.9648408501765,0.691252145880592));
#996=CARTESIAN_POINT('Ctrl Pts',(-8.80206764545177,14.8265678550733,1.42816082645398));
#997=CARTESIAN_POINT('Ctrl Pts',(-8.74212640267904,14.2650802027473,2.78306699327924));
#998=CARTESIAN_POINT('Ctrl Pts',(-8.6996156122224,13.8418995225115,3.40111592071698));
#999=CARTESIAN_POINT('Ctrl Pts',(-8.61968034704595,12.8659538113904,4.37706163183815));
#1000=CARTESIAN_POINT('Ctrl Pts',(-8.57704525131325,12.247906174472,4.80023999599493));
#1001=CARTESIAN_POINT('Ctrl Pts',(-8.51681927767769,10.89300436092,5.36172594071909));
#1002=CARTESIAN_POINT('Ctrl Pts',(-8.50011137982817,10.15609718844,5.5));
#1003=CARTESIAN_POINT('Ctrl Pts',(-8.50011137982817,9.46484085017649,5.5));
#1004=CARTESIAN_POINT('',(74.1691136356718,9.46484085017649,31.9433736715739));
#1005=CARTESIAN_POINT('',(75.3186216932985,11.2148408501765,30.6234627024323));
#1006=CARTESIAN_POINT('Ctrl Pts',(74.1691136356718,9.46484085017649,31.9433736715739));
#1007=CARTESIAN_POINT('Ctrl Pts',(74.1691136356718,9.2450857359906,31.9433736715739));
#1008=CARTESIAN_POINT('Ctrl Pts',(74.1986316902495,9.0106963974614,31.9108059577827));
#1009=CARTESIAN_POINT('Ctrl Pts',(74.3180792732096,8.57953841352293,31.7778885664759));
#1010=CARTESIAN_POINT('Ctrl Pts',(74.4079413474749,8.38276809532741,31.6774837111037));
#1011=CARTESIAN_POINT('Ctrl Pts',(74.6138582771269,8.07203988042247,31.4446416540897));
#1012=CARTESIAN_POINT('Ctrl Pts',(74.7436323227318,7.93736306423321,31.2966695942756));
#1013=CARTESIAN_POINT('Ctrl Pts',(75.0254188046838,7.75876300189102,30.9702797347439));
#1014=CARTESIAN_POINT('Ctrl Pts',(75.1773658374172,7.71484085017649,30.7918048761538));
#1015=CARTESIAN_POINT('Ctrl Pts',(75.4598775491798,7.71484085017649,30.4551205287108));
#1016=CARTESIAN_POINT('Ctrl Pts',(75.609255648301,7.75876300189102,30.2744900788742));
#1017=CARTESIAN_POINT('Ctrl Pts',(75.8817552033903,7.93736306423321,29.9403075624373));
#1018=CARTESIAN_POINT('Ctrl Pts',(76.0049442085966,8.07203988042247,29.7868099976534));
#1019=CARTESIAN_POINT('Ctrl Pts',(76.1984917719864,8.38276809532741,29.5435888099709));
#1020=CARTESIAN_POINT('Ctrl Pts',(76.2817668665595,8.57953841352292,29.4376568223685));
#1021=CARTESIAN_POINT('Ctrl Pts',(76.3919230889209,9.0106963974614,29.2969430538101));
#1022=CARTESIAN_POINT('Ctrl Pts',(76.4188702695747,9.2450857359906,29.2622181206575));
#1023=CARTESIAN_POINT('Ctrl Pts',(76.4188702695747,9.68459596436238,29.2622181206575));
#1024=CARTESIAN_POINT('Ctrl Pts',(76.3919230889209,9.91898530289158,29.2969430538101));
#1025=CARTESIAN_POINT('Ctrl Pts',(76.2817668665595,10.3501432868301,29.4376568223685));
#1026=CARTESIAN_POINT('Ctrl Pts',(76.1984917719864,10.5469136050256,29.5435888099709));
#1027=CARTESIAN_POINT('Ctrl Pts',(76.0049442085966,10.8576418199305,29.7868099976534));
#1028=CARTESIAN_POINT('Ctrl Pts',(75.8817552033903,10.9923186361198,29.9403075624373));
#1029=CARTESIAN_POINT('Ctrl Pts',(75.609255648301,11.170918698462,30.2744900788742));
#1030=CARTESIAN_POINT('Ctrl Pts',(75.4598775491798,11.2148408501765,30.4551205287108));
#1031=CARTESIAN_POINT('Ctrl Pts',(75.3186216932985,11.2148408501765,30.6234627024323));
#1032=CARTESIAN_POINT('Ctrl Pts',(75.3186216932985,11.2148408501765,30.6234627024323));
#1033=CARTESIAN_POINT('Ctrl Pts',(75.1773658374172,11.2148408501765,30.7918048761539));
#1034=CARTESIAN_POINT('Ctrl Pts',(75.0254188046838,11.170918698462,30.9702797347439));
#1035=CARTESIAN_POINT('Ctrl Pts',(74.7436323227319,10.9923186361198,31.2966695942756));
#1036=CARTESIAN_POINT('Ctrl Pts',(74.6138582771269,10.8576418199305,31.4446416540897));
#1037=CARTESIAN_POINT('Ctrl Pts',(74.4079413474749,10.5469136050256,31.6774837111037));
#1038=CARTESIAN_POINT('Ctrl Pts',(74.3180792732096,10.35014328683,31.7778885664759));
#1039=CARTESIAN_POINT('Ctrl Pts',(74.1986316902495,9.91898530289158,31.9108059577827));
#1040=CARTESIAN_POINT('Ctrl Pts',(74.1691136356718,9.68459596436238,31.9433736715739));
#1041=CARTESIAN_POINT('Ctrl Pts',(74.1691136356718,9.46484085017649,31.9433736715739));
#1042=CARTESIAN_POINT('',(48.8137162643261,9.46484085017649,46.5823191693303));
#1043=CARTESIAN_POINT('',(47.0958858055024,11.2148408501765,46.9178668645191));
#1044=CARTESIAN_POINT('Ctrl Pts',(48.8137162643261,9.46484085017649,46.5823191693303));
#1045=CARTESIAN_POINT('Ctrl Pts',(48.8137162643261,9.68459596436238,46.5823191693303));
#1046=CARTESIAN_POINT('Ctrl Pts',(48.7707527695509,9.91898530289157,46.5915986975693));
#1047=CARTESIAN_POINT('Ctrl Pts',(48.5959191405943,10.35014328683,46.62858464318));
#1048=CARTESIAN_POINT('Ctrl Pts',(48.4640349480461,10.5469136050256,46.6562050546443));
#1049=CARTESIAN_POINT('Ctrl Pts',(48.1594293467766,10.8576418199305,46.7181133182853));
#1050=CARTESIAN_POINT('Ctrl Pts',(47.9663947611248,10.9923186361198,46.756514908624));
#1051=CARTESIAN_POINT('Ctrl Pts',(47.5428396102566,11.170918698462,46.8373542306716));
#1052=CARTESIAN_POINT('Ctrl Pts',(47.3123023324142,11.2148408501765,46.8797067917533));
#1053=CARTESIAN_POINT('Ctrl Pts',(47.0958858055024,11.2148408501765,46.9178668645191));
#1054=CARTESIAN_POINT('Ctrl Pts',(47.0958858055024,11.2148408501765,46.9178668645191));
#1055=CARTESIAN_POINT('Ctrl Pts',(46.8794692785906,11.2148408501765,46.9560269372849));
#1056=CARTESIAN_POINT('Ctrl Pts',(46.6483496707745,11.170918698462,46.9950769409746));
#1057=CARTESIAN_POINT('Ctrl Pts',(46.2226893444948,10.9923186361198,47.0639772199834));
#1058=CARTESIAN_POINT('Ctrl Pts',(46.0281620513698,10.8576418199305,47.0939132455671));
#1059=CARTESIAN_POINT('Ctrl Pts',(45.7207525424032,10.5469136050256,47.139919758462));
#1060=CARTESIAN_POINT('Ctrl Pts',(45.5873752027796,10.35014328683,47.1590721120636));
#1061=CARTESIAN_POINT('Ctrl Pts',(45.4104353933651,9.91898530289157,47.1841133147343));
#1062=CARTESIAN_POINT('Ctrl Pts',(45.3668891287834,9.68459596436238,47.1900877911645));
#1063=CARTESIAN_POINT('Ctrl Pts',(45.3668891287834,9.2450857359906,47.1900877911645));
#1064=CARTESIAN_POINT('Ctrl Pts',(45.4104353933651,9.0106963974614,47.1841133147343));
#1065=CARTESIAN_POINT('Ctrl Pts',(45.5873752027796,8.57953841352293,47.1590721120636));
#1066=CARTESIAN_POINT('Ctrl Pts',(45.7207525424032,8.38276809532741,47.139919758462));
#1067=CARTESIAN_POINT('Ctrl Pts',(46.0281620513698,8.07203988042246,47.0939132455671));
#1068=CARTESIAN_POINT('Ctrl Pts',(46.2226893444948,7.93736306423322,47.0639772199834));
#1069=CARTESIAN_POINT('Ctrl Pts',(46.6483496707745,7.75876300189102,46.9950769409746));
#1070=CARTESIAN_POINT('Ctrl Pts',(46.8794692785906,7.71484085017649,46.9560269372849));
#1071=CARTESIAN_POINT('Ctrl Pts',(47.3123023324142,7.71484085017649,46.8797067917533));
#1072=CARTESIAN_POINT('Ctrl Pts',(47.5428396102566,7.75876300189101,46.8373542306716));
#1073=CARTESIAN_POINT('Ctrl Pts',(47.9663947611248,7.93736306423322,46.756514908624));
#1074=CARTESIAN_POINT('Ctrl Pts',(48.1594293467766,8.07203988042246,46.7181133182853));
#1075=CARTESIAN_POINT('Ctrl Pts',(48.4640349480461,8.38276809532741,46.6562050546443));
#1076=CARTESIAN_POINT('Ctrl Pts',(48.5959191405943,8.57953841352293,46.62858464318));
#1077=CARTESIAN_POINT('Ctrl Pts',(48.7707527695509,9.0106963974614,46.5915986975693));
#1078=CARTESIAN_POINT('Ctrl Pts',(48.8137162643261,9.2450857359906,46.5823191693303));
#1079=CARTESIAN_POINT('Ctrl Pts',(48.8137162643261,9.46484085017649,46.5823191693303));
#1080=CARTESIAN_POINT('',(13.5027061713106,9.46484085017649,40.3560353738627));
#1081=CARTESIAN_POINT('',(15.0021747064275,7.71484085017649,41.2588796866895));
#1082=CARTESIAN_POINT('Ctrl Pts',(13.5027061713106,9.46484085017649,40.3560353738627));
#1083=CARTESIAN_POINT('Ctrl Pts',(13.5027061713106,9.2450857359906,40.3560353738627));
#1084=CARTESIAN_POINT('Ctrl Pts',(13.5399048647357,9.0106963974614,40.3794496587141));
#1085=CARTESIAN_POINT('Ctrl Pts',(13.6915447973126,8.57953841352293,40.4740017017111));
#1086=CARTESIAN_POINT('Ctrl Pts',(13.8060286627608,8.38276809532741,40.545063448985));
#1087=CARTESIAN_POINT('Ctrl Pts',(14.0710904253203,8.07203988042246,40.7074194388981));
#1088=CARTESIAN_POINT('Ctrl Pts',(14.2393494835821,7.93736306423322,40.8095268466172));
#1089=CARTESIAN_POINT('Ctrl Pts',(14.6097124568357,7.75876300189102,41.0303553544209));
#1090=CARTESIAN_POINT('Ctrl Pts',(14.811861206629,7.71484085017649,41.1490021363504));
#1091=CARTESIAN_POINT('Ctrl Pts',(15.0021747064274,7.71484085017649,41.2588796866895));
#1092=CARTESIAN_POINT('Ctrl Pts',(15.0021747064275,7.71484085017649,41.2588796866895));
#1093=CARTESIAN_POINT('Ctrl Pts',(15.1924882062259,7.71484085017649,41.3687572370285));
#1094=CARTESIAN_POINT('Ctrl Pts',(15.3963137083508,7.75876300189102,41.484499798728));
#1095=CARTESIAN_POINT('Ctrl Pts',(15.7727382926153,7.93736306423321,41.6948292882849));
#1096=CARTESIAN_POINT('Ctrl Pts',(15.9452954307457,8.07203988042246,41.7894922032969));
#1097=CARTESIAN_POINT('Ctrl Pts',(16.2184307237467,8.38276809532741,41.9378644282888));
#1098=CARTESIAN_POINT('Ctrl Pts',(16.3372139348473,8.57953841352293,42.0014794904534));
#1099=CARTESIAN_POINT('Ctrl Pts',(16.4949183723509,9.0106963974614,42.0855275027946));
#1100=CARTESIAN_POINT('Ctrl Pts',(16.5337950845562,9.2450857359906,42.1060353738627));
#1101=CARTESIAN_POINT('Ctrl Pts',(16.5337950845562,9.68459596436238,42.1060353738627));
#1102=CARTESIAN_POINT('Ctrl Pts',(16.4949183723509,9.91898530289157,42.0855275027946));
#1103=CARTESIAN_POINT('Ctrl Pts',(16.3372139348473,10.35014328683,42.0014794904534));
#1104=CARTESIAN_POINT('Ctrl Pts',(16.2184307237467,10.5469136050256,41.9378644282888));
#1105=CARTESIAN_POINT('Ctrl Pts',(15.9452954307457,10.8576418199305,41.7894922032969));
#1106=CARTESIAN_POINT('Ctrl Pts',(15.7727382926153,10.9923186361198,41.6948292882849));
#1107=CARTESIAN_POINT('Ctrl Pts',(15.3963137083508,11.170918698462,41.484499798728));
#1108=CARTESIAN_POINT('Ctrl Pts',(15.1924882062259,11.2148408501765,41.3687572370285));
#1109=CARTESIAN_POINT('Ctrl Pts',(14.811861206629,11.2148408501765,41.1490021363504));
#1110=CARTESIAN_POINT('Ctrl Pts',(14.6097124568357,11.170918698462,41.0303553544209));
#1111=CARTESIAN_POINT('Ctrl Pts',(14.2393494835821,10.9923186361198,40.8095268466172));
#1112=CARTESIAN_POINT('Ctrl Pts',(14.0710904253203,10.8576418199305,40.7074194388981));
#1113=CARTESIAN_POINT('Ctrl Pts',(13.8060286627608,10.5469136050256,40.545063448985));
#1114=CARTESIAN_POINT('Ctrl Pts',(13.6915447973126,10.3501432868301,40.4740017017111));
#1115=CARTESIAN_POINT('Ctrl Pts',(13.5399048647357,9.91898530289158,40.3794496587141));
#1116=CARTESIAN_POINT('Ctrl Pts',(13.5027061713106,9.68459596436238,40.3560353738627));
#1117=CARTESIAN_POINT('Ctrl Pts',(13.5027061713106,9.46484085017649,40.3560353738627));
#1118=CARTESIAN_POINT('',(-5.31675939835804,9.46484085017649,17.927869670507));
#1119=CARTESIAN_POINT('',(-5.94550749880088,7.71484085017649,16.2944041620868));
#1120=CARTESIAN_POINT('Ctrl Pts',(-5.31675939835804,9.46484085017649,17.927869670507));
#1121=CARTESIAN_POINT('Ctrl Pts',(-5.31675939835804,9.68459596436238,17.927869670507));
#1122=CARTESIAN_POINT('Ctrl Pts',(-5.33335848228602,9.91898530289157,17.8871702609242));
#1123=CARTESIAN_POINT('Ctrl Pts',(-5.40014206933913,10.35014328683,17.7214152896952));
#1124=CARTESIAN_POINT('Ctrl Pts',(-5.45024431438972,10.5469136050256,17.5963309484911));
#1125=CARTESIAN_POINT('Ctrl Pts',(-5.56410625996645,10.8576418199305,17.3071032479137));
#1126=CARTESIAN_POINT('Ctrl Pts',(-5.63544454788514,10.9923186361198,17.1236696575461));
#1127=CARTESIAN_POINT('Ctrl Pts',(-5.78860531907551,11.170918698462,16.7205868621003));
#1128=CARTESIAN_POINT('Ctrl Pts',(-5.87034682777041,11.2148408501765,16.5009064085741));
#1129=CARTESIAN_POINT('Ctrl Pts',(-6.02066816983138,11.2148408501765,16.0879019155995));
#1130=CARTESIAN_POINT('Ctrl Pts',(-6.09925841494047,11.170918698462,15.8670744959277));
#1131=CARTESIAN_POINT('Ctrl Pts',(-6.24102708385664,10.9923186361198,15.4598453143484));
#1132=CARTESIAN_POINT('Ctrl Pts',(-6.30428762390347,10.8576418199305,15.2734716641956));
#1133=CARTESIAN_POINT('Ctrl Pts',(-6.40297629552098,10.5469136050256,14.9787213435407));
#1134=CARTESIAN_POINT('Ctrl Pts',(-6.44499841380398,10.3501432868301,14.8506960767041));
#1135=CARTESIAN_POINT('Ctrl Pts',(-6.50038445980039,9.91898530289157,14.6807927397865));
#1136=CARTESIAN_POINT('Ctrl Pts',(-6.51382989999788,9.68459596436238,14.6389454977564));
#1137=CARTESIAN_POINT('Ctrl Pts',(-6.51382989999788,9.2450857359906,14.6389454977564));
#1138=CARTESIAN_POINT('Ctrl Pts',(-6.50038445980039,9.0106963974614,14.6807927397865));
#1139=CARTESIAN_POINT('Ctrl Pts',(-6.44499841380398,8.57953841352293,14.8506960767041));
#1140=CARTESIAN_POINT('Ctrl Pts',(-6.40297629552098,8.38276809532741,14.9787213435407));
#1141=CARTESIAN_POINT('Ctrl Pts',(-6.30428762390347,8.07203988042247,15.2734716641956));
#1142=CARTESIAN_POINT('Ctrl Pts',(-6.24102708385664,7.93736306423321,15.4598453143484));
#1143=CARTESIAN_POINT('Ctrl Pts',(-6.09925841494047,7.75876300189102,15.8670744959277));
#1144=CARTESIAN_POINT('Ctrl Pts',(-6.02066816983137,7.71484085017649,16.0879019155995));
#1145=CARTESIAN_POINT('Ctrl Pts',(-5.94550749880089,7.71484085017649,16.2944041620868));
#1146=CARTESIAN_POINT('Ctrl Pts',(-5.94550749880089,7.71484085017649,16.2944041620868));
#1147=CARTESIAN_POINT('Ctrl Pts',(-5.8703468277704,7.71484085017649,16.5009064085741));
#1148=CARTESIAN_POINT('Ctrl Pts',(-5.78860531907551,7.75876300189102,16.7205868621003));
#1149=CARTESIAN_POINT('Ctrl Pts',(-5.63544454788514,7.93736306423321,17.1236696575461));
#1150=CARTESIAN_POINT('Ctrl Pts',(-5.56410625996645,8.07203988042246,17.3071032479137));
#1151=CARTESIAN_POINT('Ctrl Pts',(-5.45024431438972,8.38276809532741,17.5963309484911));
#1152=CARTESIAN_POINT('Ctrl Pts',(-5.40014206933913,8.57953841352293,17.7214152896952));
#1153=CARTESIAN_POINT('Ctrl Pts',(-5.33335848228602,9.0106963974614,17.8871702609242));
#1154=CARTESIAN_POINT('Ctrl Pts',(-5.31675939835804,9.2450857359906,17.927869670507));
#1155=CARTESIAN_POINT('Ctrl Pts',(-5.31675939835804,9.46484085017649,17.927869670507));
#1156=CARTESIAN_POINT('',(-6.51382989999789,9.46484085017649,-14.6389454977563));
#1157=CARTESIAN_POINT('',(-5.94550749880089,11.2148408501765,-16.2944041620868));
#1158=CARTESIAN_POINT('Ctrl Pts',(-6.51382989999789,9.46484085017649,-14.6389454977563));
#1159=CARTESIAN_POINT('Ctrl Pts',(-6.51382989999789,9.68459596436238,-14.6389454977563));
#1160=CARTESIAN_POINT('Ctrl Pts',(-6.5003844598004,9.91898530289157,-14.6807927397865));
#1161=CARTESIAN_POINT('Ctrl Pts',(-6.44499841380399,10.3501432868301,-14.8506960767041));
#1162=CARTESIAN_POINT('Ctrl Pts',(-6.40297629552098,10.5469136050256,-14.9787213435406));
#1163=CARTESIAN_POINT('Ctrl Pts',(-6.30428762390347,10.8576418199305,-15.2734716641956));
#1164=CARTESIAN_POINT('Ctrl Pts',(-6.24102708385664,10.9923186361198,-15.4598453143484));
#1165=CARTESIAN_POINT('Ctrl Pts',(-6.09925841494047,11.170918698462,-15.8670744959277));
#1166=CARTESIAN_POINT('Ctrl Pts',(-6.02066816983137,11.2148408501765,-16.0879019155995));
#1167=CARTESIAN_POINT('Ctrl Pts',(-5.94550749880089,11.2148408501765,-16.2944041620868));
#1168=CARTESIAN_POINT('Ctrl Pts',(-5.94550749880089,11.2148408501765,-16.2944041620868));
#1169=CARTESIAN_POINT('Ctrl Pts',(-5.87034682777041,11.2148408501765,-16.5009064085741));
#1170=CARTESIAN_POINT('Ctrl Pts',(-5.78860531907553,11.170918698462,-16.7205868621003));
#1171=CARTESIAN_POINT('Ctrl Pts',(-5.63544454788516,10.9923186361198,-17.1236696575461));
#1172=CARTESIAN_POINT('Ctrl Pts',(-5.56410625996645,10.8576418199305,-17.3071032479137));
#1173=CARTESIAN_POINT('Ctrl Pts',(-5.45024431438972,10.5469136050256,-17.5963309484911));
#1174=CARTESIAN_POINT('Ctrl Pts',(-5.40014206933915,10.3501432868301,-17.7214152896951));
#1175=CARTESIAN_POINT('Ctrl Pts',(-5.33335848228604,9.91898530289157,-17.8871702609242));
#1176=CARTESIAN_POINT('Ctrl Pts',(-5.31675939835805,9.68459596436238,-17.927869670507));
#1177=CARTESIAN_POINT('Ctrl Pts',(-5.31675939835805,9.2450857359906,-17.927869670507));
#1178=CARTESIAN_POINT('Ctrl Pts',(-5.33335848228604,9.0106963974614,-17.8871702609242));
#1179=CARTESIAN_POINT('Ctrl Pts',(-5.40014206933915,8.57953841352293,-17.7214152896951));
#1180=CARTESIAN_POINT('Ctrl Pts',(-5.45024431438972,8.38276809532741,-17.5963309484911));
#1181=CARTESIAN_POINT('Ctrl Pts',(-5.56410625996645,8.07203988042246,-17.3071032479137));
#1182=CARTESIAN_POINT('Ctrl Pts',(-5.63544454788516,7.93736306423321,-17.1236696575461));
#1183=CARTESIAN_POINT('Ctrl Pts',(-5.78860531907553,7.75876300189102,-16.7205868621003));
#1184=CARTESIAN_POINT('Ctrl Pts',(-5.87034682777041,7.71484085017649,-16.5009064085741));
#1185=CARTESIAN_POINT('Ctrl Pts',(-6.02066816983138,7.71484085017649,-16.0879019155995));
#1186=CARTESIAN_POINT('Ctrl Pts',(-6.09925841494047,7.75876300189102,-15.8670744959277));
#1187=CARTESIAN_POINT('Ctrl Pts',(-6.24102708385664,7.93736306423321,-15.4598453143484));
#1188=CARTESIAN_POINT('Ctrl Pts',(-6.30428762390347,8.07203988042246,-15.2734716641956));
#1189=CARTESIAN_POINT('Ctrl Pts',(-6.40297629552098,8.38276809532741,-14.9787213435406));
#1190=CARTESIAN_POINT('Ctrl Pts',(-6.44499841380399,8.57953841352293,-14.8506960767041));
#1191=CARTESIAN_POINT('Ctrl Pts',(-6.5003844598004,9.0106963974614,-14.6807927397865));
#1192=CARTESIAN_POINT('Ctrl Pts',(-6.51382989999789,9.2450857359906,-14.6389454977563));
#1193=CARTESIAN_POINT('Ctrl Pts',(-6.51382989999789,9.46484085017649,-14.6389454977563));
#1194=CARTESIAN_POINT('Origin',(-3.33248111841749,-1.29315914982351,-22.4093867042317));
#1195=CARTESIAN_POINT('',(-10.4847138724129,19.4998408501765,-26.2114343936585));
#1196=CARTESIAN_POINT('',(-10.4847138724129,-1.29315914982351,-26.2114343936585));
#1197=CARTESIAN_POINT('',(19.1533609282141,19.4998408501765,-10.456162202351));
#1198=CARTESIAN_POINT('Origin',(34.6017874561983,19.4998408501765,14.7355163872882));
#1199=CARTESIAN_POINT('',(86.1766249907433,19.4998408501765,29.5960156192156));
#1200=CARTESIAN_POINT('',(64.1662254053228,19.4998408501765,15.8395158783273));
#1201=CARTESIAN_POINT('Origin',(38.823,19.4998408501765,2.84089418656208E-15));
#1202=CARTESIAN_POINT('Ctrl Pts',(68.9006675451299,9.46484085017649,38.806932092908));
#1203=CARTESIAN_POINT('Ctrl Pts',(68.8981675399553,9.46484085017649,38.8026019688766));
#1204=CARTESIAN_POINT('Ctrl Pts',(68.9006675451299,8.86693886109447,38.806932092908));
#1205=CARTESIAN_POINT('Ctrl Pts',(68.8981675399553,8.86693886109447,38.8026019688766));
#1206=CARTESIAN_POINT('Ctrl Pts',(68.8307736081296,8.27106633698412,38.8472854876171));
#1207=CARTESIAN_POINT('Ctrl Pts',(68.828273602955,8.27106633698412,38.8429553635857));
#1208=CARTESIAN_POINT('Ctrl Pts',(68.5224373732226,6.98386404662795,39.0253039871369));
#1209=CARTESIAN_POINT('Ctrl Pts',(68.5199373680479,6.98386404662795,39.0209738631056));
#1210=CARTESIAN_POINT('Ctrl Pts',(68.2514760296611,6.31176119359194,39.1817440235253));
#1211=CARTESIAN_POINT('Ctrl Pts',(68.2489760244864,6.31176119359194,39.1774138994939));
#1212=CARTESIAN_POINT('Ctrl Pts',(67.4770946414353,5.00901097618716,39.628834560353));
#1213=CARTESIAN_POINT('Ctrl Pts',(67.4745946362607,5.00901097618716,39.6245044363217));
#1214=CARTESIAN_POINT('Ctrl Pts',(66.9525435615256,4.41059589912015,39.9316851033494));
#1215=CARTESIAN_POINT('Ctrl Pts',(66.950043556351,4.41059589912015,39.927354979318));
#1216=CARTESIAN_POINT('Ctrl Pts',(65.7281138786515,3.46512018106388,40.6386118613366));
#1217=CARTESIAN_POINT('Ctrl Pts',(65.7256138734768,3.46512018106388,40.6342817373052));
#1218=CARTESIAN_POINT('Ctrl Pts',(65.0371021121108,3.13101317168697,41.037568791803));
#1219=CARTESIAN_POINT('Ctrl Pts',(65.0346021069362,3.13101317168697,41.0332386677716));
#1220=CARTESIAN_POINT('Ctrl Pts',(63.5850421576906,2.78472871496827,41.8759183110435));
#1221=CARTESIAN_POINT('Ctrl Pts',(63.582542152516,2.78472871496827,41.8715881870121));
#1222=CARTESIAN_POINT('Ctrl Pts',(62.8377179150477,2.77503793449739,42.3073873544734));
#1223=CARTESIAN_POINT('Ctrl Pts',(62.8352179098731,2.77503793449739,42.3030572304421));
#1224=CARTESIAN_POINT('Ctrl Pts',(61.3549290937984,3.08873485126941,43.1634782422122));
#1225=CARTESIAN_POINT('Ctrl Pts',(61.3524290886238,3.08873485126941,43.1591481181809));
#1226=CARTESIAN_POINT('Ctrl Pts',(60.6356990769855,3.42090838796909,43.5787270320318));
#1227=CARTESIAN_POINT('Ctrl Pts',(60.6331990718109,3.42090838796909,43.5743969080004));
#1228=CARTESIAN_POINT('Ctrl Pts',(59.3798868583725,4.37045442202965,44.3037725554798));
#1229=CARTESIAN_POINT('Ctrl Pts',(59.3773868531979,4.37045442202965,44.2994424314485));
#1230=CARTESIAN_POINT('Ctrl Pts',(58.8483237387357,4.96628226079273,44.610671512673));
#1231=CARTESIAN_POINT('Ctrl Pts',(58.8458237335611,4.96628226079273,44.6063413886416));
#1232=CARTESIAN_POINT('Ctrl Pts',(58.0046278571935,6.36176748229058,45.0977809013197));
#1233=CARTESIAN_POINT('Ctrl Pts',(58.0021278520189,6.36176748229058,45.0934507772884));
#1234=CARTESIAN_POINT('Ctrl Pts',(57.7020800445254,7.14995696279499,45.2724574444786));
#1235=CARTESIAN_POINT('Ctrl Pts',(57.6995800393508,7.14995696279499,45.2681273204473));
#1236=CARTESIAN_POINT('Ctrl Pts',(57.4404854980994,8.46995618789278,45.4234895430945));
#1237=CARTESIAN_POINT('Ctrl Pts',(57.4379854929248,8.46995618789278,45.4191594190632));
#1238=CARTESIAN_POINT('Ctrl Pts',(57.392063894628,8.96717883149865,45.4514458460471));
#1239=CARTESIAN_POINT('Ctrl Pts',(57.3895638894534,8.96717883149865,45.4471157220158));
#1240=CARTESIAN_POINT('Ctrl Pts',(57.392063894628,9.46484085017649,45.4514458460471));
#1241=CARTESIAN_POINT('Ctrl Pts',(57.3895638894534,9.46484085017649,45.4471157220158));
#1242=CARTESIAN_POINT('',(68.9006675451299,9.46484085017649,38.8069320929079));
#1243=CARTESIAN_POINT('',(57.392063894628,9.46484085017649,45.4514458460471));
#1244=CARTESIAN_POINT('Ctrl Pts',(68.9006675451299,9.46484085017649,38.806932092908));
#1245=CARTESIAN_POINT('Ctrl Pts',(68.9006675451299,8.86693886109447,38.806932092908));
#1246=CARTESIAN_POINT('Ctrl Pts',(68.8307736081296,8.27106633698412,38.8472854876171));
#1247=CARTESIAN_POINT('Ctrl Pts',(68.5224373732226,6.98386404662795,39.0253039871369));
#1248=CARTESIAN_POINT('Ctrl Pts',(68.2514760296611,6.31176119359194,39.1817440235253));
#1249=CARTESIAN_POINT('Ctrl Pts',(67.4770946414353,5.00901097618716,39.628834560353));
#1250=CARTESIAN_POINT('Ctrl Pts',(66.9525435615256,4.41059589912015,39.9316851033494));
#1251=CARTESIAN_POINT('Ctrl Pts',(65.7281138786515,3.46512018106388,40.6386118613366));
#1252=CARTESIAN_POINT('Ctrl Pts',(65.0371021121108,3.13101317168697,41.037568791803));
#1253=CARTESIAN_POINT('Ctrl Pts',(63.5850421576906,2.78472871496827,41.8759183110435));
#1254=CARTESIAN_POINT('Ctrl Pts',(62.8377179150477,2.77503793449739,42.3073873544734));
#1255=CARTESIAN_POINT('Ctrl Pts',(61.3549290937984,3.08873485126941,43.1634782422122));
#1256=CARTESIAN_POINT('Ctrl Pts',(60.6356990769855,3.42090838796909,43.5787270320318));
#1257=CARTESIAN_POINT('Ctrl Pts',(59.3798868583725,4.37045442202965,44.3037725554798));
#1258=CARTESIAN_POINT('Ctrl Pts',(58.8483237387357,4.96628226079273,44.610671512673));
#1259=CARTESIAN_POINT('Ctrl Pts',(58.0046278571935,6.36176748229058,45.0977809013197));
#1260=CARTESIAN_POINT('Ctrl Pts',(57.7020800445254,7.14995696279499,45.2724574444786));
#1261=CARTESIAN_POINT('Ctrl Pts',(57.4404854980994,8.46995618789278,45.4234895430945));
#1262=CARTESIAN_POINT('Ctrl Pts',(57.392063894628,8.96717883149865,45.4514458460471));
#1263=CARTESIAN_POINT('Ctrl Pts',(57.392063894628,9.46484085017649,45.4514458460471));
#1264=CARTESIAN_POINT('',(68.8981675399553,9.46484085017649,38.8026019688766));
#1265=CARTESIAN_POINT('',(68.9006675451299,9.46484085017649,38.8069320929079));
#1266=CARTESIAN_POINT('',(57.3895638894534,9.46484085017649,45.4471157220157));
#1267=CARTESIAN_POINT('Ctrl Pts',(68.8981675399553,9.46484085017649,38.8026019688766));
#1268=CARTESIAN_POINT('Ctrl Pts',(68.8981675399553,8.86693886109447,38.8026019688766));
#1269=CARTESIAN_POINT('Ctrl Pts',(68.828273602955,8.27106633698412,38.8429553635857));
#1270=CARTESIAN_POINT('Ctrl Pts',(68.5199373680479,6.98386404662795,39.0209738631056));
#1271=CARTESIAN_POINT('Ctrl Pts',(68.2489760244864,6.31176119359194,39.1774138994939));
#1272=CARTESIAN_POINT('Ctrl Pts',(67.4745946362607,5.00901097618716,39.6245044363217));
#1273=CARTESIAN_POINT('Ctrl Pts',(66.950043556351,4.41059589912015,39.927354979318));
#1274=CARTESIAN_POINT('Ctrl Pts',(65.7256138734768,3.46512018106388,40.6342817373052));
#1275=CARTESIAN_POINT('Ctrl Pts',(65.0346021069362,3.13101317168697,41.0332386677716));
#1276=CARTESIAN_POINT('Ctrl Pts',(63.582542152516,2.78472871496827,41.8715881870121));
#1277=CARTESIAN_POINT('Ctrl Pts',(62.8352179098731,2.77503793449739,42.3030572304421));
#1278=CARTESIAN_POINT('Ctrl Pts',(61.3524290886238,3.08873485126941,43.1591481181809));
#1279=CARTESIAN_POINT('Ctrl Pts',(60.6331990718109,3.42090838796909,43.5743969080004));
#1280=CARTESIAN_POINT('Ctrl Pts',(59.3773868531979,4.37045442202965,44.2994424314485));
#1281=CARTESIAN_POINT('Ctrl Pts',(58.8458237335611,4.96628226079273,44.6063413886416));
#1282=CARTESIAN_POINT('Ctrl Pts',(58.0021278520189,6.36176748229058,45.0934507772884));
#1283=CARTESIAN_POINT('Ctrl Pts',(57.6995800393508,7.14995696279499,45.2681273204473));
#1284=CARTESIAN_POINT('Ctrl Pts',(57.4379854929248,8.46995618789278,45.4191594190632));
#1285=CARTESIAN_POINT('Ctrl Pts',(57.3895638894534,8.96717883149865,45.4471157220158));
#1286=CARTESIAN_POINT('Ctrl Pts',(57.3895638894534,9.46484085017649,45.4471157220158));
#1287=CARTESIAN_POINT('',(57.392063894628,9.46484085017649,45.4514458460471));
#1288=CARTESIAN_POINT('Ctrl Pts',(57.392063894628,9.46484085017649,45.4514458460471));
#1289=CARTESIAN_POINT('Ctrl Pts',(57.3895638894534,9.46484085017649,45.4471157220158));
#1290=CARTESIAN_POINT('Ctrl Pts',(57.392063894628,9.82036835343189,45.4514458460471));
#1291=CARTESIAN_POINT('Ctrl Pts',(57.3895638894534,9.82036835343189,45.4471157220158));
#1292=CARTESIAN_POINT('Ctrl Pts',(57.4167753423542,10.1761200965535,45.4371786456757));
#1293=CARTESIAN_POINT('Ctrl Pts',(57.4142753371796,10.1761200965535,45.4328485216444));
#1294=CARTESIAN_POINT('Ctrl Pts',(57.5888088916902,11.4008682856991,45.3378547555429));
#1295=CARTESIAN_POINT('Ctrl Pts',(57.5863088865156,11.4008682856991,45.3335246315116));
#1296=CARTESIAN_POINT('Ctrl Pts',(57.86078498546,12.2361774570029,45.1808288512318));
#1297=CARTESIAN_POINT('Ctrl Pts',(57.8582849802854,12.2361774570029,45.1764987272004));
#1298=CARTESIAN_POINT('Ctrl Pts',(58.657079157966,13.7078461361688,44.7210869275858));
#1299=CARTESIAN_POINT('Ctrl Pts',(58.6545791527914,13.7078461361688,44.7167568035545));
#1300=CARTESIAN_POINT('Ctrl Pts',(59.1645389331923,14.336674947021,44.4281040811821));
#1301=CARTESIAN_POINT('Ctrl Pts',(59.1620389280177,14.336674947021,44.4237739571508));
#1302=CARTESIAN_POINT('Ctrl Pts',(60.357499386765,15.3389078134995,43.7393461413456));
#1303=CARTESIAN_POINT('Ctrl Pts',(60.3549993815904,15.3389078134995,43.7350160173142));
#1304=CARTESIAN_POINT('Ctrl Pts',(61.0319842942935,15.7029675125535,43.3499310237121));
#1305=CARTESIAN_POINT('Ctrl Pts',(61.0294842891188,15.7029675125535,43.3456008996807));
#1306=CARTESIAN_POINT('Ctrl Pts',(62.4695096513937,16.1189426318815,42.5199730813059));
#1307=CARTESIAN_POINT('Ctrl Pts',(62.467009646219,16.1189426318815,42.5156429572746));
#1308=CARTESIAN_POINT('Ctrl Pts',(63.2197213091223,16.1641499300437,42.086836983363));
#1309=CARTESIAN_POINT('Ctrl Pts',(63.2172213039477,16.1641499300437,42.0825068593317));
#1310=CARTESIAN_POINT('Ctrl Pts',(64.7125278537882,15.919010019041,41.224962344351));
#1311=CARTESIAN_POINT('Ctrl Pts',(64.7100278486135,15.919010019041,41.2206322203197));
#1312=CARTESIAN_POINT('Ctrl Pts',(65.4395966132922,15.622348654735,40.8051878418739));
#1313=CARTESIAN_POINT('Ctrl Pts',(65.4370966081176,15.622348654735,40.8008577178425));
#1314=CARTESIAN_POINT('Ctrl Pts',(66.4155802583074,14.9497758053097,40.2417018665914));
#1315=CARTESIAN_POINT('Ctrl Pts',(66.4130802531328,14.9497758053097,40.2373717425601));
#1316=CARTESIAN_POINT('Ctrl Pts',(66.7165308814273,14.6936157447752,40.0679474637931));
#1317=CARTESIAN_POINT('Ctrl Pts',(66.7140308762527,14.6936157447752,40.0636173397617));
#1318=CARTESIAN_POINT('Ctrl Pts',(67.5310514510794,13.8478973144266,39.597682495807));
#1319=CARTESIAN_POINT('Ctrl Pts',(67.5285514459048,13.8478973144266,39.5933523717756));
#1320=CARTESIAN_POINT('Ctrl Pts',(67.9724862312317,13.1783140020461,39.3428193032851));
#1321=CARTESIAN_POINT('Ctrl Pts',(67.9699862260571,13.1783140020461,39.3384891792537));
#1322=CARTESIAN_POINT('Ctrl Pts',(68.6353479189573,11.6446655487651,38.9601148732537));
#1323=CARTESIAN_POINT('Ctrl Pts',(68.6328479137827,11.6446655487651,38.9557847492224));
#1324=CARTESIAN_POINT('Ctrl Pts',(68.8368269189722,10.7871119281411,38.8437905973274));
#1325=CARTESIAN_POINT('Ctrl Pts',(68.8343269137975,10.7871119281411,38.8394604732961));
#1326=CARTESIAN_POINT('Ctrl Pts',(68.8877859240177,9.90918867179782,38.8143693208499));
#1327=CARTESIAN_POINT('Ctrl Pts',(68.8852859188431,9.90918867179782,38.8100391968186));
#1328=CARTESIAN_POINT('Ctrl Pts',(68.8963809616995,9.76111310668005,38.8094069598355));
#1329=CARTESIAN_POINT('Ctrl Pts',(68.8938809565249,9.76111310668005,38.8050768358042));
#1330=CARTESIAN_POINT('Ctrl Pts',(68.9006675451299,9.61291474144312,38.806932092908));
#1331=CARTESIAN_POINT('Ctrl Pts',(68.8981675399553,9.61291474144312,38.8026019688766));
#1332=CARTESIAN_POINT('Ctrl Pts',(68.9006675451299,9.46484085017649,38.806932092908));
#1333=CARTESIAN_POINT('Ctrl Pts',(68.8981675399553,9.46484085017649,38.8026019688766));
#1334=CARTESIAN_POINT('Ctrl Pts',(57.392063894628,9.46484085017649,45.4514458460471));
#1335=CARTESIAN_POINT('Ctrl Pts',(57.392063894628,9.82036835343189,45.4514458460471));
#1336=CARTESIAN_POINT('Ctrl Pts',(57.4167753423542,10.1761200965535,45.4371786456757));
#1337=CARTESIAN_POINT('Ctrl Pts',(57.5888088916902,11.4008682856991,45.3378547555429));
#1338=CARTESIAN_POINT('Ctrl Pts',(57.86078498546,12.2361774570029,45.1808288512318));
#1339=CARTESIAN_POINT('Ctrl Pts',(58.657079157966,13.7078461361688,44.7210869275858));
#1340=CARTESIAN_POINT('Ctrl Pts',(59.1645389331923,14.336674947021,44.4281040811821));
#1341=CARTESIAN_POINT('Ctrl Pts',(60.357499386765,15.3389078134995,43.7393461413456));
#1342=CARTESIAN_POINT('Ctrl Pts',(61.0319842942935,15.7029675125535,43.3499310237121));
#1343=CARTESIAN_POINT('Ctrl Pts',(62.4695096513937,16.1189426318815,42.5199730813059));
#1344=CARTESIAN_POINT('Ctrl Pts',(63.2197213091223,16.1641499300437,42.086836983363));
#1345=CARTESIAN_POINT('Ctrl Pts',(64.7125278537882,15.919010019041,41.224962344351));
#1346=CARTESIAN_POINT('Ctrl Pts',(65.4395966132922,15.622348654735,40.8051878418739));
#1347=CARTESIAN_POINT('Ctrl Pts',(66.4155802583074,14.9497758053097,40.2417018665914));
#1348=CARTESIAN_POINT('Ctrl Pts',(66.7165308814273,14.6936157447752,40.0679474637931));
#1349=CARTESIAN_POINT('Ctrl Pts',(67.5310514510794,13.8478973144266,39.597682495807));
#1350=CARTESIAN_POINT('Ctrl Pts',(67.9724862312317,13.1783140020461,39.3428193032851));
#1351=CARTESIAN_POINT('Ctrl Pts',(68.6353479189573,11.6446655487651,38.9601148732537));
#1352=CARTESIAN_POINT('Ctrl Pts',(68.8368269189722,10.7871119281411,38.8437905973274));
#1353=CARTESIAN_POINT('Ctrl Pts',(68.8877859240177,9.90918867179782,38.8143693208499));
#1354=CARTESIAN_POINT('Ctrl Pts',(68.8963809616995,9.76111310668005,38.8094069598355));
#1355=CARTESIAN_POINT('Ctrl Pts',(68.9006675451299,9.61291474144312,38.806932092908));
#1356=CARTESIAN_POINT('Ctrl Pts',(68.9006675451299,9.46484085017649,38.806932092908));
#1357=CARTESIAN_POINT('Ctrl Pts',(57.3895638894534,9.46484085017649,45.4471157220158));
#1358=CARTESIAN_POINT('Ctrl Pts',(57.3895638894534,9.82036835343189,45.4471157220158));
#1359=CARTESIAN_POINT('Ctrl Pts',(57.4142753371796,10.1761200965535,45.4328485216444));
#1360=CARTESIAN_POINT('Ctrl Pts',(57.5863088865156,11.4008682856991,45.3335246315116));
#1361=CARTESIAN_POINT('Ctrl Pts',(57.8582849802854,12.2361774570029,45.1764987272004));
#1362=CARTESIAN_POINT('Ctrl Pts',(58.6545791527914,13.7078461361688,44.7167568035545));
#1363=CARTESIAN_POINT('Ctrl Pts',(59.1620389280177,14.336674947021,44.4237739571508));
#1364=CARTESIAN_POINT('Ctrl Pts',(60.3549993815904,15.3389078134995,43.7350160173142));
#1365=CARTESIAN_POINT('Ctrl Pts',(61.0294842891188,15.7029675125535,43.3456008996807));
#1366=CARTESIAN_POINT('Ctrl Pts',(62.467009646219,16.1189426318815,42.5156429572746));
#1367=CARTESIAN_POINT('Ctrl Pts',(63.2172213039477,16.1641499300437,42.0825068593317));
#1368=CARTESIAN_POINT('Ctrl Pts',(64.7100278486135,15.919010019041,41.2206322203197));
#1369=CARTESIAN_POINT('Ctrl Pts',(65.4370966081176,15.622348654735,40.8008577178425));
#1370=CARTESIAN_POINT('Ctrl Pts',(66.4130802531328,14.9497758053097,40.2373717425601));
#1371=CARTESIAN_POINT('Ctrl Pts',(66.7140308762527,14.6936157447752,40.0636173397617));
#1372=CARTESIAN_POINT('Ctrl Pts',(67.5285514459048,13.8478973144266,39.5933523717756));
#1373=CARTESIAN_POINT('Ctrl Pts',(67.9699862260571,13.1783140020461,39.3384891792537));
#1374=CARTESIAN_POINT('Ctrl Pts',(68.6328479137827,11.6446655487651,38.9557847492224));
#1375=CARTESIAN_POINT('Ctrl Pts',(68.8343269137975,10.7871119281411,38.8394604732961));
#1376=CARTESIAN_POINT('Ctrl Pts',(68.8852859188431,9.90918867179782,38.8100391968186));
#1377=CARTESIAN_POINT('Ctrl Pts',(68.8938809565249,9.76111310668005,38.8050768358042));
#1378=CARTESIAN_POINT('Ctrl Pts',(68.8981675399553,9.61291474144312,38.8026019688766));
#1379=CARTESIAN_POINT('Ctrl Pts',(68.8981675399553,9.46484085017649,38.8026019688766));
#1380=CARTESIAN_POINT('Origin',(63.1438657147043,9.46484085017649,42.1248588454462));
#1381=CARTESIAN_POINT('',(67.907002149181,9.46484085017649,39.3748531533501));
#1382=CARTESIAN_POINT('Origin',(63.1438657147043,9.46484085017649,42.1248588454462));
#1383=CARTESIAN_POINT('Origin',(30.3612481276298,9.47237205785681,47.9050702825119));
#1384=CARTESIAN_POINT('',(36.9191525733729,9.46484085017649,49.0614057732044));
#1385=CARTESIAN_POINT('Ctrl Pts',(36.9191525733729,9.46484085017649,49.0614057732044));
#1386=CARTESIAN_POINT('Ctrl Pts',(36.9191525733729,9.42806206085457,49.0614057732044));
#1387=CARTESIAN_POINT('Ctrl Pts',(36.9188518445532,9.39127601358957,49.0613527465995));
#1388=CARTESIAN_POINT('Ctrl Pts',(36.904070126251,8.48765490622953,49.0587463308416));
#1389=CARTESIAN_POINT('Ctrl Pts',(36.7229519900219,7.63196215627389,49.0268103167285));
#1390=CARTESIAN_POINT('Ctrl Pts',(36.0425253129572,6.02828946366462,48.9068327351682));
#1391=CARTESIAN_POINT('Ctrl Pts',(35.5454652777531,5.29783983926579,48.8191876399302));
#1392=CARTESIAN_POINT('Ctrl Pts',(34.329408780926,4.10453251513632,48.6047640694738));
#1393=CARTESIAN_POINT('Ctrl Pts',(33.6328276650635,3.64142653701677,48.481938024496));
#1394=CARTESIAN_POINT('Ctrl Pts',(32.0686648983931,2.98655038537995,48.2061339265124));
#1395=CARTESIAN_POINT('Ctrl Pts',(31.2097243125236,2.81604794668028,48.0546795263973));
#1396=CARTESIAN_POINT('Ctrl Pts',(29.4911358665509,2.82472363067461,47.7516460146385));
#1397=CARTESIAN_POINT('Ctrl Pts',(28.648174482608,2.99792622260727,47.603009178955));
#1398=CARTESIAN_POINT('Ctrl Pts',(27.0623674725559,3.66800553841136,47.3233886168862));
#1399=CARTESIAN_POINT('Ctrl Pts',(26.3370070636947,4.16344673863115,47.1954880060652));
#1400=CARTESIAN_POINT('Ctrl Pts',(25.1475296159774,5.38228526918338,46.9857510390884));
#1401=CARTESIAN_POINT('Ctrl Pts',(24.6831917349319,6.08270933838322,46.9038757424943));
#1402=CARTESIAN_POINT('Ctrl Pts',(24.0183323739184,7.66136294802576,46.786643098771));
#1403=CARTESIAN_POINT('Ctrl Pts',(23.8392351126857,8.53128690986777,46.7550634194455));
#1404=CARTESIAN_POINT('Ctrl Pts',(23.8254083373656,10.2744344622929,46.7526253859004));
#1405=CARTESIAN_POINT('Ctrl Pts',(23.9842524177325,11.1306864808327,46.780633882994));
#1406=CARTESIAN_POINT('Ctrl Pts',(24.6213788184984,12.7484042805623,46.8929764575707));
#1407=CARTESIAN_POINT('Ctrl Pts',(25.0992427545926,13.4918480829958,46.9772367626126));
#1408=CARTESIAN_POINT('Ctrl Pts',(26.2822270084553,14.7156624957093,47.1858288043218));
#1409=CARTESIAN_POINT('Ctrl Pts',(26.9643958038451,15.1963049482118,47.3061135683468));
#1410=CARTESIAN_POINT('Ctrl Pts',(28.5082547806768,15.8935643781636,47.5783375603712));
#1411=CARTESIAN_POINT('Ctrl Pts',(29.3622815457543,16.0879168016526,47.7289255213013));
#1412=CARTESIAN_POINT('Ctrl Pts',(31.0764157794958,16.1269895591776,48.031173635266));
#1413=CARTESIAN_POINT('Ctrl Pts',(31.9197616806035,15.9788306964193,48.1798782717018));
#1414=CARTESIAN_POINT('Ctrl Pts',(33.5205866027716,15.357545054731,48.4621468968705));
#1415=CARTESIAN_POINT('Ctrl Pts',(34.2600578180072,14.8837219936266,48.5925356235731));
#1416=CARTESIAN_POINT('Ctrl Pts',(35.4827182729224,13.7019051295234,48.8081236500199));
#1417=CARTESIAN_POINT('Ctrl Pts',(35.9660806916117,13.0174633925289,48.8933534855977));
#1418=CARTESIAN_POINT('Ctrl Pts',(36.3119510110848,12.2600910340477,48.954339754747));
#1419=CARTESIAN_POINT('Ctrl Pts',(36.5207772149123,11.8028121477111,48.9911614487607));
#1420=CARTESIAN_POINT('Ctrl Pts',(36.6776836356871,11.3228857851238,49.0188282844874));
#1421=CARTESIAN_POINT('Ctrl Pts',(36.8724188617191,10.3806796335316,49.0531653589312));
#1422=CARTESIAN_POINT('Ctrl Pts',(36.9191525733729,9.92332418563712,49.0614057732044));
#1423=CARTESIAN_POINT('Ctrl Pts',(36.9191525733729,9.46484085017649,49.0614057732044));
#1424=CARTESIAN_POINT('',(24.9591548169161,9.46484085017649,46.9525354795284));
#1425=CARTESIAN_POINT('Origin',(30.3755974584833,9.46484085017649,47.9076004566965));
#1426=CARTESIAN_POINT('Origin',(1.55784269596819,9.46484085017649,31.2691797495764));
#1427=CARTESIAN_POINT('',(0.410303515227827,3.06466520866577,29.9015958082848));
#1428=CARTESIAN_POINT('',(-2.71315957659402,9.46484085017649,26.1791974472724));
#1429=CARTESIAN_POINT('Ctrl Pts',(0.410303515227005,3.06466520866577,29.9015958082855));
#1430=CARTESIAN_POINT('Ctrl Pts',(-0.0118052863085927,3.24783972120337,
29.3985461275898));
#1431=CARTESIAN_POINT('Ctrl Pts',(-0.414054065998285,3.53133719303644,28.919164699278));
#1432=CARTESIAN_POINT('Ctrl Pts',(-1.23778451795705,4.37051091479915,27.9374809738269));
#1433=CARTESIAN_POINT('Ctrl Pts',(-1.63231935922946,4.96634483965262,27.4672926593369));
#1434=CARTESIAN_POINT('Ctrl Pts',(-2.25852256149414,6.36184126097183,26.721012743344));
#1435=CARTESIAN_POINT('Ctrl Pts',(-2.48307599240549,7.15003662209071,26.453400385326));
#1436=CARTESIAN_POINT('Ctrl Pts',(-2.67722385998001,8.47001327780023,26.2220239666496));
#1437=CARTESIAN_POINT('Ctrl Pts',(-2.71315957659403,8.96720748826365,26.1791974472724));
#1438=CARTESIAN_POINT('Ctrl Pts',(-2.71315957659403,9.46484085017649,26.1791974472724));
#1439=CARTESIAN_POINT('',(2.70538187671026,3.0646652086658,32.6367636908667));
#1440=CARTESIAN_POINT('Ctrl Pts',(2.70538187670943,3.0646652086658,32.6367636908674));
#1441=CARTESIAN_POINT('Ctrl Pts',(2.61173858422764,3.02402861357381,32.5251639606299));
#1442=CARTESIAN_POINT('Ctrl Pts',(2.51710491113551,2.98832330658065,32.4123839407418));
#1443=CARTESIAN_POINT('Ctrl Pts',(1.88338443879567,2.78472223301676,31.6571452911303));
#1444=CARTESIAN_POINT('Ctrl Pts',(1.32870027409884,2.77504266348023,30.9960984450979));
#1445=CARTESIAN_POINT('Ctrl Pts',(0.660684683512772,2.96546224774387,30.199988465108));
#1446=CARTESIAN_POINT('Ctrl Pts',(0.534632705081265,3.01071243946764,30.0497655669586));
#1447=CARTESIAN_POINT('Ctrl Pts',(0.410303515227004,3.06466520866577,29.9015958082855));
#1448=CARTESIAN_POINT('',(5.82884496853039,9.46484085017649,36.3591620518805));
#1449=CARTESIAN_POINT('Ctrl Pts',(5.82884496853039,9.46484085017649,36.3591620518805));
#1450=CARTESIAN_POINT('Ctrl Pts',(5.82884496853039,8.86690839688041,36.3591620518805));
#1451=CARTESIAN_POINT('Ctrl Pts',(5.77696246495421,8.27100588830703,36.2973308918508));
#1452=CARTESIAN_POINT('Ctrl Pts',(5.54809038059948,6.98377988574463,36.0245717630765));
#1453=CARTESIAN_POINT('Ctrl Pts',(5.34696971592057,6.31168189398486,35.7848854884005));
#1454=CARTESIAN_POINT('Ctrl Pts',(4.77219221580416,5.00894590831725,35.0998923376944));
#1455=CARTESIAN_POINT('Ctrl Pts',(4.38285189253879,4.41054014701658,34.6358946087011));
#1456=CARTESIAN_POINT('Ctrl Pts',(3.55507210904437,3.54938280792658,33.6493850778448));
#1457=CARTESIAN_POINT('Ctrl Pts',(3.14094098519849,3.2536764945915,33.1558428231964));
#1458=CARTESIAN_POINT('Ctrl Pts',(2.70538187670943,3.0646652086658,32.6367636908674));
#1459=CARTESIAN_POINT('',(2.70538187671021,15.8650164916872,32.6367636908667));
#1460=CARTESIAN_POINT('Ctrl Pts',(2.70538187670939,15.8650164916872,32.6367636908674));
#1461=CARTESIAN_POINT('Ctrl Pts',(3.0699680104167,15.7068039951061,33.0712605255231));
#1462=CARTESIAN_POINT('Ctrl Pts',(3.42023028876523,15.4735371464183,33.4886868540952));
#1463=CARTESIAN_POINT('Ctrl Pts',(3.98438683315741,14.9497302627097,34.1610224426601));
#1464=CARTESIAN_POINT('Ctrl Pts',(4.20775859487763,14.6935661884838,34.4272265421743));
#1465=CARTESIAN_POINT('Ctrl Pts',(4.81231174384021,13.8478366065131,35.1477049293646));
#1466=CARTESIAN_POINT('Ctrl Pts',(5.13995175222111,13.178247080156,35.5381710864301));
#1467=CARTESIAN_POINT('Ctrl Pts',(5.63193501630499,11.6445869021032,36.1244939088983));
#1468=CARTESIAN_POINT('Ctrl Pts',(5.78147181816297,10.7870276637776,36.3027049297376));
#1469=CARTESIAN_POINT('Ctrl Pts',(5.81928765179006,9.90910093822245,36.3477720853196));
#1470=CARTESIAN_POINT('Ctrl Pts',(5.82566460484087,9.7610545519885,36.3553718420277));
#1471=CARTESIAN_POINT('Ctrl Pts',(5.82884496853039,9.61288548032654,36.3591620518805));
#1472=CARTESIAN_POINT('Ctrl Pts',(5.82884496853039,9.46484085017649,36.3591620518805));
#1473=CARTESIAN_POINT('',(0.410303515227795,15.8650164916872,29.9015958082848));
#1474=CARTESIAN_POINT('Ctrl Pts',(0.410303515226971,15.8650164916872,29.9015958082854));
#1475=CARTESIAN_POINT('Ctrl Pts',(0.446611938498508,15.8807725662101,29.9448665021607));
#1476=CARTESIAN_POINT('Ctrl Pts',(0.483074269184487,15.8957894600673,29.9883206157501));
#1477=CARTESIAN_POINT('Ctrl Pts',(1.05551294035935,16.118951850282,30.6705264586626));
#1478=CARTESIAN_POINT('Ctrl Pts',(1.61234011928307,16.1641487249436,31.3341272495514));
#1479=CARTESIAN_POINT('Ctrl Pts',(2.34398523692839,16.002262505671,32.2060679470093));
#1480=CARTESIAN_POINT('Ctrl Pts',(2.52640926209223,15.942681826598,32.4234724344214));
#1481=CARTESIAN_POINT('Ctrl Pts',(2.70538187670939,15.8650164916872,32.6367636908674));
#1482=CARTESIAN_POINT('Ctrl Pts',(-2.71315957659403,9.46484085017649,26.1791974472724));
#1483=CARTESIAN_POINT('Ctrl Pts',(-2.71315957659403,9.82039560835212,26.1791974472724));
#1484=CARTESIAN_POINT('Ctrl Pts',(-2.69481524296586,10.176174552448,26.2010593727775));
#1485=CARTESIAN_POINT('Ctrl Pts',(-2.56711453220541,11.4009485307489,26.3532471536031));
#1486=CARTESIAN_POINT('Ctrl Pts',(-2.3652393008192,12.2362549032365,26.5938326858634));
#1487=CARTESIAN_POINT('Ctrl Pts',(-1.77419604126645,13.7079105101989,27.298210613814));
#1488=CARTESIAN_POINT('Ctrl Pts',(-1.39754158315169,14.336730128526,27.7470899174389));
#1489=CARTESIAN_POINT('Ctrl Pts',(-0.54260343119811,15.3044050430431,28.7659655314754));
#1490=CARTESIAN_POINT('Ctrl Pts',(-0.0801946002619568,15.6521643718583,
29.3170429169908));
#1491=CARTESIAN_POINT('Ctrl Pts',(0.410303515226969,15.8650164916872,29.9015958082854));
#1492=CARTESIAN_POINT('',(-1.97748915730778,9.46484085017649,27.055935312422));
#1493=CARTESIAN_POINT('Origin',(1.55784269596819,9.46484085017649,31.2691797495764));
#1494=CARTESIAN_POINT('Origin',(-9.82300031292439,9.46484085017649,3.04328786132204E-15));
#1495=CARTESIAN_POINT('',(-9.82300031292439,9.46484085017649,6.6445));
#1496=CARTESIAN_POINT('',(-9.82300031292439,9.46484085017649,-6.6445));
#1497=CARTESIAN_POINT('Ctrl Pts',(-9.82300031292439,9.46484085017649,6.6445));
#1498=CARTESIAN_POINT('Ctrl Pts',(-9.82300031292439,9.38350326129452,6.6445));
#1499=CARTESIAN_POINT('Ctrl Pts',(-9.82300031292306,9.30213982508669,6.64300648058498));
#1500=CARTESIAN_POINT('Ctrl Pts',(-9.82300031292306,8.35150150638991,6.60806642065863));
#1501=CARTESIAN_POINT('Ctrl Pts',(-9.82300031292439,7.4968866036248,6.40571794553416));
#1502=CARTESIAN_POINT('Ctrl Pts',(-9.82300031292439,5.89713852060795,5.67544013529526));
#1503=CARTESIAN_POINT('Ctrl Pts',(-9.82300031292439,5.17090649215444,5.14793632154933));
#1504=CARTESIAN_POINT('Ctrl Pts',(-9.82300031292439,4.00178641867451,3.87431627570765));
#1505=CARTESIAN_POINT('Ctrl Pts',(-9.82300031292439,3.55614045831487,3.15318093438689));
#1506=CARTESIAN_POINT('Ctrl Pts',(-9.82300031292439,2.94186391779621,1.54285790418105));
#1507=CARTESIAN_POINT('Ctrl Pts',(-9.82300031292528,2.79475212716098,0.662989441816743));
#1508=CARTESIAN_POINT('Ctrl Pts',(-9.82300031292528,2.85274176535211,-1.08867092833754));
#1509=CARTESIAN_POINT('Ctrl Pts',(-9.82300031292447,3.05172843916003,-1.94346286339854));
#1510=CARTESIAN_POINT('Ctrl Pts',(-9.82300031292447,3.77173280944336,-3.53714395218883));
#1511=CARTESIAN_POINT('Ctrl Pts',(-9.82300031292439,4.28938257958062,-4.25881417665611));
#1512=CARTESIAN_POINT('Ctrl Pts',(-9.82300031292439,5.54636463810331,-5.43136000678664));
#1513=CARTESIAN_POINT('Ctrl Pts',(-9.82300031292439,6.26323397081362,-5.88250293139928));
#1514=CARTESIAN_POINT('Ctrl Pts',(-9.82300031292439,7.81663711190196,-6.48992528437104));
#1515=CARTESIAN_POINT('Ctrl Pts',(-9.82300031292439,8.63739017514686,-6.6445));
#1516=CARTESIAN_POINT('Ctrl Pts',(-9.82300031292439,9.46484085017649,-6.6445));
#1517=CARTESIAN_POINT('Ctrl Pts',(-9.82300031292439,9.46484085017649,-6.6445));
#1518=CARTESIAN_POINT('Ctrl Pts',(-9.82300031292439,9.52190665624482,-6.6445));
#1519=CARTESIAN_POINT('Ctrl Pts',(-9.82300031292393,9.57900431804992,-6.64376484464382));
#1520=CARTESIAN_POINT('Ctrl Pts',(-9.82300031292393,10.5041717402009,-6.61990835177614));
#1521=CARTESIAN_POINT('Ctrl Pts',(-9.82300031292421,11.3594764341174,-6.42757740435223));
#1522=CARTESIAN_POINT('Ctrl Pts',(-9.82300031292421,12.9577088153671,-5.72036267656785));
#1523=CARTESIAN_POINT('Ctrl Pts',(-9.82300031292439,13.6832857904955,-5.20839687996428));
#1524=CARTESIAN_POINT('Ctrl Pts',(-9.82300031292439,14.8650330864876,-3.96117161600965));
#1525=CARTESIAN_POINT('Ctrl Pts',(-9.82300031292466,15.3214714885084,-3.24851263299796));
#1526=CARTESIAN_POINT('Ctrl Pts',(-9.82300031292466,15.9603596652365,-1.65287718733278));
#1527=CARTESIAN_POINT('Ctrl Pts',(-9.82300031292447,16.1219327200682,-0.779034985751779));
#1528=CARTESIAN_POINT('Ctrl Pts',(-9.82300031292447,16.0954197460342,0.967458130109513));
#1529=CARTESIAN_POINT('Ctrl Pts',(-9.82300031292487,15.912832451644,1.82317197080085));
#1530=CARTESIAN_POINT('Ctrl Pts',(-9.82300031292487,15.2244929434578,3.4276482046373));
#1531=CARTESIAN_POINT('Ctrl Pts',(-9.82300031292439,14.7209157970243,4.1588508753635));
#1532=CARTESIAN_POINT('Ctrl Pts',(-9.82300031292439,13.4880872875765,5.35395248268303));
#1533=CARTESIAN_POINT('Ctrl Pts',(-9.82300031292439,12.7816237259328,5.81809852425771));
#1534=CARTESIAN_POINT('Ctrl Pts',(-9.82300031292439,12.0075809165263,6.13871755377124));
#1535=CARTESIAN_POINT('Ctrl Pts',(-9.82300031292439,11.5628943754206,6.32291275010202));
#1536=CARTESIAN_POINT('Ctrl Pts',(-9.82300031292439,11.0995068417293,6.45824444692615));
#1537=CARTESIAN_POINT('Ctrl Pts',(-9.82300031292439,10.2422537166478,6.61033858070487));
#1538=CARTESIAN_POINT('Ctrl Pts',(-9.82300031292439,9.85384288501192,6.6445));
#1539=CARTESIAN_POINT('Ctrl Pts',(-9.82300031292439,9.46484085017649,6.6445));
#1540=CARTESIAN_POINT('',(-9.82300031292439,9.46484085017649,5.5));
#1541=CARTESIAN_POINT('Origin',(-9.82300031292439,9.46484085017649,3.32084361747833E-15));
#1542=CARTESIAN_POINT('Origin',(79.3717603773612,9.46484085017649,34.0244498773397));
#1543=CARTESIAN_POINT('',(77.1220037434584,9.46484085017649,36.7056054282561));
#1544=CARTESIAN_POINT('Origin',(79.3717603773612,9.46484085017649,34.0244498773397));
#1545=CARTESIAN_POINT('',(79.3717603773612,11.2148408501765,34.0244498773397));
#1546=CARTESIAN_POINT('Origin',(79.3717603773612,9.46484085017649,34.0244498773397));
#1547=CARTESIAN_POINT('Origin',(48.014633143082,9.46484085017649,52.1283419369567));
#1548=CARTESIAN_POINT('',(44.5678060075393,9.46484085017649,52.736110558791));
#1549=CARTESIAN_POINT('Origin',(48.014633143082,9.46484085017649,52.1283419369567));
#1550=CARTESIAN_POINT('',(48.014633143082,11.2148408501765,52.1283419369567));
#1551=CARTESIAN_POINT('Origin',(48.014633143082,9.46484085017649,52.1283419369567));
#1552=CARTESIAN_POINT('Origin',(12.3568622242795,9.46484085017649,45.8406953076659));
#1553=CARTESIAN_POINT('',(9.32577331103394,9.46484085017649,44.0906953076659));
#1554=CARTESIAN_POINT('Origin',(12.3568622242795,9.46484085017649,45.8406953076659));
#1555=CARTESIAN_POINT('',(12.3568622242795,7.71484085017649,45.8406953076659));
#1556=CARTESIAN_POINT('Origin',(12.3568622242795,9.46484085017649,45.8406953076659));
#1557=CARTESIAN_POINT('Origin',(-10.917222303611,9.46484085017648,18.1039603642983));
#1558=CARTESIAN_POINT('',(-9.72015180197116,9.46484085017648,21.392884537049));
#1559=CARTESIAN_POINT('Origin',(-10.917222303611,9.46484085017648,18.1039603642983));
#1560=CARTESIAN_POINT('',(-10.917222303611,7.71484085017649,18.1039603642983));
#1561=CARTESIAN_POINT('Origin',(-10.917222303611,9.46484085017649,18.1039603642983));
#1562=CARTESIAN_POINT('Origin',(-10.9175049096563,9.46484085017649,-18.1040632244868));
#1563=CARTESIAN_POINT('',(-9.72043440801647,9.46484085017649,-21.3929873972375));
#1564=CARTESIAN_POINT('Origin',(-10.9175049096563,9.46484085017649,-18.1040632244868));
#1565=CARTESIAN_POINT('',(-10.9175049096563,11.2148408501765,-18.1040632244868));
#1566=CARTESIAN_POINT('Origin',(-10.9175049096563,9.46484085017649,-18.1040632244868));
#1567=CARTESIAN_POINT('Origin',(-16.809377641984,9.46484085017649,-20.2485295231387));
#1568=CARTESIAN_POINT('',(-12.3507447329294,9.46484085017649,-22.3503420623888));
#1569=CARTESIAN_POINT('Ctrl Pts',(-12.3507447329294,9.46484085017649,-22.3503420623888));
#1570=CARTESIAN_POINT('Ctrl Pts',(-12.3507447329294,9.0252493174898,-22.3503420623888));
#1571=CARTESIAN_POINT('Ctrl Pts',(-12.3861904556598,8.55643568604695,-22.2697274951705));
#1572=CARTESIAN_POINT('Ctrl Pts',(-12.5278383862126,7.69414214084031,-21.941133671985));
#1573=CARTESIAN_POINT('Ctrl Pts',(-12.633757438138,7.30065244367101,-21.693058096825));
#1574=CARTESIAN_POINT('Ctrl Pts',(-12.8721821475653,6.6792819506491,-21.1185889270238));
#1575=CARTESIAN_POINT('Ctrl Pts',(-13.0205506638696,6.40994059008148,-20.7538475837846));
#1576=CARTESIAN_POINT('Ctrl Pts',(-13.3349156893923,6.05271685334007,-19.9506332206496));
#1577=CARTESIAN_POINT('Ctrl Pts',(-13.5006379087594,5.96484085017649,-19.5120500410281));
#1578=CARTESIAN_POINT('Ctrl Pts',(-13.8013360697313,5.96484085017649,-18.6858886336865));
#1579=CARTESIAN_POINT('Ctrl Pts',(-13.9563013181613,6.05271685334007,-18.243390236833));
#1580=CARTESIAN_POINT('Ctrl Pts',(-14.2317799777942,6.40994059008149,-17.4260223939953));
#1581=CARTESIAN_POINT('Ctrl Pts',(-14.3525743165201,6.6792819506491,-17.0512448708832));
#1582=CARTESIAN_POINT('Ctrl Pts',(-14.5391920572562,7.30065244367101,-16.4579195065508));
#1583=CARTESIAN_POINT('Ctrl Pts',(-14.617513262087,7.69414214084031,-16.1997991365186));
#1584=CARTESIAN_POINT('Ctrl Pts',(-14.7202206901709,8.55643568604695,-15.857032129527));
#1585=CARTESIAN_POINT('Ctrl Pts',(-14.744885736209,9.0252493174898,-15.7724937168875));
#1586=CARTESIAN_POINT('Ctrl Pts',(-14.744885736209,9.90443238286318,-15.7724937168875));
#1587=CARTESIAN_POINT('Ctrl Pts',(-14.7202206901709,10.373246014306,-15.857032129527));
#1588=CARTESIAN_POINT('Ctrl Pts',(-14.617513262087,11.2355395595127,-16.1997991365186));
#1589=CARTESIAN_POINT('Ctrl Pts',(-14.5391920572562,11.629029256682,-16.4579195065508));
#1590=CARTESIAN_POINT('Ctrl Pts',(-14.3525743165201,12.2503997497039,-17.0512448708832));
#1591=CARTESIAN_POINT('Ctrl Pts',(-14.2317799777942,12.5197411102715,-17.4260223939953));
#1592=CARTESIAN_POINT('Ctrl Pts',(-13.9563013181613,12.8769648470129,-18.243390236833));
#1593=CARTESIAN_POINT('Ctrl Pts',(-13.8013360697313,12.9648408501765,-18.6858886336865));
#1594=CARTESIAN_POINT('Ctrl Pts',(-13.5006379087594,12.9648408501765,-19.5120500410281));
#1595=CARTESIAN_POINT('Ctrl Pts',(-13.3349156893923,12.8769648470129,-19.9506332206496));
#1596=CARTESIAN_POINT('Ctrl Pts',(-13.0205506638696,12.5197411102715,-20.7538475837846));
#1597=CARTESIAN_POINT('Ctrl Pts',(-12.8721821475653,12.2503997497039,-21.1185889270238));
#1598=CARTESIAN_POINT('Ctrl Pts',(-12.633757438138,11.629029256682,-21.693058096825));
#1599=CARTESIAN_POINT('Ctrl Pts',(-12.5278383862126,11.2355395595127,-21.941133671985));
#1600=CARTESIAN_POINT('Ctrl Pts',(-12.3861904556598,10.373246014306,-22.2697274951705));
#1601=CARTESIAN_POINT('Ctrl Pts',(-12.3507447329294,9.90443238286319,-22.3503420623888));
#1602=CARTESIAN_POINT('Ctrl Pts',(-12.3507447329294,9.46484085017649,-22.3503420623888));
#1603=CARTESIAN_POINT('',(-15.6123071403441,9.46484085017649,-23.5374536958894));
#1604=CARTESIAN_POINT('Origin',(-15.9333015133662,9.46484085017648,19.9296638893707));
#1605=CARTESIAN_POINT('',(-14.744885736209,9.46484085017648,15.7724937168875));
#1606=CARTESIAN_POINT('',(-12.3507447329294,9.46484085017648,22.3503420623888));
#1607=CARTESIAN_POINT('Ctrl Pts',(-12.3507447329294,9.46484085017648,22.3503420623888));
#1608=CARTESIAN_POINT('Ctrl Pts',(-12.3507447329294,9.90443238286318,22.3503420623888));
#1609=CARTESIAN_POINT('Ctrl Pts',(-12.3861904556598,10.373246014306,22.2697274951705));
#1610=CARTESIAN_POINT('Ctrl Pts',(-12.5278383862126,11.2355395595127,21.941133671985));
#1611=CARTESIAN_POINT('Ctrl Pts',(-12.633757438138,11.629029256682,21.693058096825));
#1612=CARTESIAN_POINT('Ctrl Pts',(-12.8721821475653,12.2503997497039,21.1185889270238));
#1613=CARTESIAN_POINT('Ctrl Pts',(-13.0205506638696,12.5197411102715,20.7538475837846));
#1614=CARTESIAN_POINT('Ctrl Pts',(-13.3349156893922,12.8769648470129,19.9506332206496));
#1615=CARTESIAN_POINT('Ctrl Pts',(-13.5006379087594,12.9648408501765,19.5120500410281));
#1616=CARTESIAN_POINT('Ctrl Pts',(-13.8013360697313,12.9648408501765,18.6858886336865));
#1617=CARTESIAN_POINT('Ctrl Pts',(-13.9563013181613,12.8769648470129,18.243390236833));
#1618=CARTESIAN_POINT('Ctrl Pts',(-14.2317799777942,12.5197411102715,17.4260223939953));
#1619=CARTESIAN_POINT('Ctrl Pts',(-14.3525743165201,12.2503997497039,17.0512448708832));
#1620=CARTESIAN_POINT('Ctrl Pts',(-14.5391920572562,11.629029256682,16.4579195065508));
#1621=CARTESIAN_POINT('Ctrl Pts',(-14.617513262087,11.2355395595127,16.1997991365186));
#1622=CARTESIAN_POINT('Ctrl Pts',(-14.7202206901709,10.373246014306,15.857032129527));
#1623=CARTESIAN_POINT('Ctrl Pts',(-14.744885736209,9.90443238286318,15.7724937168875));
#1624=CARTESIAN_POINT('Ctrl Pts',(-14.744885736209,9.46484085017648,15.7724937168875));
#1625=CARTESIAN_POINT('Ctrl Pts',(-14.744885736209,9.46484085017648,15.7724937168875));
#1626=CARTESIAN_POINT('Ctrl Pts',(-14.744885736209,9.02524931748979,15.7724937168875));
#1627=CARTESIAN_POINT('Ctrl Pts',(-14.7202206901709,8.55643568604694,15.8570321295271));
#1628=CARTESIAN_POINT('Ctrl Pts',(-14.617513262087,7.6941421408403,16.1997991365186));
#1629=CARTESIAN_POINT('Ctrl Pts',(-14.5391920572562,7.300652443671,16.4579195065508));
#1630=CARTESIAN_POINT('Ctrl Pts',(-14.3525743165201,6.67928195064909,17.0512448708832));
#1631=CARTESIAN_POINT('Ctrl Pts',(-14.2317799777942,6.40994059008148,17.4260223939953));
#1632=CARTESIAN_POINT('Ctrl Pts',(-13.9563013181613,6.05271685334007,18.243390236833));
#1633=CARTESIAN_POINT('Ctrl Pts',(-13.8013360697313,5.96484085017648,18.6858886336865));
#1634=CARTESIAN_POINT('Ctrl Pts',(-13.5006379087594,5.96484085017648,19.5120500410281));
#1635=CARTESIAN_POINT('Ctrl Pts',(-13.3349156893923,6.05271685334007,19.9506332206496));
#1636=CARTESIAN_POINT('Ctrl Pts',(-13.0205506638696,6.40994059008148,20.7538475837846));
#1637=CARTESIAN_POINT('Ctrl Pts',(-12.8721821475653,6.67928195064909,21.1185889270238));
#1638=CARTESIAN_POINT('Ctrl Pts',(-12.633757438138,7.30065244367101,21.693058096825));
#1639=CARTESIAN_POINT('Ctrl Pts',(-12.5278383862126,7.6941421408403,21.941133671985));
#1640=CARTESIAN_POINT('Ctrl Pts',(-12.3861904556598,8.55643568604694,22.2697274951705));
#1641=CARTESIAN_POINT('Ctrl Pts',(-12.3507447329294,9.02524931748979,22.3503420623888));
#1642=CARTESIAN_POINT('Ctrl Pts',(-12.3507447329294,9.46484085017648,22.3503420623888));
#1643=CARTESIAN_POINT('',(-14.7362310117263,9.46484085017648,23.2185880621214));
#1644=CARTESIAN_POINT('Origin',(9.19986222427947,9.46484085017649,51.3087797071609));
#1645=CARTESIAN_POINT('',(7.92598233721876,9.46484085017649,46.5152043942901));
#1646=CARTESIAN_POINT('Ctrl Pts',(7.92598233721876,9.46484085017649,46.5152043942901));
#1647=CARTESIAN_POINT('Ctrl Pts',(7.92598233721876,9.02524931748979,46.5152043942901));
#1648=CARTESIAN_POINT('Ctrl Pts',(7.99921710286285,8.55643568604695,46.5641101895371));
#1649=CARTESIAN_POINT('Ctrl Pts',(8.29822194251706,7.69414214084031,46.7606658883324));
#1650=CARTESIAN_POINT('Ctrl Pts',(8.52413604192053,7.30065244367101,46.9080536634104));
#1651=CARTESIAN_POINT('Ctrl Pts',(9.04847571790443,6.6792819506491,47.2426116902259));
#1652=CARTESIAN_POINT('Ctrl Pts',(9.38191189809112,6.40994059008148,47.4520628249586));
#1653=CARTESIAN_POINT('Ctrl Pts',(10.118334716433,6.05271685334007,47.9011286498034));
#1654=CARTESIAN_POINT('Ctrl Pts',(10.521477470673,5.96484085017649,48.1404923461793));
#1655=CARTESIAN_POINT('Ctrl Pts',(11.2828719421819,5.96484085017649,48.5800836492645));
#1656=CARTESIAN_POINT('Ctrl Pts',(11.6917383611071,6.05271685334007,48.8095336676));
#1657=CARTESIAN_POINT('Ctrl Pts',(12.4488521825651,6.40994059008148,49.2227616237882));
#1658=CARTESIAN_POINT('Ctrl Pts',(12.7969602761885,6.6792819506491,49.4068002590043));
#1659=CARTESIAN_POINT('Ctrl Pts',(13.3488658644426,7.30065244367101,49.6936127252108));
#1660=CARTESIAN_POINT('Ctrl Pts',(13.5894644715692,7.69414214084031,49.8155661868282));
#1661=CARTESIAN_POINT('Ctrl Pts',(13.9091891198116,8.55643568604695,49.9762341244256));
#1662=CARTESIAN_POINT('Ctrl Pts',(13.9881601637098,9.02524931748979,50.0152043942901));
#1663=CARTESIAN_POINT('Ctrl Pts',(13.9881601637098,9.90443238286318,50.0152043942901));
#1664=CARTESIAN_POINT('Ctrl Pts',(13.9091891198116,10.373246014306,49.9762341244256));
#1665=CARTESIAN_POINT('Ctrl Pts',(13.5894644715692,11.2355395595127,49.8155661868282));
#1666=CARTESIAN_POINT('Ctrl Pts',(13.3488658644426,11.629029256682,49.6936127252108));
#1667=CARTESIAN_POINT('Ctrl Pts',(12.7969602761885,12.2503997497039,49.4068002590043));
#1668=CARTESIAN_POINT('Ctrl Pts',(12.4488521825652,12.5197411102715,49.2227616237882));
#1669=CARTESIAN_POINT('Ctrl Pts',(11.6917383611071,12.8769648470129,48.8095336676));
#1670=CARTESIAN_POINT('Ctrl Pts',(11.2828719421819,12.9648408501765,48.5800836492645));
#1671=CARTESIAN_POINT('Ctrl Pts',(10.521477470673,12.9648408501765,48.1404923461793));
#1672=CARTESIAN_POINT('Ctrl Pts',(10.118334716433,12.8769648470129,47.9011286498035));
#1673=CARTESIAN_POINT('Ctrl Pts',(9.38191189809113,12.5197411102715,47.4520628249586));
#1674=CARTESIAN_POINT('Ctrl Pts',(9.04847571790444,12.2503997497039,47.2426116902259));
#1675=CARTESIAN_POINT('Ctrl Pts',(8.52413604192053,11.629029256682,46.9080536634104));
#1676=CARTESIAN_POINT('Ctrl Pts',(8.29822194251706,11.2355395595127,46.7606658883324));
#1677=CARTESIAN_POINT('Ctrl Pts',(7.99921710286285,10.373246014306,46.5641101895371));
#1678=CARTESIAN_POINT('Ctrl Pts',(7.92598233721876,9.90443238286318,46.5152043942901));
#1679=CARTESIAN_POINT('Ctrl Pts',(7.92598233721876,9.46484085017649,46.5152043942901));
#1680=CARTESIAN_POINT('',(6.16877331103394,9.46484085017649,49.5587797071609));
#1681=CARTESIAN_POINT('Origin',(48.9148252961074,9.46484085017649,57.233585328572));
#1682=CARTESIAN_POINT('',(45.0539083571641,9.46484085017649,55.4929339766913));
#1683=CARTESIAN_POINT('Ctrl Pts',(45.0539083571641,9.46484085017649,55.4929339766913));
#1684=CARTESIAN_POINT('Ctrl Pts',(45.0539083571641,9.02524931748979,55.4929339766913));
#1685=CARTESIAN_POINT('Ctrl Pts',(45.1414454816555,8.55643568604695,55.4833235894223));
#1686=CARTESIAN_POINT('Ctrl Pts',(45.4968400453371,7.69414214084031,55.4416973840817));
#1687=CARTESIAN_POINT('Ctrl Pts',(45.7646393214468,7.30065244367101,55.4093881862139));
#1688=CARTESIAN_POINT('Ctrl Pts',(46.3813565708993,6.6792819506491,55.3286354565673));
#1689=CARTESIAN_POINT('Ctrl Pts',(46.771416098107,6.40994059008148,55.274755689189));
#1690=CARTESIAN_POINT('Ctrl Pts',(47.6242026540278,6.05271685334008,55.1453966057854));
#1691=CARTESIAN_POINT('Ctrl Pts',(48.0868879389362,5.96484085017649,55.0696246679182));
#1692=CARTESIAN_POINT('Ctrl Pts',(48.9527137858062,5.96484085017649,54.9169562105203));
#1693=CARTESIAN_POINT('Ctrl Pts',(49.4134112628302,6.05271685334008,54.8299108539377));
#1694=CARTESIAN_POINT('Ctrl Pts',(50.2590119087806,6.40994059008148,54.6597984499614));
#1695=CARTESIAN_POINT('Ctrl Pts',(50.6439759339261,6.6792819506491,54.5770206543753));
#1696=CARTESIAN_POINT('Ctrl Pts',(51.2511196425156,7.30065244367101,54.4419736764834));
#1697=CARTESIAN_POINT('Ctrl Pts',(51.5138190426132,7.69414214084031,54.3807416445058));
#1698=CARTESIAN_POINT('Ctrl Pts',(51.862017692289,8.55643568604695,54.2983053828881));
#1699=CARTESIAN_POINT('Ctrl Pts',(51.9475626282495,9.02524931748979,54.2773967330229));
#1700=CARTESIAN_POINT('Ctrl Pts',(51.9475626282495,9.90443238286318,54.2773967330229));
#1701=CARTESIAN_POINT('Ctrl Pts',(51.8620176922889,10.373246014306,54.2983053828881));
#1702=CARTESIAN_POINT('Ctrl Pts',(51.5138190426132,11.2355395595127,54.3807416445058));
#1703=CARTESIAN_POINT('Ctrl Pts',(51.2511196425156,11.629029256682,54.4419736764834));
#1704=CARTESIAN_POINT('Ctrl Pts',(50.6439759339261,12.2503997497039,54.5770206543753));
#1705=CARTESIAN_POINT('Ctrl Pts',(50.2590119087806,12.5197411102715,54.6597984499614));
#1706=CARTESIAN_POINT('Ctrl Pts',(49.4134112628302,12.8769648470129,54.8299108539377));
#1707=CARTESIAN_POINT('Ctrl Pts',(48.9527137858062,12.9648408501765,54.9169562105203));
#1708=CARTESIAN_POINT('Ctrl Pts',(48.0868879389362,12.9648408501765,55.0696246679182));
#1709=CARTESIAN_POINT('Ctrl Pts',(47.6242026540278,12.8769648470129,55.1453966057854));
#1710=CARTESIAN_POINT('Ctrl Pts',(46.771416098107,12.5197411102715,55.274755689189));
#1711=CARTESIAN_POINT('Ctrl Pts',(46.3813565708993,12.2503997497039,55.3286354565673));
#1712=CARTESIAN_POINT('Ctrl Pts',(45.7646393214468,11.629029256682,55.4093881862139));
#1713=CARTESIAN_POINT('Ctrl Pts',(45.4968400453371,11.2355395595127,55.4416973840817));
#1714=CARTESIAN_POINT('Ctrl Pts',(45.1414454816555,10.373246014306,55.4833235894223));
#1715=CARTESIAN_POINT('Ctrl Pts',(45.0539083571641,9.90443238286318,55.4929339766913));
#1716=CARTESIAN_POINT('Ctrl Pts',(45.0539083571641,9.46484085017649,55.4929339766913));
#1717=CARTESIAN_POINT('',(45.4679981605647,9.46484085017649,57.8413539504063));
#1718=CARTESIAN_POINT('Origin',(82.2865594834289,9.46484085017649,36.470256732197));
#1719=CARTESIAN_POINT('',(79.2663231079595,9.46484085017648,38.5049030161354));
#1720=CARTESIAN_POINT('Ctrl Pts',(79.2663231079595,9.46484085017648,38.5049030161354));
#1721=CARTESIAN_POINT('Ctrl Pts',(79.2663231079595,9.02524931748979,38.5049030161354));
#1722=CARTESIAN_POINT('Ctrl Pts',(79.3272029978819,8.55643568604695,38.441273253361));
#1723=CARTESIAN_POINT('Ctrl Pts',(79.5726942194738,7.69414214084031,38.1809425079872));
#1724=CARTESIAN_POINT('Ctrl Pts',(79.7570724147405,7.30065244367101,37.9840541699326));
#1725=CARTESIAN_POINT('Ctrl Pts',(80.177598382594,6.6792819506491,37.5257757834921));
#1726=CARTESIAN_POINT('Ctrl Pts',(80.4417680690135,6.40994059008149,37.2337760559661));
#1727=CARTESIAN_POINT('Ctrl Pts',(81.011890055331,6.05271685334008,36.5865206171047));
#1728=CARTESIAN_POINT('Ctrl Pts',(81.317622283925,5.96484085017649,36.2310675768338));
#1729=CARTESIAN_POINT('Ctrl Pts',(81.8827499698232,5.96484085017648,35.5575746268901));
#1730=CARTESIAN_POINT('Ctrl Pts',(82.1797130353644,6.05271685334006,35.1947633851359));
#1731=CARTESIAN_POINT('Ctrl Pts',(82.7181345657626,6.40994059008148,34.5209081054044));
#1732=CARTESIAN_POINT('Ctrl Pts',(82.959825576666,6.6792819506491,34.2100465295434));
#1733=CARTESIAN_POINT('Ctrl Pts',(83.3381181166912,7.30065244367101,33.7163300893889));
#1734=CARTESIAN_POINT('Ctrl Pts',(83.4999983408755,7.69414214084031,33.5005637120967));
#1735=CARTESIAN_POINT('Ctrl Pts',(83.7137449740044,8.55643568604695,33.2135960942518));
#1736=CARTESIAN_POINT('Ctrl Pts',(83.7658363757653,9.02524931748979,33.1425919143025));
#1737=CARTESIAN_POINT('Ctrl Pts',(83.7658363757653,9.90443238286318,33.1425919143025));
#1738=CARTESIAN_POINT('Ctrl Pts',(83.7137449740044,10.373246014306,33.2135960942518));
#1739=CARTESIAN_POINT('Ctrl Pts',(83.4999983408755,11.2355395595127,33.5005637120967));
#1740=CARTESIAN_POINT('Ctrl Pts',(83.3381181166912,11.629029256682,33.7163300893889));
#1741=CARTESIAN_POINT('Ctrl Pts',(82.959825576666,12.2503997497039,34.2100465295434));
#1742=CARTESIAN_POINT('Ctrl Pts',(82.7181345657626,12.5197411102715,34.5209081054044));
#1743=CARTESIAN_POINT('Ctrl Pts',(82.1797130353644,12.8769648470129,35.1947633851359));
#1744=CARTESIAN_POINT('Ctrl Pts',(81.8827499698232,12.9648408501765,35.5575746268901));
#1745=CARTESIAN_POINT('Ctrl Pts',(81.317622283925,12.9648408501765,36.2310675768338));
#1746=CARTESIAN_POINT('Ctrl Pts',(81.011890055331,12.8769648470129,36.5865206171047));
#1747=CARTESIAN_POINT('Ctrl Pts',(80.4417680690135,12.5197411102715,37.2337760559661));
#1748=CARTESIAN_POINT('Ctrl Pts',(80.177598382594,12.2503997497039,37.5257757834921));
#1749=CARTESIAN_POINT('Ctrl Pts',(79.7570724147405,11.629029256682,37.9840541699326));
#1750=CARTESIAN_POINT('Ctrl Pts',(79.5726942194738,11.2355395595127,38.1809425079872));
#1751=CARTESIAN_POINT('Ctrl Pts',(79.3272029978819,10.373246014306,38.441273253361));
#1752=CARTESIAN_POINT('Ctrl Pts',(79.2663231079595,9.90443238286318,38.5049030161354));
#1753=CARTESIAN_POINT('Ctrl Pts',(79.2663231079595,9.46484085017649,38.5049030161354));
#1754=CARTESIAN_POINT('',(80.0368028495261,9.46484085017649,39.1514122831134));
#1755=CARTESIAN_POINT('Origin',(38.823,9.46484085017649,2.56333843040579E-15));
#1756=CARTESIAN_POINT('',(38.823,11.2148408501765,2.36194990736592E-15));
#1757=CARTESIAN_POINT('Origin',(38.823,9.46484085017649,3.42892381155479E-16));
#1758=CARTESIAN_POINT('',(38.823,7.71484085017649,5.44280904195353E-16));
#1759=CARTESIAN_POINT('Origin',(2.00290825661957,9.46484085017649,63.7742696388822));
#1760=CARTESIAN_POINT('',(2.00290825661957,7.71484085017649,63.7742696388822));
#1761=CARTESIAN_POINT('Origin',(38.823,9.46484085017649,3.58700291691605E-14));
#1762=CARTESIAN_POINT('',(38.823,11.2148408501765,3.59072442640281E-14));
#1763=CARTESIAN_POINT('Origin',(102.693670650608,9.46484085017649,53.5938561859706));
#1764=CARTESIAN_POINT('',(102.693670650608,11.2148408501765,53.5938561859706));
#1765=CARTESIAN_POINT('Origin',(30.5674790122643,9.46484085017649,46.8193860892179));
#1766=CARTESIAN_POINT('',(25.1510363706972,9.46484085017649,45.8643211120498));
#1767=CARTESIAN_POINT('Origin',(2.40398275101338,9.46484085017649,30.5591839414637));
#1768=CARTESIAN_POINT('',(-1.13134910226258,9.46484085017648,26.3459395043093));
#1769=CARTESIAN_POINT('Origin',(62.5938744956897,9.46484085017649,41.1722487394162));
#1770=CARTESIAN_POINT('',(67.3570109301664,9.46484085017649,38.4222430473201));
#1771=CARTESIAN_POINT('Origin',(-8.71865058714511,9.46484085017649,3.2595398928384E-15));
#1772=CARTESIAN_POINT('',(-8.71865058714511,9.46484085017649,5.5));
#1773=CARTESIAN_POINT('Ctrl Pts',(-16.8233585536525,9.46484085017649,6.6445));
#1774=CARTESIAN_POINT('Ctrl Pts',(-9.33535855365255,9.46484085017649,6.6445));
#1775=CARTESIAN_POINT('Ctrl Pts',(-16.8233585536525,8.62969597896465,6.6445));
#1776=CARTESIAN_POINT('Ctrl Pts',(-9.33535855365255,8.62969597896465,6.6445));
#1777=CARTESIAN_POINT('Ctrl Pts',(-16.8440986147536,7.739426373137,6.47743509195505));
#1778=CARTESIAN_POINT('Ctrl Pts',(-9.35609861475358,7.739426373137,6.47743509195505));
#1779=CARTESIAN_POINT('Ctrl Pts',(-16.9188470583165,6.10259428716775,5.7990964272313));
#1780=CARTESIAN_POINT('Ctrl Pts',(-9.43084705831646,6.10259428716775,5.7990964272313));
#1781=CARTESIAN_POINT('Ctrl Pts',(-16.9717582111494,5.35596419413302,5.28786535914457));
#1782=CARTESIAN_POINT('Ctrl Pts',(-9.48375821114938,5.35596419413302,5.28786535914457));
#1783=CARTESIAN_POINT('Ctrl Pts',(-17.0709501116945,4.17697947120594,4.10888063621749));
#1784=CARTESIAN_POINT('Ctrl Pts',(-9.58295011169454,4.17697947120594,4.10888063621749));
#1785=CARTESIAN_POINT('Ctrl Pts',(-17.123698526641,3.66574528701182,3.36224880933681));
#1786=CARTESIAN_POINT('Ctrl Pts',(-9.63569852664102,3.66574528701182,3.36224880933681));
#1787=CARTESIAN_POINT('Ctrl Pts',(-17.1980741632823,2.98740432908826,1.72541086720498));
#1788=CARTESIAN_POINT('Ctrl Pts',(-9.71007416328228,2.98740432908826,1.72541086720498));
#1789=CARTESIAN_POINT('Ctrl Pts',(-17.2186505871451,2.82034085017649,0.835139232443783));
#1790=CARTESIAN_POINT('Ctrl Pts',(-9.7306505871451,2.82034085017649,0.835139232443783));
#1791=CARTESIAN_POINT('Ctrl Pts',(-17.2186505871451,2.82034085017649,-0.835139232443774));
#1792=CARTESIAN_POINT('Ctrl Pts',(-9.7306505871451,2.82034085017649,-0.835139232443775));
#1793=CARTESIAN_POINT('Ctrl Pts',(-17.1980741632823,2.98740432908826,-1.72541086720497));
#1794=CARTESIAN_POINT('Ctrl Pts',(-9.71007416328228,2.98740432908826,-1.72541086720497));
#1795=CARTESIAN_POINT('Ctrl Pts',(-17.123698526641,3.66574528701182,-3.3622488093368));
#1796=CARTESIAN_POINT('Ctrl Pts',(-9.63569852664102,3.66574528701182,-3.3622488093368));
#1797=CARTESIAN_POINT('Ctrl Pts',(-17.0709501116945,4.17697947120594,-4.10888063621748));
#1798=CARTESIAN_POINT('Ctrl Pts',(-9.58295011169454,4.17697947120594,-4.10888063621748));
#1799=CARTESIAN_POINT('Ctrl Pts',(-16.9717582111494,5.35596419413302,-5.28786535914456));
#1800=CARTESIAN_POINT('Ctrl Pts',(-9.48375821114938,5.35596419413302,-5.28786535914456));
#1801=CARTESIAN_POINT('Ctrl Pts',(-16.9188470583165,6.10259428716775,-5.79909642723129));
#1802=CARTESIAN_POINT('Ctrl Pts',(-9.43084705831645,6.10259428716775,-5.79909642723129));
#1803=CARTESIAN_POINT('Ctrl Pts',(-16.8440986147536,7.739426373137,-6.47743509195504));
#1804=CARTESIAN_POINT('Ctrl Pts',(-9.35609861475357,7.739426373137,-6.47743509195504));
#1805=CARTESIAN_POINT('Ctrl Pts',(-16.8233585536526,8.62969597896465,-6.6445));
#1806=CARTESIAN_POINT('Ctrl Pts',(-9.33535855365255,8.62969597896465,-6.6445));
#1807=CARTESIAN_POINT('Ctrl Pts',(-16.8233585536526,10.2999857213883,-6.6445));
#1808=CARTESIAN_POINT('Ctrl Pts',(-9.33535855365255,10.2999857213883,-6.6445));
#1809=CARTESIAN_POINT('Ctrl Pts',(-16.8440986147536,11.190255327216,-6.47743509195504));
#1810=CARTESIAN_POINT('Ctrl Pts',(-9.35609861475357,11.190255327216,-6.47743509195504));
#1811=CARTESIAN_POINT('Ctrl Pts',(-16.9188470583165,12.8270874131852,-5.79909642723129));
#1812=CARTESIAN_POINT('Ctrl Pts',(-9.43084705831645,12.8270874131852,-5.79909642723129));
#1813=CARTESIAN_POINT('Ctrl Pts',(-16.9717582111494,13.5737175062199,-5.28786535914456));
#1814=CARTESIAN_POINT('Ctrl Pts',(-9.48375821114938,13.5737175062199,-5.28786535914457));
#1815=CARTESIAN_POINT('Ctrl Pts',(-17.0709501116945,14.752702229147,-4.10888063621749));
#1816=CARTESIAN_POINT('Ctrl Pts',(-9.58295011169454,14.752702229147,-4.10888063621749));
#1817=CARTESIAN_POINT('Ctrl Pts',(-17.123698526641,15.2639364133412,-3.36224880933681));
#1818=CARTESIAN_POINT('Ctrl Pts',(-9.63569852664102,15.2639364133412,-3.36224880933681));
#1819=CARTESIAN_POINT('Ctrl Pts',(-17.1980741632823,15.9422773712647,-1.72541086720497));
#1820=CARTESIAN_POINT('Ctrl Pts',(-9.71007416328228,15.9422773712647,-1.72541086720497));
#1821=CARTESIAN_POINT('Ctrl Pts',(-17.2186505871451,16.1093408501765,-0.835139232443777));
#1822=CARTESIAN_POINT('Ctrl Pts',(-9.7306505871451,16.1093408501765,-0.835139232443778));
#1823=CARTESIAN_POINT('Ctrl Pts',(-17.2186505871451,16.1093408501765,0.835139232443778));
#1824=CARTESIAN_POINT('Ctrl Pts',(-9.7306505871451,16.1093408501765,0.835139232443778));
#1825=CARTESIAN_POINT('Ctrl Pts',(-17.1980741632823,15.9422773712647,1.72541086720497));
#1826=CARTESIAN_POINT('Ctrl Pts',(-9.71007416328228,15.9422773712647,1.72541086720497));
#1827=CARTESIAN_POINT('Ctrl Pts',(-17.123698526641,15.2639364133412,3.3622488093368));
#1828=CARTESIAN_POINT('Ctrl Pts',(-9.63569852664102,15.2639364133412,3.3622488093368));
#1829=CARTESIAN_POINT('Ctrl Pts',(-17.0709501116945,14.752702229147,4.10888063621748));
#1830=CARTESIAN_POINT('Ctrl Pts',(-9.58295011169454,14.752702229147,4.10888063621748));
#1831=CARTESIAN_POINT('Ctrl Pts',(-16.9717582111494,13.57371750622,5.28786535914457));
#1832=CARTESIAN_POINT('Ctrl Pts',(-9.48375821114938,13.57371750622,5.28786535914456));
#1833=CARTESIAN_POINT('Ctrl Pts',(-16.9188470583165,12.8270874131852,5.7990964272313));
#1834=CARTESIAN_POINT('Ctrl Pts',(-9.43084705831646,12.8270874131852,5.79909642723129));
#1835=CARTESIAN_POINT('Ctrl Pts',(-16.8440986147536,11.190255327216,6.47743509195505));
#1836=CARTESIAN_POINT('Ctrl Pts',(-9.35609861475358,11.190255327216,6.47743509195505));
#1837=CARTESIAN_POINT('Ctrl Pts',(-16.8233585536525,10.2999857213883,6.6445));
#1838=CARTESIAN_POINT('Ctrl Pts',(-9.33535855365255,10.2999857213883,6.6445));
#1839=CARTESIAN_POINT('Ctrl Pts',(-16.8233585536525,9.46484085017649,6.6445));
#1840=CARTESIAN_POINT('Ctrl Pts',(-9.33535855365255,9.46484085017649,6.6445));
#1841=CARTESIAN_POINT('',(-16.6219326814165,9.46484085017649,6.6445));
#1842=CARTESIAN_POINT('',(-16.8233585536525,9.46484085017649,6.6445));
#1843=CARTESIAN_POINT('Ctrl Pts',(-16.6219326814165,9.46484085017649,6.6445));
#1844=CARTESIAN_POINT('Ctrl Pts',(-16.6219326814165,9.57677727271916,6.6445));
#1845=CARTESIAN_POINT('Ctrl Pts',(-16.6223060655421,9.68864718205736,6.64150178984351));
#1846=CARTESIAN_POINT('Ctrl Pts',(-16.6230247371389,9.80027557563646,6.63564428156787));
#1847=CARTESIAN_POINT('Ctrl Pts',(-16.6237674996368,9.91564591283293,6.62959042122621));
#1848=CARTESIAN_POINT('Ctrl Pts',(-16.6248790904599,10.0307588084285,6.62048249685349));
#1849=CARTESIAN_POINT('Ctrl Pts',(-16.6263345289159,10.1454620931375,6.60843343610193));
#1850=CARTESIAN_POINT('Ctrl Pts',(-16.6278354194207,10.2637474594362,6.59600809389688));
#1851=CARTESIAN_POINT('Ctrl Pts',(-16.6297019751247,10.3815978764466,6.58045520589348));
#1852=CARTESIAN_POINT('Ctrl Pts',(-16.6319130356557,10.4988801744103,6.56185401987084));
#1853=CARTESIAN_POINT('Ctrl Pts',(-16.6342292050979,10.6217378125684,6.5423685747409));
#1854=CARTESIAN_POINT('Ctrl Pts',(-16.6369234011225,10.7439727731479,6.51953846320252));
#1855=CARTESIAN_POINT('Ctrl Pts',(-16.6399780954674,10.8654576759487,6.49340254856536));
#1856=CARTESIAN_POINT('Ctrl Pts',(-16.6430208790288,10.9864688880231,6.46736854239668));
#1857=CARTESIAN_POINT('Ctrl Pts',(-16.6464213967914,11.1067368238135,6.43805440034005));
#1858=CARTESIAN_POINT('Ctrl Pts',(-16.6501685894461,11.2261473420092,6.40544646165743));
#1859=CARTESIAN_POINT('Ctrl Pts',(-16.6539377843233,11.3462589975722,6.37264706040832));
#1860=CARTESIAN_POINT('Ctrl Pts',(-16.6580577649522,11.4655040620598,6.33651512448181));
#1861=CARTESIAN_POINT('Ctrl Pts',(-16.6625231199407,11.5837642840582,6.29698389162241));
#1862=CARTESIAN_POINT('Ctrl Pts',(-16.6669884749292,11.7020245060566,6.25745265876301));
#1863=CARTESIAN_POINT('Ctrl Pts',(-16.671799234161,11.819300815134,6.21452216741958));
#1864=CARTESIAN_POINT('Ctrl Pts',(-16.6769553714109,11.9354589599918,6.1680723227157));
#1865=CARTESIAN_POINT('Ctrl Pts',(-16.6780416428945,11.9599306282624,6.15828648124754));
#1866=CARTESIAN_POINT('Ctrl Pts',(-16.6791424931284,11.9843352791422,6.14835116276595));
#1867=CARTESIAN_POINT('Ctrl Pts',(-16.6802578681955,12.0086713702006,6.13826575959317));
#1868=CARTESIAN_POINT('Ctrl Pts',(-16.6857626603697,12.1287790609254,6.08849053142672));
#1869=CARTESIAN_POINT('Ctrl Pts',(-16.6915972595732,12.2472199717781,6.0350644795703));
#1870=CARTESIAN_POINT('Ctrl Pts',(-16.6977115777764,12.3639284076043,5.97819625769235));
#1871=CARTESIAN_POINT('Ctrl Pts',(-16.7038842389015,12.4817504771899,5.92078539833259));
#1872=CARTESIAN_POINT('Ctrl Pts',(-16.7103421167635,12.5978075365632,5.85986574985489));
#1873=CARTESIAN_POINT('Ctrl Pts',(-16.7170370451508,12.7120040301117,5.79560641909969));
#1874=CARTESIAN_POINT('Ctrl Pts',(-16.7236744195758,12.8252188162677,5.73189950338));
#1875=CARTESIAN_POINT('Ctrl Pts',(-16.7305449259866,12.9366054931865,5.66490936583364));
#1876=CARTESIAN_POINT('Ctrl Pts',(-16.7376028659827,13.0460340890701,5.59476633241327));
#1877=CARTESIAN_POINT('Ctrl Pts',(-16.7425212420081,13.1222901896861,5.54588665730801));
#1878=CARTESIAN_POINT('Ctrl Pts',(-16.7475306654658,13.1975946766121,5.49547518216574));
#1879=CARTESIAN_POINT('Ctrl Pts',(-16.752615485514,13.2718904132944,5.44356873014582));
#1880=CARTESIAN_POINT('Ctrl Pts',(-16.75879730499,13.3622147173327,5.38046397658718));
#1881=CARTESIAN_POINT('Ctrl Pts',(-16.7651154159915,13.4514050071937,5.31489333777396));
#1882=CARTESIAN_POINT('Ctrl Pts',(-16.7715194044436,13.5389966442529,5.24711789260477));
#1883=CARTESIAN_POINT('Ctrl Pts',(-16.7779717129654,13.6272491872513,5.17883106078101));
#1884=CARTESIAN_POINT('Ctrl Pts',(-16.7845110901494,13.7138782262094,5.10830647776058));
#1885=CARTESIAN_POINT('Ctrl Pts',(-16.7910821826958,13.7984333886762,5.03585804590156));
#1886=CARTESIAN_POINT('Ctrl Pts',(-16.7976538984889,13.8829965709238,4.96340274254557));
#1887=CARTESIAN_POINT('Ctrl Pts',(-16.8042572123223,13.9654848691337,4.88902380191188));
#1888=CARTESIAN_POINT('Ctrl Pts',(-16.8108347428574,14.0454819326738,4.81307406985506));
#1889=CARTESIAN_POINT('Ctrl Pts',(-16.8141135701099,14.0853595965864,4.77521395655599));
#1890=CARTESIAN_POINT('Ctrl Pts',(-16.8173859706851,14.1246187994627,4.7369640659018));
#1891=CARTESIAN_POINT('Ctrl Pts',(-16.8206447980683,14.1632118577705,4.69837100759401));
#1892=CARTESIAN_POINT('Ctrl Pts',(-16.8267412556962,14.2354098962168,4.62617296914775));
#1893=CARTESIAN_POINT('Ctrl Pts',(-16.8328872641296,14.3064589391623,4.55158830781831));
#1894=CARTESIAN_POINT('Ctrl Pts',(-16.8390363676371,14.3760530279996,4.47492725956609));
#1895=CARTESIAN_POINT('Ctrl Pts',(-16.8460160152348,14.4550470170218,4.38791179452808));
#1896=CARTESIAN_POINT('Ctrl Pts',(-16.8529534286162,14.5316489979247,4.29880196549358));
#1897=CARTESIAN_POINT('Ctrl Pts',(-16.8598102953326,14.6058129346939,4.20781066004122));
#1898=CARTESIAN_POINT('Ctrl Pts',(-16.866894322425,14.6824338402881,4.11380491373569));
#1899=CARTESIAN_POINT('Ctrl Pts',(-16.8738924736924,14.7564530463847,4.0177906439833));
#1900=CARTESIAN_POINT('Ctrl Pts',(-16.8807665384376,14.8278150151824,3.91994623144635));
#1901=CARTESIAN_POINT('Ctrl Pts',(-16.8878354618243,14.9011998768109,3.81932823006394));
#1902=CARTESIAN_POINT('Ctrl Pts',(-16.8947732793265,14.9717753697927,3.71677444535081));
#1903=CARTESIAN_POINT('Ctrl Pts',(-16.9015409940858,15.039466733856,3.61242595079801));
#1904=CARTESIAN_POINT('Ctrl Pts',(-16.9084614702793,15.1086860331564,3.50572209313548));
#1905=CARTESIAN_POINT('Ctrl Pts',(-16.9152042113107,15.1748902685613,3.39714108439162));
#1906=CARTESIAN_POINT('Ctrl Pts',(-16.9217282349466,15.2379740057468,3.28678636431778));
#1907=CARTESIAN_POINT('Ctrl Pts',(-16.928243701154,15.3009749972844,3.17657639427347));
#1908=CARTESIAN_POINT('Ctrl Pts',(-16.9345411591006,15.360864322214,3.06459669881946));
#1909=CARTESIAN_POINT('Ctrl Pts',(-16.9405784555328,15.4175014875937,2.95091268214059));
#1910=CARTESIAN_POINT('Ctrl Pts',(-16.9465007716875,15.4730599984699,2.83939377693509));
#1911=CARTESIAN_POINT('Ctrl Pts',(-16.9521728578958,15.5254895364165,2.72623417955406));
#1912=CARTESIAN_POINT('Ctrl Pts',(-16.9575517915848,15.5746150814796,2.61146938844279));
#1913=CARTESIAN_POINT('Ctrl Pts',(-16.9586056406238,15.584239834535,2.58898449239786));
#1914=CARTESIAN_POINT('Ctrl Pts',(-16.9596482240513,15.593737617145,2.56643791594881));
#1915=CARTESIAN_POINT('Ctrl Pts',(-16.960679198748,15.6031068923029,2.54382983827089));
#1916=CARTESIAN_POINT('Ctrl Pts',(-16.9641472144116,15.6346234689049,2.46778028268149));
#1917=CARTESIAN_POINT('Ctrl Pts',(-16.967474871948,15.6646862562862,2.39103439806701));
#1918=CARTESIAN_POINT('Ctrl Pts',(-16.9706602747506,15.6933100366906,2.31363087960463));
#1919=CARTESIAN_POINT('Ctrl Pts',(-16.9774198586049,15.7540511284351,2.14937674720639));
#1920=CARTESIAN_POINT('Ctrl Pts',(-16.9835308227595,15.8082403293494,1.98235452916893));
#1921=CARTESIAN_POINT('Ctrl Pts',(-16.9889552010129,15.8558438897863,1.81337578205467));
#1922=CARTESIAN_POINT('Ctrl Pts',(-16.9940597608239,15.9006407697439,1.6543599315511));
#1923=CARTESIAN_POINT('Ctrl Pts',(-16.9985562915967,15.9396053013053,1.49361075657911));
#1924=CARTESIAN_POINT('Ctrl Pts',(-17.0024080991423,15.9726719468251,1.33182945801358));
#1925=CARTESIAN_POINT('Ctrl Pts',(-17.0061250937212,16.0045812623057,1.17571049240226));
#1926=CARTESIAN_POINT('Ctrl Pts',(-17.0092417070255,16.0309981341933,1.01862977912109));
#1927=CARTESIAN_POINT('Ctrl Pts',(-17.0117201977736,16.0518315354506,0.861250739032118));
#1928=CARTESIAN_POINT('Ctrl Pts',(-17.0140686242634,16.0715716581122,0.71213051054197));
#1929=CARTESIAN_POINT('Ctrl Pts',(-17.0158441307368,16.0862987143387,0.562742117932551));
#1930=CARTESIAN_POINT('Ctrl Pts',(-17.0170103693245,16.0959089652726,0.41368671806077));
#1931=CARTESIAN_POINT('Ctrl Pts',(-17.0180928803003,16.1048292687385,0.275332432701845));
#1932=CARTESIAN_POINT('Ctrl Pts',(-17.0186504398598,16.1093408501765,0.137264994093896));
#1933=CARTESIAN_POINT('Ctrl Pts',(-17.018650521291,16.1093408501765,-2.56537431764415E-15));
#1934=CARTESIAN_POINT('Ctrl Pts',(-17.0186505732996,16.1093408501765,-0.0876684859479172));
#1935=CARTESIAN_POINT('Ctrl Pts',(-17.0184231242634,16.1075001711257,-0.176223841369139));
#1936=CARTESIAN_POINT('Ctrl Pts',(-17.0179682931774,16.1037759897998,-0.265547583198913));
#1937=CARTESIAN_POINT('Ctrl Pts',(-17.017375222592,16.0989198960377,-0.382020017690292));
#1938=CARTESIAN_POINT('Ctrl Pts',(-17.0164036644625,16.0909270516503,-0.498284801599423));
#1939=CARTESIAN_POINT('Ctrl Pts',(-17.0150799249572,16.079920981095,-0.614162684047053));
#1940=CARTESIAN_POINT('Ctrl Pts',(-17.0137127117073,16.0685534533948,-0.733846183433233));
#1941=CARTESIAN_POINT('Ctrl Pts',(-17.0119698007978,16.0539716892998,-0.853117558207787));
#1942=CARTESIAN_POINT('Ctrl Pts',(-17.0098740873356,16.0362689475664,-0.971816240401197));
#1943=CARTESIAN_POINT('Ctrl Pts',(-17.0077184110069,16.0180596923441,-1.09391114700744));
#1944=CARTESIAN_POINT('Ctrl Pts',(-17.0051894462619,15.9965484696579,-1.21540085210907));
#1945=CARTESIAN_POINT('Ctrl Pts',(-17.0023058720418,15.9717897449861,-1.33613863143391));
#1946=CARTESIAN_POINT('Ctrl Pts',(-16.999350483124,15.9464144104436,-1.45988335507826));
#1947=CARTESIAN_POINT('Ctrl Pts',(-16.9960225903035,15.9176279731459,-1.58283908886563));
#1948=CARTESIAN_POINT('Ctrl Pts',(-16.9923360005083,15.8854378521479,-1.70486461518132));
#1949=CARTESIAN_POINT('Ctrl Pts',(-16.9886475283628,15.8532312950699,-1.82695244698819));
#1950=CARTESIAN_POINT('Ctrl Pts',(-16.9845999594219,15.8176175729957,-1.94811004452362));
#1951=CARTESIAN_POINT('Ctrl Pts',(-16.9802012690353,15.7785525331907,-2.06819895647134));
#1952=CARTESIAN_POINT('Ctrl Pts',(-16.9758793600966,15.740169394146,-2.1861916534717));
#1953=CARTESIAN_POINT('Ctrl Pts',(-16.9712184374991,15.6984542516701,-2.30315347624222));
#1954=CARTESIAN_POINT('Ctrl Pts',(-16.9662210101156,15.6533166209118,-2.41894304266131));
#1955=CARTESIAN_POINT('Ctrl Pts',(-16.9644176234338,15.6370281196667,-2.4607272139858));
#1956=CARTESIAN_POINT('Ctrl Pts',(-16.9625703710971,15.6202934782893,-2.50235857561226));
#1957=CARTESIAN_POINT('Ctrl Pts',(-16.9606792210742,15.6031068923029,-2.54382983827089));
#1958=CARTESIAN_POINT('Ctrl Pts',(-16.9578040528373,15.5769776452683,-2.60687975799945));
#1959=CARTESIAN_POINT('Ctrl Pts',(-16.9548336638074,15.54980418666,-2.66956013410473));
#1960=CARTESIAN_POINT('Ctrl Pts',(-16.951774443289,15.5216079523248,-2.73186242492134));
#1961=CARTESIAN_POINT('Ctrl Pts',(-16.9440400870138,15.4503219104531,-2.8893757885522));
#1962=CARTESIAN_POINT('Ctrl Pts',(-16.9357485017837,15.3725966290968,-3.04425805525387));
#1963=CARTESIAN_POINT('Ctrl Pts',(-16.9270249694728,15.2889652870518,-3.19596202166396));
#1964=CARTESIAN_POINT('Ctrl Pts',(-16.9187767448121,15.2098906561245,-3.33940029325866));
#1965=CARTESIAN_POINT('Ctrl Pts',(-16.9101422294921,15.1255351691956,-3.47999747313689));
#1966=CARTESIAN_POINT('Ctrl Pts',(-16.9012291689974,15.0363358684761,-3.6172478352571));
#1967=CARTESIAN_POINT('Ctrl Pts',(-16.8926299676003,14.9502775777445,-3.7496651465038));
#1968=CARTESIAN_POINT('Ctrl Pts',(-16.8837713885084,14.8597099822284,-3.87896752384705));
#1969=CARTESIAN_POINT('Ctrl Pts',(-16.8747536271751,14.7650228163551,-4.00465482411903));
#1970=CARTESIAN_POINT('Ctrl Pts',(-16.8659085393777,14.6721487354735,-4.12793544386935));
#1971=CARTESIAN_POINT('Ctrl Pts',(-16.8569102071001,14.5753108027569,-4.24773850916173));
#1972=CARTESIAN_POINT('Ctrl Pts',(-16.8478580396073,14.4748824584805,-4.36354151928642));
#1973=CARTESIAN_POINT('Ctrl Pts',(-16.8393266037417,14.3802313178603,-4.47268288843402));
#1974=CARTESIAN_POINT('Ctrl Pts',(-16.8307473059558,14.2823906212835,-4.57827116966709));
#1975=CARTESIAN_POINT('Ctrl Pts',(-16.8222086713729,14.1816841943524,-4.67982139628916));
#1976=CARTESIAN_POINT('Ctrl Pts',(-16.8216875003589,14.1755373953381,-4.68601969814465));
#1977=CARTESIAN_POINT('Ctrl Pts',(-16.8211664826821,14.1693799246399,-4.69220294072466));
#1978=CARTESIAN_POINT('Ctrl Pts',(-16.8206456392126,14.1632118577705,-4.69837100759401));
#1979=CARTESIAN_POINT('Ctrl Pts',(-16.8156610124725,14.1041816253753,-4.75740123998919));
#1980=CARTESIAN_POINT('Ctrl Pts',(-16.8106274301492,14.0433899022407,-4.81583291800681));
#1981=CARTESIAN_POINT('Ctrl Pts',(-16.8055624803802,13.9808797424977,-4.87356752030648));
#1982=CARTESIAN_POINT('Ctrl Pts',(-16.798625483887,13.8952653181284,-4.95264130227069));
#1983=CARTESIAN_POINT('Ctrl Pts',(-16.7917211336609,13.807557824638,-5.02936686555874));
#1984=CARTESIAN_POINT('Ctrl Pts',(-16.7848877829644,13.717971699261,-5.10370177031474));
#1985=CARTESIAN_POINT('Ctrl Pts',(-16.7778263978352,13.6253960125135,-5.18051729088935));
#1986=CARTESIAN_POINT('Ctrl Pts',(-16.7708407357076,13.530813908555,-5.25478048052314));
#1987=CARTESIAN_POINT('Ctrl Pts',(-16.7639688537329,13.4344053059803,-5.32644079438364));
#1988=CARTESIAN_POINT('Ctrl Pts',(-16.7568970528807,13.3351919550585,-5.40018587185951));
#1989=CARTESIAN_POINT('Ctrl Pts',(-16.7499456355139,13.23404388745,-5.47117506295322));
#1990=CARTESIAN_POINT('Ctrl Pts',(-16.7431532483811,13.1311036621158,-5.53934021600685));
#1991=CARTESIAN_POINT('Ctrl Pts',(-16.7361906178625,13.0255833582094,-5.60921385036799));
#1992=CARTESIAN_POINT('Ctrl Pts',(-16.7293949571102,12.9181794515858,-5.67612084519337));
#1993=CARTESIAN_POINT('Ctrl Pts',(-16.7228068596311,12.808996907475,-5.73996365816884));
#1994=CARTESIAN_POINT('Ctrl Pts',(-16.7162183593908,12.6998076885247,-5.80381037415395));
#1995=CARTESIAN_POINT('Ctrl Pts',(-16.7098373107067,12.5888389556811,-5.86459319025411));
#1996=CARTESIAN_POINT('Ctrl Pts',(-16.7037053399353,12.4761566472221,-5.92218031684637));
#1997=CARTESIAN_POINT('Ctrl Pts',(-16.6976875503452,12.3655725547478,-5.97869513465131));
#1998=CARTESIAN_POINT('Ctrl Pts',(-16.6919095305852,12.253337432343,-6.03213266284022));
#1999=CARTESIAN_POINT('Ctrl Pts',(-16.6864134901817,12.1394860208288,-6.08232704192333));
#2000=CARTESIAN_POINT('Ctrl Pts',(-16.684319832254,12.0961155408467,-6.10144805486715));
#2001=CARTESIAN_POINT('Ctrl Pts',(-16.6822671328826,12.0525102761983,-6.12009796754391));
#2002=CARTESIAN_POINT('Ctrl Pts',(-16.6802578922239,12.0086713702006,-6.13826575959317));
#2003=CARTESIAN_POINT('Ctrl Pts',(-16.6775940427204,11.9505497870698,-6.1623526023613));
#2004=CARTESIAN_POINT('Ctrl Pts',(-16.675012104902,11.8920171878897,-6.18559188651725));
#2005=CARTESIAN_POINT('Ctrl Pts',(-16.6725129425608,11.8330903669116,-6.20799045669135));
#2006=CARTESIAN_POINT('Ctrl Pts',(-16.6661547907509,11.683173865979,-6.26497495391453));
#2007=CARTESIAN_POINT('Ctrl Pts',(-16.6603442383865,11.5309894498852,-6.31641254764193));
#2008=CARTESIAN_POINT('Ctrl Pts',(-16.6551059349834,11.3770995860022,-6.36232632067133));
#2009=CARTESIAN_POINT('Ctrl Pts',(-16.6498080360554,11.2214589363173,-6.40876244897419));
#2010=CARTESIAN_POINT('Ctrl Pts',(-16.6450954240522,11.064072561298,-6.44954845115311));
#2011=CARTESIAN_POINT('Ctrl Pts',(-16.6410000321417,10.9055338683809,-6.48465455956359));
#2012=CARTESIAN_POINT('Ctrl Pts',(-16.6372117971942,10.7588856769099,-6.51712768781547));
#2013=CARTESIAN_POINT('Ctrl Pts',(-16.6339517065917,10.6112508586485,-6.54474041905458));
#2014=CARTESIAN_POINT('Ctrl Pts',(-16.6312504895203,10.4631220372504,-6.56742802889885));
#2015=CARTESIAN_POINT('Ctrl Pts',(-16.628637355385,10.3198234909299,-6.58937582730489));
#2016=CARTESIAN_POINT('Ctrl Pts',(-16.6265472374912,10.1760619960472,-6.60671429078219));
#2017=CARTESIAN_POINT('Ctrl Pts',(-16.6250130961338,10.0323153276233,-6.61934936895699));
#2018=CARTESIAN_POINT('Ctrl Pts',(-16.623549480228,9.89517678475492,-6.63140360457107));
#2019=CARTESIAN_POINT('Ctrl Pts',(-16.6225919080635,9.75805133524144,-6.63917673430917));
#2020=CARTESIAN_POINT('Ctrl Pts',(-16.6221736936452,9.62139047166751,-6.642557214432));
#2021=CARTESIAN_POINT('Ctrl Pts',(-16.6220137640418,9.56912991640649,-6.64384994567669));
#2022=CARTESIAN_POINT('Ctrl Pts',(-16.6219327587782,9.51693772612069,-6.6445));
#2023=CARTESIAN_POINT('Ctrl Pts',(-16.6219327310577,9.46484085017649,-6.6445));
#2024=CARTESIAN_POINT('Ctrl Pts',(-16.6219326931466,9.39359198537572,-6.6445));
#2025=CARTESIAN_POINT('Ctrl Pts',(-16.6220841159801,9.32171892830468,-6.64328425163307));
#2026=CARTESIAN_POINT('Ctrl Pts',(-16.6223873886789,9.2492780439873,-6.64082557629007));
#2027=CARTESIAN_POINT('Ctrl Pts',(-16.6228715034802,9.13364051889692,-6.63690078803902));
#2028=CARTESIAN_POINT('Ctrl Pts',(-16.6237353312363,9.01818382684728,-6.62986658944348));
#2029=CARTESIAN_POINT('Ctrl Pts',(-16.6249518275798,8.90308601575436,-6.61984963242951));
#2030=CARTESIAN_POINT('Ctrl Pts',(-16.6262084871445,8.78418819419575,-6.6095019606858));
#2031=CARTESIAN_POINT('Ctrl Pts',(-16.6278414911817,8.66567274848048,-6.59597148027416));
#2032=CARTESIAN_POINT('Ctrl Pts',(-16.629827166929,8.54769817188002,-6.57935539708449));
#2033=CARTESIAN_POINT('Ctrl Pts',(-16.6318707939536,8.42628054702958,-6.56225437910806));
#2034=CARTESIAN_POINT('Ctrl Pts',(-16.6342879865773,8.30543510672366,-6.541885186543));
#2035=CARTESIAN_POINT('Ctrl Pts',(-16.6370592322587,8.18530545169253,-6.51830717617058));
#2036=CARTESIAN_POINT('Ctrl Pts',(-16.6399053294367,8.06193108814608,-6.49409232245576));
#2037=CARTESIAN_POINT('Ctrl Pts',(-16.6431248742945,7.93931085988269,-6.46649315246064));
#2038=CARTESIAN_POINT('Ctrl Pts',(-16.6467031258901,7.81758202238249,-6.43552287105411));
#2039=CARTESIAN_POINT('Ctrl Pts',(-16.6502873553304,7.69564982408511,-6.40450085054248));
#2040=CARTESIAN_POINT('Ctrl Pts',(-16.6542315247468,7.57461107506529,-6.37009644740622));
#2041=CARTESIAN_POINT('Ctrl Pts',(-16.6585267766546,7.45459908278264,-6.33227126749013));
#2042=CARTESIAN_POINT('Ctrl Pts',(-16.6627490790614,7.33662534463066,-6.29508850111739));
#2043=CARTESIAN_POINT('Ctrl Pts',(-16.6673106842537,7.21964294925467,-6.25460004369884));
#2044=CARTESIAN_POINT('Ctrl Pts',(-16.6722083248533,7.10378703858304,-6.21072068197867));
#2045=CARTESIAN_POINT('Ctrl Pts',(-16.6747974951298,7.04253904086576,-6.18752356557008));
#2046=CARTESIAN_POINT('Ctrl Pts',(-16.6774806627597,6.9816060894462,-6.16337795454562));
#2047=CARTESIAN_POINT('Ctrl Pts',(-16.6802578808096,6.92101033015238,-6.13826575959317));
#2048=CARTESIAN_POINT('Ctrl Pts',(-16.6823998605287,6.87427475334787,-6.11889752442939));
#2049=CARTESIAN_POINT('Ctrl Pts',(-16.6845942192616,6.82773957180494,-6.09895435858493));
#2050=CARTESIAN_POINT('Ctrl Pts',(-16.6868383441536,6.78140802016383,-6.07844490439957));
#2051=CARTESIAN_POINT('Ctrl Pts',(-16.6935671338166,6.64248738038031,-6.0169493059117));
#2052=CARTESIAN_POINT('Ctrl Pts',(-16.7007274802397,6.50571818247007,-5.95050807566345));
#2053=CARTESIAN_POINT('Ctrl Pts',(-16.7082359742971,6.37137597871336,-5.87947165699536));
#2054=CARTESIAN_POINT('Ctrl Pts',(-16.7157065344288,6.23771248990617,-5.80879412390428));
#2055=CARTESIAN_POINT('Ctrl Pts',(-16.7235218962667,6.10645080399008,-5.73356690024079));
#2056=CARTESIAN_POINT('Ctrl Pts',(-16.7316010166176,5.97790029143989,-5.65410096914909));
#2057=CARTESIAN_POINT('Ctrl Pts',(-16.7393605231359,5.85443529812972,-5.57777874797713));
#2058=CARTESIAN_POINT('Ctrl Pts',(-16.7473634673931,5.73347081677823,-5.49754573755914));
#2059=CARTESIAN_POINT('Ctrl Pts',(-16.7555369135694,5.61532379879176,-5.41365795298119));
#2060=CARTESIAN_POINT('Ctrl Pts',(-16.7634578981024,5.50082610933276,-5.33236129673286));
#2061=CARTESIAN_POINT('Ctrl Pts',(-16.7715391246053,5.38897415227121,-5.24763151993462));
#2062=CARTESIAN_POINT('Ctrl Pts',(-16.7797113638545,5.28010302033629,-5.15969330735452));
#2063=CARTESIAN_POINT('Ctrl Pts',(-16.7874780916842,5.17663413935345,-5.07611864169629));
#2064=CARTESIAN_POINT('Ctrl Pts',(-16.7953270958719,5.07585747742913,-4.98964555922136));
#2065=CARTESIAN_POINT('Ctrl Pts',(-16.8031950739575,4.97810665336454,-4.9004672623868));
#2066=CARTESIAN_POINT('Ctrl Pts',(-16.8090105284432,4.90585613841624,-4.8345529549611));
#2067=CARTESIAN_POINT('Ctrl Pts',(-16.8148362785378,4.8352595607619,-4.76716072577344));
#2068=CARTESIAN_POINT('Ctrl Pts',(-16.8206449418451,4.76646984258247,-4.69837100759401));
#2069=CARTESIAN_POINT('Ctrl Pts',(-16.8241160387989,4.72536300464285,-4.65726416965439));
#2070=CARTESIAN_POINT('Ctrl Pts',(-16.8276124478886,4.6845181783725,-4.61527484466116));
#2071=CARTESIAN_POINT('Ctrl Pts',(-16.8311286199486,4.64396691441519,-4.57241096851085));
#2072=CARTESIAN_POINT('Ctrl Pts',(-16.8379927188667,4.56480472260136,-4.48873420841609));
#2073=CARTESIAN_POINT('Ctrl Pts',(-16.8448305201516,4.48793159375512,-4.40296551284147));
#2074=CARTESIAN_POINT('Ctrl Pts',(-16.8516046918029,4.41338536134115,-4.31532161511903));
#2075=CARTESIAN_POINT('Ctrl Pts',(-16.8586066640544,4.33633230191279,-4.22473044449839));
#2076=CARTESIAN_POINT('Ctrl Pts',(-16.8655407456687,4.26176473902211,-4.13213553468209));
#2077=CARTESIAN_POINT('Ctrl Pts',(-16.8723701216647,4.18972673854514,-4.03771907446007));
#2078=CARTESIAN_POINT('Ctrl Pts',(-16.8794042880891,4.11552855637856,-3.94047137645771));
#2079=CARTESIAN_POINT('Ctrl Pts',(-16.8863274838737,4.04401329658751,-3.84129086558157));
#2080=CARTESIAN_POINT('Ctrl Pts',(-16.8931025349979,3.97524041560434,-3.74032230068942));
#2081=CARTESIAN_POINT('Ctrl Pts',(-16.9000703432952,3.90451087542061,-3.63648107627451));
#2082=CARTESIAN_POINT('Ctrl Pts',(-16.9068815853751,3.83668124937032,-3.53074815792976));
#2083=CARTESIAN_POINT('Ctrl Pts',(-16.9134971705149,3.77183846510554,-3.42323084685788));
#2084=CARTESIAN_POINT('Ctrl Pts',(-16.9201255486387,3.70687029016305,-3.31550562262106));
#2085=CARTESIAN_POINT('Ctrl Pts',(-16.9265576485514,3.64489985668759,-3.2059884472248));
#2086=CARTESIAN_POINT('Ctrl Pts',(-16.9327534703712,3.58604706714886,-3.09474626314605));
#2087=CARTESIAN_POINT('Ctrl Pts',(-16.9388387066072,3.5282447064759,-2.98548957545863));
#2088=CARTESIAN_POINT('Ctrl Pts',(-16.9446961428108,3.47344918875222,-2.87456822450253));
#2089=CARTESIAN_POINT('Ctrl Pts',(-16.9502853466553,3.42181384919072,-2.76201618221734));
#2090=CARTESIAN_POINT('Ctrl Pts',(-16.9538638222391,3.38875443553845,-2.68995498237026));
#2091=CARTESIAN_POINT('Ctrl Pts',(-16.9573322886848,3.35699125253835,-2.61722477310664));
#2092=CARTESIAN_POINT('Ctrl Pts',(-16.9606792349445,3.32657480805004,-2.54382983827089));
#2093=CARTESIAN_POINT('Ctrl Pts',(-16.9621960777732,3.31279001375773,-2.51056710504126));
#2094=CARTESIAN_POINT('Ctrl Pts',(-16.9636862138773,3.29928202221857,-2.47716769086314));
#2095=CARTESIAN_POINT('Ctrl Pts',(-16.965149497563,3.28604948634191,-2.44363461610788));
#2096=CARTESIAN_POINT('Ctrl Pts',(-16.9707596602294,3.23531654953591,-2.31507034253797));
#2097=CARTESIAN_POINT('Ctrl Pts',(-16.9759581895115,3.18878498367777,-2.18493847269081));
#2098=CARTESIAN_POINT('Ctrl Pts',(-16.9807369815769,3.14637326047732,-2.05352077838724));
#2099=CARTESIAN_POINT('Ctrl Pts',(-16.9855467798382,3.10368635765323,-1.92125040777324));
#2100=CARTESIAN_POINT('Ctrl Pts',(-16.9899314156978,3.06517289769382,-1.78767648070151));
#2101=CARTESIAN_POINT('Ctrl Pts',(-16.9938771371575,3.0308014896837,-1.65307860655602));
#2102=CARTESIAN_POINT('Ctrl Pts',(-16.9978420378369,2.99626301038112,-1.51782648394941));
#2103=CARTESIAN_POINT('Ctrl Pts',(-17.0013637895621,2.96590690074405,-1.38153938455255));
#2104=CARTESIAN_POINT('Ctrl Pts',(-17.0044222980985,2.93975397637321,-1.24450869070115));
#2105=CARTESIAN_POINT('Ctrl Pts',(-17.0073161068102,2.91500937962561,-1.11485706118098));
#2106=CARTESIAN_POINT('Ctrl Pts',(-17.009795202173,2.89402786588407,-0.984539048326491));
#2107=CARTESIAN_POINT('Ctrl Pts',(-17.0118370039802,2.87687078897883,-0.853820798656633));
#2108=CARTESIAN_POINT('Ctrl Pts',(-17.0138195838276,2.8602113488734,-0.72689399969852));
#2109=CARTESIAN_POINT('Ctrl Pts',(-17.0153898750286,2.84715786578152,-0.599589198437755));
#2110=CARTESIAN_POINT('Ctrl Pts',(-17.0165218663973,2.83780529542724,-0.472178615947239));
#2111=CARTESIAN_POINT('Ctrl Pts',(-17.0176056834179,2.82885074399046,-0.350190267152965));
#2112=CARTESIAN_POINT('Ctrl Pts',(-17.0182877052364,2.82328901216085,-0.228104509774458));
#2113=CARTESIAN_POINT('Ctrl Pts',(-17.0185401664817,2.82123681041213,-0.106194445381215));
#2114=CARTESIAN_POINT('Ctrl Pts',(-17.0186135081377,2.82064063227553,-0.070778768015257));
#2115=CARTESIAN_POINT('Ctrl Pts',(-17.0186505648009,2.82034085017649,-0.0353781692550237));
#2116=CARTESIAN_POINT('Ctrl Pts',(-17.0186505739392,2.82034085017649,4.5955641943105E-15));
#2117=CARTESIAN_POINT('Ctrl Pts',(-17.0186505836574,2.82034085017649,0.0376236172757129));
#2118=CARTESIAN_POINT('Ctrl Pts',(-17.018608692632,2.82067988890578,0.075445645635134));
#2119=CARTESIAN_POINT('Ctrl Pts',(-17.0185246713104,2.82136327083862,0.113460022902886));
#2120=CARTESIAN_POINT('Ctrl Pts',(-17.0182728316469,2.82341159229816,0.227401672492805));
#2121=CARTESIAN_POINT('Ctrl Pts',(-17.0176470282353,2.82851732981118,0.341217036925753));
#2122=CARTESIAN_POINT('Ctrl Pts',(-17.0166743719869,2.8365476726817,0.454729736406188));
#2123=CARTESIAN_POINT('Ctrl Pts',(-17.0156693321203,2.84484537779658,0.572021727827898));
#2124=CARTESIAN_POINT('Ctrl Pts',(-17.0142939551415,2.8562655240373,0.688991132640472));
#2125=CARTESIAN_POINT('Ctrl Pts',(-17.0125721156963,2.87070313980722,0.805482814798122));
#2126=CARTESIAN_POINT('Ctrl Pts',(-17.0107982827837,2.88557672055996,0.925492134148809));
#2127=CARTESIAN_POINT('Ctrl Pts',(-17.0086567410447,2.9036525963562,1.04499512738669));
#2128=CARTESIAN_POINT('Ctrl Pts',(-17.0061673759656,2.92486174862231,1.16385362342006));
#2129=CARTESIAN_POINT('Ctrl Pts',(-17.0036002912682,2.94673306459973,1.28642296003144));
#2130=CARTESIAN_POINT('Ctrl Pts',(-17.0006633203119,2.9719361479414,1.40830773116555));
#2131=CARTESIAN_POINT('Ctrl Pts',(-16.9973718467146,3.00044611446524,1.52937783805685));
#2132=CARTESIAN_POINT('Ctrl Pts',(-16.9940673103106,3.02906922793456,1.65092843350895));
#2133=CARTESIAN_POINT('Ctrl Pts',(-16.9904054207299,3.06102551031985,1.77165880363943));
#2134=CARTESIAN_POINT('Ctrl Pts',(-16.9863956911963,3.09634156295966,1.89144530639786));
#2135=CARTESIAN_POINT('Ctrl Pts',(-16.9824493104182,3.13109966575246,2.00933933092353));
#2136=CARTESIAN_POINT('Ctrl Pts',(-16.9781659502369,3.16911233708722,2.12631992155812));
#2137=CARTESIAN_POINT('Ctrl Pts',(-16.9735494102585,3.2104539519742,2.24226386160125));
#2138=CARTESIAN_POINT('Ctrl Pts',(-16.969514163245,3.24659002548042,2.34360868694136));
#2139=CARTESIAN_POINT('Ctrl Pts',(-16.965224270111,3.28527020318126,2.44416175300454));
#2140=CARTESIAN_POINT('Ctrl Pts',(-16.9606792432768,3.32657480805004,2.5438298382709));
#2141=CARTESIAN_POINT('Ctrl Pts',(-16.9600720303909,3.33209307873084,2.55714543527236));
#2142=CARTESIAN_POINT('Ctrl Pts',(-16.9594605378653,3.33765822303539,2.57044523282328));
#2143=CARTESIAN_POINT('Ctrl Pts',(-16.9588448249681,3.34327004514314,2.58372916757319));
#2144=CARTESIAN_POINT('Ctrl Pts',(-16.9532414310405,3.39434133188395,2.7046217453551));
#2145=CARTESIAN_POINT('Ctrl Pts',(-16.9473093086685,3.44908825828777,2.82376147804614));
#2146=CARTESIAN_POINT('Ctrl Pts',(-16.9411003317264,3.50728824613269,2.94107279236659));
#2147=CARTESIAN_POINT('Ctrl Pts',(-16.9348121202505,3.56623094069816,3.05988114998153));
#2148=CARTESIAN_POINT('Ctrl Pts',(-16.9282398105846,3.62871599012503,3.17681482713811));
#2149=CARTESIAN_POINT('Ctrl Pts',(-16.9214338290504,3.69455808851915,3.29176774430674));
#2150=CARTESIAN_POINT('Ctrl Pts',(-16.914649374515,3.76019193145868,3.40635707081521));
#2151=CARTESIAN_POINT('Ctrl Pts',(-16.9076325821034,3.82916232667091,3.51897880226567));
#2152=CARTESIAN_POINT('Ctrl Pts',(-16.9004320605381,3.90132105046165,3.6294905553555));
#2153=CARTESIAN_POINT('Ctrl Pts',(-16.8934649249865,3.97114093855167,3.73642035993104));
#2154=CARTESIAN_POINT('Ctrl Pts',(-16.8863256528859,4.04394655884829,3.84137514617102));
#2155=CARTESIAN_POINT('Ctrl Pts',(-16.8790589673202,4.11962600849145,3.94418358948316));
#2156=CARTESIAN_POINT('Ctrl Pts',(-16.8719894355994,4.19325218441718,4.04420271712801));
#2157=CARTESIAN_POINT('Ctrl Pts',(-16.8647992049521,4.26959896283322,4.14219076219564));
#2158=CARTESIAN_POINT('Ctrl Pts',(-16.8575317763617,4.34857524866581,4.23794360489583));
#2159=CARTESIAN_POINT('Ctrl Pts',(-16.8506014944046,4.42388770917734,4.32925433328348));
#2160=CARTESIAN_POINT('Ctrl Pts',(-16.8436009379332,4.50159185183665,4.41853258457548));
#2161=CARTESIAN_POINT('Ctrl Pts',(-16.8365712203001,4.58161193037838,4.50555516143096));
#2162=CARTESIAN_POINT('Ctrl Pts',(-16.8312726143584,4.64192656686215,4.57114788746386));
#2163=CARTESIAN_POINT('Ctrl Pts',(-16.8259574982705,4.70355706719635,4.63545823220789));
#2164=CARTESIAN_POINT('Ctrl Pts',(-16.8206452328508,4.76646984258247,4.69837100759402));
#2165=CARTESIAN_POINT('Ctrl Pts',(-16.8193334341478,4.78200537980337,4.71390654481491));
#2166=CARTESIAN_POINT('Ctrl Pts',(-16.8180173257489,4.79767387957881,4.72941155756766));
#2167=CARTESIAN_POINT('Ctrl Pts',(-16.8166971767653,4.81347548394273,4.74488449569355));
#2168=CARTESIAN_POINT('Ctrl Pts',(-16.8099345128537,4.89442160510422,4.82414697407344));
#2169=CARTESIAN_POINT('Ctrl Pts',(-16.8031825338949,4.97746024249314,4.90120066467211));
#2170=CARTESIAN_POINT('Ctrl Pts',(-16.7964784022237,5.0623709954981,4.97601344619384));
#2171=CARTESIAN_POINT('Ctrl Pts',(-16.7895470280304,5.15015987420371,5.05336207366693));
#2172=CARTESIAN_POINT('Ctrl Pts',(-16.7826667132182,5.23995021672533,5.12831580510852));
#2173=CARTESIAN_POINT('Ctrl Pts',(-16.7758737600937,5.3315561271018,5.20083880127126));
#2174=CARTESIAN_POINT('Ctrl Pts',(-16.7688697302058,5.42600849890924,5.27561529735106));
#2175=CARTESIAN_POINT('Ctrl Pts',(-16.7619584715507,5.52239137719372,5.34780824516544));
#2176=CARTESIAN_POINT('Ctrl Pts',(-16.7551762750551,5.62055629730826,5.41736948013213));
#2177=CARTESIAN_POINT('Ctrl Pts',(-16.7481686715947,5.721983738159,5.48924258955712));
#2178=CARTESIAN_POINT('Ctrl Pts',(-16.7412987280967,5.82531403997257,5.55830687094766));
#2179=CARTESIAN_POINT('Ctrl Pts',(-16.7346045601568,5.93043574863164,5.62448963116586));
#2180=CARTESIAN_POINT('Ctrl Pts',(-16.7278793651074,6.03604469077453,5.69097914492948));
#2181=CARTESIAN_POINT('Ctrl Pts',(-16.7213314419707,6.14346232034455,5.75456103414354));
#2182=CARTESIAN_POINT('Ctrl Pts',(-16.7149995359562,6.25261931217054,5.81513168778422));
#2183=CARTESIAN_POINT('Ctrl Pts',(-16.7087697802148,6.36001531504486,5.87472517770802));
#2184=CARTESIAN_POINT('Ctrl Pts',(-16.7027490056379,6.46909570031953,5.93140432556545));
#2185=CARTESIAN_POINT('Ctrl Pts',(-16.6969761234258,6.5798266013569,5.98503293845523));
#2186=CARTESIAN_POINT('Ctrl Pts',(-16.6912422221247,6.68980980111741,6.03829942855942));
#2187=CARTESIAN_POINT('Ctrl Pts',(-16.6857527581537,6.80142188009113,6.08855700414807));
#2188=CARTESIAN_POINT('Ctrl Pts',(-16.6805496451671,6.9146523556129,6.13562681653478));
#2189=CARTESIAN_POINT('Ctrl Pts',(-16.6804522770062,6.91677128771867,6.13650765480927));
#2190=CARTESIAN_POINT('Ctrl Pts',(-16.6803550172818,6.91889061264188,6.13738730275085));
#2191=CARTESIAN_POINT('Ctrl Pts',(-16.6802578662326,6.92101033015237,6.13826575959317));
#2192=CARTESIAN_POINT('Ctrl Pts',(-16.6750701922672,7.03419905466299,6.18517361831886));
#2193=CARTESIAN_POINT('Ctrl Pts',(-16.6702129947071,7.14850644279352,6.22868849624277));
#2194=CARTESIAN_POINT('Ctrl Pts',(-16.6656856239825,7.26380038812734,6.26893028885629));
#2195=CARTESIAN_POINT('Ctrl Pts',(-16.6610882813532,7.38087623678889,6.30979403073145));
#2196=CARTESIAN_POINT('Ctrl Pts',(-16.6568309990946,7.49897020154804,6.34728282112815));
#2197=CARTESIAN_POINT('Ctrl Pts',(-16.6529181749768,7.61796175158783,6.38147102157852));
#2198=CARTESIAN_POINT('Ctrl Pts',(-16.648996366544,7.73722652054763,6.41573772225182));
#2199=CARTESIAN_POINT('Ctrl Pts',(-16.64542056582,7.8573938977676,6.44668866843247));
#2200=CARTESIAN_POINT('Ctrl Pts',(-16.6422008090343,7.97834718123508,6.47434713558137));
#2201=CARTESIAN_POINT('Ctrl Pts',(-16.6389704554098,8.09969854521878,6.50209663206462));
#2202=CARTESIAN_POINT('Ctrl Pts',(-16.6360984529549,8.22184193558401,6.52653199260299));
#2203=CARTESIAN_POINT('Ctrl Pts',(-16.6336011357694,8.34465039585506,6.54762437135784));
#2204=CARTESIAN_POINT('Ctrl Pts',(-16.6312331269411,8.46109996814194,6.56762460977053));
#2205=CARTESIAN_POINT('Ctrl Pts',(-16.6292020225974,8.57814816249601,6.58461873957595));
#2206=CARTESIAN_POINT('Ctrl Pts',(-16.6275273896162,8.69566741514216,6.59853815131864));
#2207=CARTESIAN_POINT('Ctrl Pts',(-16.6258984371296,8.80998098770468,6.61207787054291));
#2208=CARTESIAN_POINT('Ctrl Pts',(-16.6246067657253,8.92474087379323,6.62270820024081));
#2209=CARTESIAN_POINT('Ctrl Pts',(-16.6236758434765,9.03980188298651,6.6303263781669));
#2210=CARTESIAN_POINT('Ctrl Pts',(-16.622782775439,9.15018415153651,6.63763477714232));
#2211=CARTESIAN_POINT('Ctrl Pts',(-16.6222217192488,9.26084397857209,6.64217082984795));
#2212=CARTESIAN_POINT('Ctrl Pts',(-16.6220184930861,9.37162000834603,6.64380918233131));
#2213=CARTESIAN_POINT('Ctrl Pts',(-16.6219623211199,9.40223864189301,6.64426202501227));
#2214=CARTESIAN_POINT('Ctrl Pts',(-16.6219335174015,9.43286593035267,6.64449328769065));
#2215=CARTESIAN_POINT('Ctrl Pts',(-16.6219326993493,9.46349792577297,6.64449985601572));
#2216=CARTESIAN_POINT('Ctrl Pts',(-16.6219326873947,9.4639455695787,6.64449995200261));
#2217=CARTESIAN_POINT('Ctrl Pts',(-16.6219326814165,9.46439321104934,6.6445));
#2218=CARTESIAN_POINT('Ctrl Pts',(-16.6219326814165,9.46484085017648,6.6445));
#2219=CARTESIAN_POINT('Ctrl Pts',(72.400538691972,9.46484085017649,44.8688700094039));
#2220=CARTESIAN_POINT('Ctrl Pts',(68.6565309424419,9.46484085017649,38.3840762600655));
#2221=CARTESIAN_POINT('Ctrl Pts',(72.400538691972,8.62969597896465,44.8688700094039));
#2222=CARTESIAN_POINT('Ctrl Pts',(68.6565309424419,8.62969597896465,38.3840762600655));
#2223=CARTESIAN_POINT('Ctrl Pts',(72.266226389363,7.73942637313701,44.9703640437233));
#2224=CARTESIAN_POINT('Ctrl Pts',(68.5222186398329,7.73942637313701,38.4855702943849));
#2225=CARTESIAN_POINT('Ctrl Pts',(71.7161425778018,6.10259428716775,45.3742680844713));
#2226=CARTESIAN_POINT('Ctrl Pts',(67.9721348282717,6.10259428716775,38.8894743351329));
#2227=CARTESIAN_POINT('Ctrl Pts',(71.2998594222792,5.35596419413302,45.6757065184828));
#2228=CARTESIAN_POINT('Ctrl Pts',(67.5558516727491,5.35596419413302,39.1909127691445));
#2229=CARTESIAN_POINT('Ctrl Pts',(70.3284254589417,4.17697947120594,46.351102746562));
#2230=CARTESIAN_POINT('Ctrl Pts',(66.5844177094116,4.17697947120594,39.8663089972236));
#2231=CARTESIAN_POINT('Ctrl Pts',(69.7081980377774,3.66574528701182,46.7701008685465));
#2232=CARTESIAN_POINT('Ctrl Pts',(65.9641902882473,3.66574528701182,40.2853071192081));
#2233=CARTESIAN_POINT('Ctrl Pts',(68.3278436713438,2.98740432908826,47.6529326799328));
#2234=CARTESIAN_POINT('Ctrl Pts',(64.5838359218136,2.98740432908826,41.1681389305944));
#2235=CARTESIAN_POINT('Ctrl Pts',(67.5671345845499,2.82034085017649,48.1158891121687));
#2236=CARTESIAN_POINT('Ctrl Pts',(63.8231268350198,2.82034085017649,41.6310953628303));
#2237=CARTESIAN_POINT('Ctrl Pts',(66.1206320005812,2.82034085017649,48.951030073228));
#2238=CARTESIAN_POINT('Ctrl Pts',(62.3766242510511,2.82034085017649,42.4662363238896));
#2239=CARTESIAN_POINT('Ctrl Pts',(65.3393464473343,2.98740432908826,49.3783471184848));
#2240=CARTESIAN_POINT('Ctrl Pts',(61.5953386978042,2.98740432908826,42.8935533691465));
#2241=CARTESIAN_POINT('Ctrl Pts',(63.8846162903128,3.66574528701182,50.1323566372445));
#2242=CARTESIAN_POINT('Ctrl Pts',(60.1406085407827,3.66574528701182,43.6475628879061));
#2243=CARTESIAN_POINT('Ctrl Pts',(63.2116403450206,4.17697947120594,50.459991887559));
#2244=CARTESIAN_POINT('Ctrl Pts',(59.4676325954904,4.17697947120594,43.9751981382206));
#2245=CARTESIAN_POINT('Ctrl Pts',(62.1410142758252,5.35596419413302,50.9635828227321));
#2246=CARTESIAN_POINT('Ctrl Pts',(58.3970065262951,5.35596419413302,44.4787890733937));
#2247=CARTESIAN_POINT('Ctrl Pts',(61.6718198579514,6.10259428716774,51.1733765149805));
#2248=CARTESIAN_POINT('Ctrl Pts',(57.9278121084212,6.10259428716774,44.6885827656421));
#2249=CARTESIAN_POINT('Ctrl Pts',(61.046987448109,7.739426373137,51.4478125430176));
#2250=CARTESIAN_POINT('Ctrl Pts',(57.3029796985789,7.739426373137,44.9630187936793));
#2251=CARTESIAN_POINT('Ctrl Pts',(60.8919350414701,8.62969597896465,51.513383762543));
#2252=CARTESIAN_POINT('Ctrl Pts',(57.14792729194,8.62969597896465,45.0285900132047));
#2253=CARTESIAN_POINT('Ctrl Pts',(60.8919350414701,10.2999857213883,51.513383762543));
#2254=CARTESIAN_POINT('Ctrl Pts',(57.14792729194,10.2999857213883,45.0285900132047));
#2255=CARTESIAN_POINT('Ctrl Pts',(61.046987448109,11.190255327216,51.4478125430176));
#2256=CARTESIAN_POINT('Ctrl Pts',(57.3029796985789,11.190255327216,44.9630187936793));
#2257=CARTESIAN_POINT('Ctrl Pts',(61.6718198579514,12.8270874131852,51.1733765149805));
#2258=CARTESIAN_POINT('Ctrl Pts',(57.9278121084212,12.8270874131852,44.6885827656421));
#2259=CARTESIAN_POINT('Ctrl Pts',(62.1410142758252,13.5737175062199,50.9635828227321));
#2260=CARTESIAN_POINT('Ctrl Pts',(58.3970065262951,13.5737175062199,44.4787890733937));
#2261=CARTESIAN_POINT('Ctrl Pts',(63.2116403450206,14.752702229147,50.459991887559));
#2262=CARTESIAN_POINT('Ctrl Pts',(59.4676325954904,14.752702229147,43.9751981382206));
#2263=CARTESIAN_POINT('Ctrl Pts',(63.8846162903128,15.2639364133412,50.1323566372445));
#2264=CARTESIAN_POINT('Ctrl Pts',(60.1406085407827,15.2639364133412,43.6475628879061));
#2265=CARTESIAN_POINT('Ctrl Pts',(65.3393464473343,15.9422773712647,49.3783471184848));
#2266=CARTESIAN_POINT('Ctrl Pts',(61.5953386978042,15.9422773712647,42.8935533691465));
#2267=CARTESIAN_POINT('Ctrl Pts',(66.1206320005812,16.1093408501765,48.951030073228));
#2268=CARTESIAN_POINT('Ctrl Pts',(62.3766242510511,16.1093408501765,42.4662363238896));
#2269=CARTESIAN_POINT('Ctrl Pts',(67.5671345845499,16.1093408501765,48.1158891121687));
#2270=CARTESIAN_POINT('Ctrl Pts',(63.8231268350198,16.1093408501765,41.6310953628303));
#2271=CARTESIAN_POINT('Ctrl Pts',(68.3278436713438,15.9422773712647,47.6529326799328));
#2272=CARTESIAN_POINT('Ctrl Pts',(64.5838359218136,15.9422773712647,41.1681389305944));
#2273=CARTESIAN_POINT('Ctrl Pts',(69.7081980377774,15.2639364133412,46.7701008685465));
#2274=CARTESIAN_POINT('Ctrl Pts',(65.9641902882473,15.2639364133412,40.2853071192081));
#2275=CARTESIAN_POINT('Ctrl Pts',(70.3284254589417,14.752702229147,46.3511027465621));
#2276=CARTESIAN_POINT('Ctrl Pts',(66.5844177094116,14.752702229147,39.8663089972236));
#2277=CARTESIAN_POINT('Ctrl Pts',(71.2998594222792,13.57371750622,45.6757065184828));
#2278=CARTESIAN_POINT('Ctrl Pts',(67.5558516727491,13.57371750622,39.1909127691445));
#2279=CARTESIAN_POINT('Ctrl Pts',(71.7161425778018,12.8270874131852,45.3742680844713));
#2280=CARTESIAN_POINT('Ctrl Pts',(67.9721348282717,12.8270874131852,38.8894743351329));
#2281=CARTESIAN_POINT('Ctrl Pts',(72.266226389363,11.190255327216,44.9703640437233));
#2282=CARTESIAN_POINT('Ctrl Pts',(68.5222186398329,11.190255327216,38.4855702943849));
#2283=CARTESIAN_POINT('Ctrl Pts',(72.400538691972,10.2999857213883,44.8688700094039));
#2284=CARTESIAN_POINT('Ctrl Pts',(68.6565309424419,10.2999857213883,38.3840762600655));
#2285=CARTESIAN_POINT('Ctrl Pts',(72.400538691972,9.46484085017649,44.8688700094039));
#2286=CARTESIAN_POINT('Ctrl Pts',(68.6565309424419,9.46484085017649,38.3840762600655));
#2287=CARTESIAN_POINT('',(72.2998255473929,9.46484085017649,44.6944302074232));
#2288=CARTESIAN_POINT('',(72.400538691972,9.46484085017649,44.8688700094039));
#2289=CARTESIAN_POINT('Ctrl Pts',(72.299825547393,9.46484085017649,44.6944302074232));
#2290=CARTESIAN_POINT('Ctrl Pts',(72.299825547393,9.57677727271884,44.6944302074232));
#2291=CARTESIAN_POINT('Ctrl Pts',(72.2974157154723,9.6886471820567,44.6962526755195));
#2292=CARTESIAN_POINT('Ctrl Pts',(72.2927023045449,9.80027557563546,44.6998038231497));
#2293=CARTESIAN_POINT('Ctrl Pts',(72.287830893333,9.91564591283185,44.7034740103342));
#2294=CARTESIAN_POINT('Ctrl Pts',(72.2804990014546,10.0307588084273,44.7089906471738));
#2295=CARTESIAN_POINT('Ctrl Pts',(72.2707919366858,10.1454620931362,44.7162756358263));
#2296=CARTESIAN_POINT('Ctrl Pts',(72.2607817289156,10.2637474594342,44.7237881281967));
#2297=CARTESIAN_POINT('Ctrl Pts',(72.2482458218795,10.3815978764439,44.7331810718365));
#2298=CARTESIAN_POINT('Ctrl Pts',(72.2332422659117,10.4988801744068,44.7443965173665));
#2299=CARTESIAN_POINT('Ctrl Pts',(72.2175254741862,10.6217378125652,44.7561451202899));
#2300=CARTESIAN_POINT('Ctrl Pts',(72.1991011320647,10.743972773145,44.7698934402768));
#2301=CARTESIAN_POINT('Ctrl Pts',(72.1779941319882,10.8654576759461,44.7856068657225));
#2302=CARTESIAN_POINT('Ctrl Pts',(72.1569694317695,10.9864688880202,44.8012590217943));
#2303=CARTESIAN_POINT('Ctrl Pts',(72.1332829199746,11.1067368238104,44.8188610558971));
#2304=CARTESIAN_POINT('Ctrl Pts',(72.1069172363997,11.2261473420059,44.838410220778));
#2305=CARTESIAN_POINT('Ctrl Pts',(72.0803967426266,11.3462589975694,44.8580741716109));
#2306=CARTESIAN_POINT('Ctrl Pts',(72.051165584394,11.4655040620576,44.8797081823941));
#2307=CARTESIAN_POINT('Ctrl Pts',(72.0191632382308,11.5837642840565,44.9033409479246));
#2308=CARTESIAN_POINT('Ctrl Pts',(71.9871608920676,11.7020245060555,44.9269737134552));
#2309=CARTESIAN_POINT('Ctrl Pts',(71.9523874062134,11.8193008151335,44.9526052403887));
#2310=CARTESIAN_POINT('Ctrl Pts',(71.9147387624135,11.9354589599918,44.9802955535758));
#2311=CARTESIAN_POINT('Ctrl Pts',(71.9068071178179,11.9599306282624,44.9861292224886));
#2312=CARTESIAN_POINT('Ctrl Pts',(71.8987533118109,11.9843352791422,44.9920502556223));
#2313=CARTESIAN_POINT('Ctrl Pts',(71.89057679117,12.0086713702006,44.9980589101228));
#2314=CARTESIAN_POINT('Ctrl Pts',(71.8502226106243,12.1287790609255,45.0277138622959));
#2315=CARTESIAN_POINT('Ctrl Pts',(71.8068716300557,12.2472199717783,45.0594798511611));
#2316=CARTESIAN_POINT('Ctrl Pts',(71.7606795046504,12.3639284076046,45.0932091721919));
#2317=CARTESIAN_POINT('Ctrl Pts',(71.7140466132466,12.48175047719,45.1272603389428));
#2318=CARTESIAN_POINT('Ctrl Pts',(71.6645176320902,12.5978075365631,45.1633129086532));
#2319=CARTESIAN_POINT('Ctrl Pts',(71.6122149287445,12.7120040301114,45.2012406145941));
#2320=CARTESIAN_POINT('Ctrl Pts',(71.5603618534821,12.8252188162675,45.2388422692864));
#2321=CARTESIAN_POINT('Ctrl Pts',(71.5057819929075,12.9366054931862,45.2782874363728));
#2322=CARTESIAN_POINT('Ctrl Pts',(71.4485653632811,13.0460340890699,45.3194713767938));
#2323=CARTESIAN_POINT('Ctrl Pts',(71.4086935452204,13.122290189686,45.3481707005778));
#2324=CARTESIAN_POINT('Ctrl Pts',(71.3675406741398,13.197594676612,45.3777147753006));
#2325=CARTESIAN_POINT('Ctrl Pts',(71.3251308143716,13.2718904132944,45.4080716353271));
#2326=CARTESIAN_POINT('Ctrl Pts',(71.273571448532,13.362214717333,45.4449776864294));
#2327=CARTESIAN_POINT('Ctrl Pts',(71.2199447107962,13.4514050071942,45.4832347145529));
#2328=CARTESIAN_POINT('Ctrl Pts',(71.1644514948774,13.5389966442536,45.5226685201389));
#2329=CARTESIAN_POINT('Ctrl Pts',(71.1085395655152,13.6272491872518,45.5623998659601));
#2330=CARTESIAN_POINT('Ctrl Pts',(71.0507332225276,13.7138782262097,45.6033254933169));
#2331=CARTESIAN_POINT('Ctrl Pts',(70.9912766364364,13.7984333886764,45.6452405133747));
#2332=CARTESIAN_POINT('Ctrl Pts',(70.9318144110816,13.8829965709247,45.6871595089355));
#2333=CARTESIAN_POINT('Ctrl Pts',(70.870702067179,13.9654848691353,45.7300676898128));
#2334=CARTESIAN_POINT('Ctrl Pts',(70.8082164872626,14.045481932676,45.7737389390513));
#2335=CARTESIAN_POINT('Ctrl Pts',(70.7770681069976,14.0853595965879,45.795508580619));
#2336=CARTESIAN_POINT('Ctrl Pts',(70.7455789565289,14.1246187994635,45.8174675456057));
#2337=CARTESIAN_POINT('Ctrl Pts',(70.7137858277494,14.1632118577705,45.8395863400534));
#2338=CARTESIAN_POINT('Ctrl Pts',(70.6543087706144,14.2354098962168,45.8809651175323));
#2339=CARTESIAN_POINT('Ctrl Pts',(70.5927896143133,14.3064589391623,45.9235801211495));
#2340=CARTESIAN_POINT('Ctrl Pts',(70.52947380297,14.3760530279995,45.967236000788));
#2341=CARTESIAN_POINT('Ctrl Pts',(70.4576060827408,14.4550470170213,46.0167883713199));
#2342=CARTESIAN_POINT('Ctrl Pts',(70.3839034741855,14.5316489979236,46.0673513501386));
#2343=CARTESIAN_POINT('Ctrl Pts',(70.3085311869641,14.6058129346925,46.1187853137035));
#2344=CARTESIAN_POINT('Ctrl Pts',(70.2306618996091,14.682433840287,46.1719232273358));
#2345=CARTESIAN_POINT('Ctrl Pts',(70.1510102431237,14.7564530463839,46.2259910341755));
#2346=CARTESIAN_POINT('Ctrl Pts',(70.0697115941984,14.827815015182,46.2808664522952));
#2347=CARTESIAN_POINT('Ctrl Pts',(69.9861083780511,14.9011998768122,46.3372974201265));
#2348=CARTESIAN_POINT('Ctrl Pts',(69.900763172442,14.9717753697957,46.3945827406784));
#2349=CARTESIAN_POINT('Ctrl Pts',(69.813778652044,15.0394667338605,46.4526181048126));
#2350=CARTESIAN_POINT('Ctrl Pts',(69.7248307096434,15.1086860331601,46.5119634481287));
#2351=CARTESIAN_POINT('Ctrl Pts',(69.6341682400763,15.1748902685644,46.572093445869));
#2352=CARTESIAN_POINT('Ctrl Pts',(69.5418603335742,15.2379740057492,46.6329208864197));
#2353=CARTESIAN_POINT('Ctrl Pts',(69.4496735054641,15.3009749972869,46.6936685408613));
#2354=CARTESIAN_POINT('Ctrl Pts',(69.355845046893,15.3608643222166,46.7551122592774));
#2355=CARTESIAN_POINT('Ctrl Pts',(69.2604105228368,15.4175014875964,46.8171828337447));
#2356=CARTESIAN_POINT('Ctrl Pts',(69.1667935487672,15.4730599984725,46.8780712744621));
#2357=CARTESIAN_POINT('Ctrl Pts',(69.0716305793419,15.5254895364192,46.9395633576244));
#2358=CARTESIAN_POINT('Ctrl Pts',(68.9749308957643,15.5746150814823,47.0016041619592));
#2359=CARTESIAN_POINT('Ctrl Pts',(68.9559853436349,15.5842398345367,47.0137592926606));
#2360=CARTESIAN_POINT('Ctrl Pts',(68.9369807419281,15.5937376171458,47.0259355073289));
#2361=CARTESIAN_POINT('Ctrl Pts',(68.9179170742541,15.6031068923029,47.0381324192264));
#2362=CARTESIAN_POINT('Ctrl Pts',(68.8537902840289,15.6346234689049,47.07916066332));
#2363=CARTESIAN_POINT('Ctrl Pts',(68.7889902763858,15.6646862562862,47.120415519027));
#2364=CARTESIAN_POINT('Ctrl Pts',(68.7235496140028,15.6933100366906,47.1618759962101));
#2365=CARTESIAN_POINT('Ctrl Pts',(68.5846812597332,15.7540511284367,47.2498571997002));
#2366=CARTESIAN_POINT('Ctrl Pts',(68.4430913641129,15.8082403293521,47.338660728125));
#2367=CARTESIAN_POINT('Ctrl Pts',(68.2994637721167,15.8558438897898,47.427847922691));
#2368=CARTESIAN_POINT('Ctrl Pts',(68.1643043861791,15.9006407697471,47.5117766879339));
#2369=CARTESIAN_POINT('Ctrl Pts',(68.0273398831061,15.9396053013082,47.5960455489748));
#2370=CARTESIAN_POINT('Ctrl Pts',(67.8891591731171,15.9726719468277,47.6802721265728));
#2371=CARTESIAN_POINT('Ctrl Pts',(67.7558147773046,16.0045812623081,47.7615507804604));
#2372=CARTESIAN_POINT('Ctrl Pts',(67.621337292894,16.0309981341954,47.8427903641013));
#2373=CARTESIAN_POINT('Ctrl Pts',(67.486282388129,16.0518315354525,47.9236264814917));
#2374=CARTESIAN_POINT('Ctrl Pts',(67.3583147868153,16.0715716581138,48.000220545661));
#2375=CARTESIAN_POINT('Ctrl Pts',(67.2298284881212,16.08629871434,48.0764525292215));
#2376=CARTESIAN_POINT('Ctrl Pts',(67.1013259348247,16.0959089652736,48.1519903749657));
#2377=CARTESIAN_POINT('Ctrl Pts',(66.9820489482626,16.1048292687388,48.2221051421874));
#2378=CARTESIAN_POINT('Ctrl Pts',(66.862757901851,16.1093408501765,48.2916218647882));
#2379=CARTESIAN_POINT('Ctrl Pts',(66.7438830526531,16.1093408501765,48.3602545744134));
#2380=CARTESIAN_POINT('Ctrl Pts',(66.6679599950986,16.1093408501765,48.4040889531585));
#2381=CARTESIAN_POINT('Ctrl Pts',(66.5911551358224,16.1075001711257,48.4481697460099));
#2382=CARTESIAN_POINT('Ctrl Pts',(66.5135711435954,16.1037759897998,48.4924378143652));
#2383=CARTESIAN_POINT('Ctrl Pts',(66.4124065901737,16.0989198960377,48.5501605383119));
#2384=CARTESIAN_POINT('Ctrl Pts',(66.3112326231436,16.0909270516505,48.6074516571506));
#2385=CARTESIAN_POINT('Ctrl Pts',(66.2102176313244,16.0799209810952,48.6642443270505));
#2386=CARTESIAN_POINT('Ctrl Pts',(66.1058851439133,16.0685534533949,48.7229021600182));
#2387=CARTESIAN_POINT('Ctrl Pts',(66.0017217174207,16.0539716892997,48.7810285667608));
#2388=CARTESIAN_POINT('Ctrl Pts',(65.8978778552681,16.036268947566,48.8385630908577));
#2389=CARTESIAN_POINT('Ctrl Pts',(65.7910627970318,16.0180596923435,48.8977438013457));
#2390=CARTESIAN_POINT('Ctrl Pts',(65.6845852137168,15.996548469657,48.9562986334266));
#2391=CARTESIAN_POINT('Ctrl Pts',(65.5785815116724,15.9717897449849,49.0141704012389));
#2392=CARTESIAN_POINT('Ctrl Pts',(65.4699378138339,15.9464144104422,49.0734834510129));
#2393=CARTESIAN_POINT('Ctrl Pts',(65.3617911484466,15.9176279731444,49.1320794074217));
#2394=CARTESIAN_POINT('Ctrl Pts',(65.2542707169461,15.8854378521462,49.1898996186538));
#2395=CARTESIAN_POINT('Ctrl Pts',(65.1466953861671,15.8532312950679,49.2477493525343));
#2396=CARTESIAN_POINT('Ctrl Pts',(65.0397461125734,15.8176175729932,49.3048229815838));
#2397=CARTESIAN_POINT('Ctrl Pts',(64.9335467861226,15.7785525331878,49.3610581868513));
#2398=CARTESIAN_POINT('Ctrl Pts',(64.8292012246195,15.7401693941429,49.4163117771139));
#2399=CARTESIAN_POINT('Ctrl Pts',(64.7255789185913,15.6984542516669,49.4707563349565));
#2400=CARTESIAN_POINT('Ctrl Pts',(64.6228035629016,15.6533166209083,49.5243233419181));
#2401=CARTESIAN_POINT('Ctrl Pts',(64.5857157388206,15.6370281196643,49.5436536932208));
#2402=CARTESIAN_POINT('Ctrl Pts',(64.5487383188558,15.620293478288,49.562869650771));
#2403=CARTESIAN_POINT('Ctrl Pts',(64.5118775996801,15.6031068923029,49.5819675421864));
#2404=CARTESIAN_POINT('Ctrl Pts',(64.455837218068,15.5769776452683,49.6110026002874));
#2405=CARTESIAN_POINT('Ctrl Pts',(64.4000692599055,15.54980418666,49.6397704226254));
#2406=CARTESIAN_POINT('Ctrl Pts',(64.3445843171457,15.5216079523249,49.6682722716553));
#2407=CARTESIAN_POINT('Ctrl Pts',(64.2043066507797,15.4503219104528,49.7403309720911));
#2408=CARTESIAN_POINT('Ctrl Pts',(64.066028964568,15.372596629096,49.8105915472415));
#2409=CARTESIAN_POINT('Ctrl Pts',(63.9302877912631,15.2889652870504,49.8788888920699));
#2410=CARTESIAN_POINT('Ctrl Pts',(63.8019425690276,15.2098906561233,49.9434650091512));
#2411=CARTESIAN_POINT('Ctrl Pts',(63.675864656966,15.1255351691946,50.0062860401407));
#2412=CARTESIAN_POINT('Ctrl Pts',(63.5525458992293,15.0363358684755,50.0671924317564));
#2413=CARTESIAN_POINT('Ctrl Pts',(63.433569613314,14.9502775777451,50.1259541026971));
#2414=CARTESIAN_POINT('Ctrl Pts',(63.317161248313,14.8597099822304,50.1829336759444));
#2415=CARTESIAN_POINT('Ctrl Pts',(63.2038040384468,14.7650228163586,50.2379678511451));
#2416=CARTESIAN_POINT('Ctrl Pts',(63.0926174105574,14.6721487354765,50.2919482231609));
#2417=CARTESIAN_POINT('Ctrl Pts',(62.984365808695,14.5753108027594,50.3440571008274));
#2418=CARTESIAN_POINT('Ctrl Pts',(62.8795514361711,14.4748824584824,50.3941193241384));
#2419=CARTESIAN_POINT('Ctrl Pts',(62.7807665763329,14.3802313178584,50.4413016865747));
#2420=CARTESIAN_POINT('Ctrl Pts',(62.6850348477581,14.2823906212776,50.4866660517663));
#2421=CARTESIAN_POINT('Ctrl Pts',(62.5928205062894,14.1816841943421,50.5300466008155));
#2422=CARTESIAN_POINT('Ctrl Pts',(62.5871920370826,14.1755373953312,50.5326944111301));
#2423=CARTESIAN_POINT('Ctrl Pts',(62.5815766862506,14.1693799246364,50.5353348245853));
#2424=CARTESIAN_POINT('Ctrl Pts',(62.5759745650643,14.1632118577705,50.5379678010371));
#2425=CARTESIAN_POINT('Ctrl Pts',(62.5223606009616,14.1041816253754,50.5631661679198));
#2426=CARTESIAN_POINT('Ctrl Pts',(62.4692405219554,14.0433899022408,50.5880228602447));
#2427=CARTESIAN_POINT('Ctrl Pts',(62.4167084440576,13.9808797424978,50.6125038490031));
#2428=CARTESIAN_POINT('Ctrl Pts',(62.3447600819248,13.8952653181282,50.6460332107768));
#2429=CARTESIAN_POINT('Ctrl Pts',(62.2748616585836,13.8075578246372,50.6784167332594));
#2430=CARTESIAN_POINT('Ctrl Pts',(62.2070691046727,13.7179716992598,50.7096664113556));
#2431=CARTESIAN_POINT('Ctrl Pts',(62.1370142584763,13.6253960125126,50.7419589164527));
#2432=CARTESIAN_POINT('Ctrl Pts',(62.0692076557676,13.5308139085544,50.7730408314357));
#2433=CARTESIAN_POINT('Ctrl Pts',(62.0037120982404,13.4344053059801,50.8029198422732));
#2434=CARTESIAN_POINT('Ctrl Pts',(61.9363111240616,13.3351919550588,50.8336681023687));
#2435=CARTESIAN_POINT('Ctrl Pts',(61.8713570077203,13.2340438874509,50.8631426715056));
#2436=CARTESIAN_POINT('Ctrl Pts',(61.8089280936571,13.1311036621174,50.8913429428274));
#2437=CARTESIAN_POINT('Ctrl Pts',(61.7449344705309,13.0255833582106,50.9202500215762));
#2438=CARTESIAN_POINT('Ctrl Pts',(61.6835935158899,12.9181794515868,50.9478183774463));
#2439=CARTESIAN_POINT('Ctrl Pts',(61.6250100005933,12.8089969074756,50.9740343941637));
#2440=CARTESIAN_POINT('Ctrl Pts',(61.5664229038127,12.6998076885256,51.0002520135886));
#2441=CARTESIAN_POINT('Ctrl Pts',(61.5105929463292,12.5888389556822,51.025117338094));
#2442=CARTESIAN_POINT('Ctrl Pts',(61.4576550744469,12.4761566472234,51.0486005221892));
#2443=CARTESIAN_POINT('Ctrl Pts',(61.4057029392829,12.3655725547491,51.0716464345165));
#2444=CARTESIAN_POINT('Ctrl Pts',(61.3565356984258,12.2533374323441,51.0933613454716));
#2445=CARTESIAN_POINT('Ctrl Pts',(61.3103180951148,12.1394860208298,51.1136988796351));
#2446=CARTESIAN_POINT('Ctrl Pts',(61.2927119924537,12.0961155408474,51.1214462461946));
#2447=CARTESIAN_POINT('Ctrl Pts',(61.2755343536306,12.0525102761986,51.1289935332589));
#2448=CARTESIAN_POINT('Ctrl Pts',(61.2587959726319,12.0086713702006,51.1363373958337));
#2449=CARTESIAN_POINT('Ctrl Pts',(61.2366042417814,11.9505497870699,51.1460738823957));
#2450=CARTESIAN_POINT('Ctrl Pts',(61.2151874736412,11.8920171878898,51.1554575263256));
#2451=CARTESIAN_POINT('Ctrl Pts',(61.1945401724884,11.8330903669118,51.1644924980112));
#2452=CARTESIAN_POINT('Ctrl Pts',(61.1420111018357,11.6831738659807,51.1874784884079));
#2453=CARTESIAN_POINT('Ctrl Pts',(61.0945595874978,11.5309894498885,51.2081652560198));
#2454=CARTESIAN_POINT('Ctrl Pts',(61.0521779639825,11.3770995860071,51.226585689362));
#2455=CARTESIAN_POINT('Ctrl Pts',(61.009314170018,11.2214589363218,51.2452156896787));
#2456=CARTESIAN_POINT('Ctrl Pts',(60.9716361695035,11.0640725613022,51.2615274940817));
#2457=CARTESIAN_POINT('Ctrl Pts',(60.9391857085746,10.9055338683846,51.2755338736334));
#2458=CARTESIAN_POINT('Ctrl Pts',(60.9091690525773,10.7588856769152,51.28848976593));
#2459=CARTESIAN_POINT('Ctrl Pts',(60.8836256936804,10.6112508586556,51.2994728407942));
#2460=CARTESIAN_POINT('Ctrl Pts',(60.8626270494291,10.4631220372591,51.3084773482054));
#2461=CARTESIAN_POINT('Ctrl Pts',(60.8423131417947,10.3198234909417,51.3171882311393));
#2462=CARTESIAN_POINT('Ctrl Pts',(60.8262525412108,10.176061996062,51.324047386878));
#2463=CARTESIAN_POINT('Ctrl Pts',(60.8145431778158,10.0323153276411,51.3290363345699));
#2464=CARTESIAN_POINT('Ctrl Pts',(60.8033721012854,9.89517678477317,51.3337959371711));
#2465=CARTESIAN_POINT('Ctrl Pts',(60.7961615910363,9.75805133526013,51.3368532288367));
#2466=CARTESIAN_POINT('Ctrl Pts',(60.7930249037505,9.62139047168661,51.3381812883362));
#2467=CARTESIAN_POINT('Ctrl Pts',(60.7918254014572,9.56912991641921,51.3386891522927));
#2468=CARTESIAN_POINT('Ctrl Pts',(60.791221935572,9.51693772612704,51.3389440275595));
#2469=CARTESIAN_POINT('Ctrl Pts',(60.7912219217118,9.46484085017649,51.3389440035529));
#2470=CARTESIAN_POINT('Ctrl Pts',(60.7912219027562,9.39359198537581,51.3389439707209));
#2471=CARTESIAN_POINT('Ctrl Pts',(60.7923504825736,9.32171892830486,51.3384672312093));
#2472=CARTESIAN_POINT('Ctrl Pts',(60.7946313930744,9.24927804398756,51.3375005326734));
#2473=CARTESIAN_POINT('Ctrl Pts',(60.7982724149608,9.13364051889745,51.3359573899131));
#2474=CARTESIAN_POINT('Ctrl Pts',(60.8047961202088,9.01818382684807,51.3331883796006));
#2475=CARTESIAN_POINT('Ctrl Pts',(60.814079302897,8.9030860157554,51.329233406737));
#2476=CARTESIAN_POINT('Ctrl Pts',(60.823668974397,8.7841881941972,51.3251478585121));
#2477=CARTESIAN_POINT('Ctrl Pts',(60.8362032097828,8.6656727484823,51.3197968263083));
#2478=CARTESIAN_POINT('Ctrl Pts',(60.8515859899366,8.54769817188224,51.3132084119714));
#2479=CARTESIAN_POINT('Ctrl Pts',(60.8674177113439,8.42628054703212,51.306427716983));
#2480=CARTESIAN_POINT('Ctrl Pts',(60.8862665362023,8.30543510672652,51.2983364483935));
#2481=CARTESIAN_POINT('Ctrl Pts',(60.9080713037759,8.1853054516957,51.2889473863102));
#2482=CARTESIAN_POINT('Ctrl Pts',(60.9304650193075,8.06193108814926,51.2793047251494));
#2483=CARTESIAN_POINT('Ctrl Pts',(60.9559763609165,7.93931085988587,51.2682933173006));
#2484=CARTESIAN_POINT('Ctrl Pts',(60.9845865223727,7.81758202238565,51.2559069991902));
#2485=CARTESIAN_POINT('Ctrl Pts',(61.0132444801057,7.69564982408883,51.2434999884356));
#2486=CARTESIAN_POINT('Ctrl Pts',(61.0450116354565,7.57461107506955,51.2297134998162));
#2487=CARTESIAN_POINT('Ctrl Pts',(61.0799168099643,7.45459908278741,51.2145206654133));
#2488=CARTESIAN_POINT('Ctrl Pts',(61.1142291635819,7.3366253446354,51.1995858623695));
#2489=CARTESIAN_POINT('Ctrl Pts',(61.1515739793908,7.21964294925936,51.1832920550105));
#2490=CARTESIAN_POINT('Ctrl Pts',(61.1920234204922,7.10378703858768,51.16559380699));
#2491=CARTESIAN_POINT('Ctrl Pts',(61.2134072865543,7.04253904086884,51.1562375104653));
#2492=CARTESIAN_POINT('Ctrl Pts',(61.2356595712564,6.98160608944773,51.1464883696908));
#2493=CARTESIAN_POINT('Ctrl Pts',(61.2587959669248,6.92101033015237,51.1363373859487));
#2494=CARTESIAN_POINT('Ctrl Pts',(61.2766403311066,6.87427475334789,51.1285082558934));
#2495=CARTESIAN_POINT('Ctrl Pts',(61.2950087890808,6.82773957180498,51.1204370214279));
#2496=CARTESIAN_POINT('Ctrl Pts',(61.3138925499369,6.78140802016389,51.1121257409343));
#2497=CARTESIAN_POINT('Ctrl Pts',(61.370513665499,6.64248738038049,51.0872051768113));
#2498=CARTESIAN_POINT('Ctrl Pts',(61.4316335996749,6.50571818247036,51.0601855305493));
#2499=CARTESIAN_POINT('Ctrl Pts',(61.4969071551893,6.37137597871376,51.0311697898092));
#2500=CARTESIAN_POINT('Ctrl Pts',(61.561850939889,6.23771248990736,51.0023006405086));
#2501=CARTESIAN_POINT('Ctrl Pts',(61.6309072706951,6.10645080399205,50.971455248044));
#2502=CARTESIAN_POINT('Ctrl Pts',(61.7037663068099,5.97790029144258,50.9387189188936));
#2503=CARTESIAN_POINT('Ctrl Pts',(61.7737430049041,5.85443529813225,50.907277654449));
#2504=CARTESIAN_POINT('Ctrl Pts',(61.8472282626187,5.73347081678059,50.8740918144547));
#2505=CARTESIAN_POINT('Ctrl Pts',(61.9239638965532,5.61532379879397,50.8392262424893));
#2506=CARTESIAN_POINT('Ctrl Pts',(61.9983293179955,5.50082610933431,50.8054375993246));
#2507=CARTESIAN_POINT('Ctrl Pts',(62.0757480281477,5.38897415227214,50.7700711658528));
#2508=CARTESIAN_POINT('Ctrl Pts',(62.1559908297437,5.28010302033662,50.7331793304656));
#2509=CARTESIAN_POINT('Ctrl Pts',(62.2322519353321,5.17663413935377,50.6981180901068));
#2510=CARTESIAN_POINT('Ctrl Pts',(62.3110642800469,5.07585747742944,50.6616788917071));
#2511=CARTESIAN_POINT('Ctrl Pts',(62.392228894472,4.97810665336483,50.6239035151941));
#2512=CARTESIAN_POINT('Ctrl Pts',(62.4522200530521,4.90585613841643,50.5959826211091));
#2513=CARTESIAN_POINT('Ctrl Pts',(62.513496276355,4.83525956076199,50.5673316808663));
#2514=CARTESIAN_POINT('Ctrl Pts',(62.5759742163799,4.76646984258247,50.5379671970997));
#2515=CARTESIAN_POINT('Ctrl Pts',(62.6133093098121,4.72536300464287,50.5204197916542));
#2516=CARTESIAN_POINT('Ctrl Pts',(62.651421315018,4.68451817837254,50.5024530627063));
#2517=CARTESIAN_POINT('Ctrl Pts',(62.6903005847259,4.64396691441524,50.4840661724972));
#2518=CARTESIAN_POINT('Ctrl Pts',(62.7661987912389,4.56480472260157,50.4481721857864));
#2519=CARTESIAN_POINT('Ctrl Pts',(62.8438955169268,4.48793159375547,50.411209454768));
#2520=CARTESIAN_POINT('Ctrl Pts',(62.9231843993087,4.41338536134165,50.3732540158937));
#2521=CARTESIAN_POINT('Ctrl Pts',(63.0051395936673,4.33633230191332,50.3340222184908));
#2522=CARTESIAN_POINT('Ctrl Pts',(63.0887961304858,4.26176473902268,50.2937297544404));
#2523=CARTESIAN_POINT('Ctrl Pts',(63.173977822224,4.18972673854574,50.2524358356392));
#2524=CARTESIAN_POINT('Ctrl Pts',(63.2617138315384,4.11552855637926,50.2099036486089));
#2525=CARTESIAN_POINT('Ctrl Pts',(63.3510682193126,4.04401329658831,50.1663089498144));
#2526=CARTESIAN_POINT('Ctrl Pts',(63.4418970337362,3.97524041560523,50.1216919252107));
#2527=CARTESIAN_POINT('Ctrl Pts',(63.5353100213526,3.9045108754215,50.075805500366));
#2528=CARTESIAN_POINT('Ctrl Pts',(63.6302829795674,3.8366812493712,50.0288376363706));
#2529=CARTESIAN_POINT('Ctrl Pts',(63.7267034374754,3.7718384651064,49.9808081304011));
#2530=CARTESIAN_POINT('Ctrl Pts',(63.8233103498469,3.706870290164,49.9326857466756));
#2531=CARTESIAN_POINT('Ctrl Pts',(63.9213709970654,3.64489985668862,49.8834974037161));
#2532=CARTESIAN_POINT('Ctrl Pts',(64.0208074053031,3.58604706714995,49.8332419319406));
#2533=CARTESIAN_POINT('Ctrl Pts',(64.1184690315069,3.52824470647695,49.7838834405566));
#2534=CARTESIAN_POINT('Ctrl Pts',(64.2174583971435,3.47344918875321,49.7334953353365));
#2535=CARTESIAN_POINT('Ctrl Pts',(64.3177258654653,3.42181384919165,49.6820595868874));
#2536=CARTESIAN_POINT('Ctrl Pts',(64.3819218935983,3.38875443553905,49.6491279610097));
#2537=CARTESIAN_POINT('Ctrl Pts',(64.4466422957988,3.35699125253864,49.6157665590889));
#2538=CARTESIAN_POINT('Ctrl Pts',(64.5118776066153,3.32657480805004,49.5819675541985));
#2539=CARTESIAN_POINT('Ctrl Pts',(64.5414423817007,3.31279001375771,49.5666497766761));
#2540=CARTESIAN_POINT('Ctrl Pts',(64.571112172488,3.29928202221854,49.5512405298519));
#2541=CARTESIAN_POINT('Ctrl Pts',(64.6008842904138,3.28604948634187,49.5357411977404));
#2542=CARTESIAN_POINT('Ctrl Pts',(64.7150292276644,3.23531654953591,49.4763174679372));
#2543=CARTESIAN_POINT('Ctrl Pts',(64.8303259250592,3.18878498367781,49.4157534536512));
#2544=CARTESIAN_POINT('Ctrl Pts',(64.946526309287,3.14637326047739,49.3541830229644));
#2545=CARTESIAN_POINT('Ctrl Pts',(65.0634806354815,3.10368635765333,49.2922131053748));
#2546=CARTESIAN_POINT('Ctrl Pts',(65.1813512922638,3.06517289769393,49.2292232070206));
#2547=CARTESIAN_POINT('Ctrl Pts',(65.2998892549581,3.03080148968383,49.1653412233117));
#2548=CARTESIAN_POINT('Ctrl Pts',(65.419003402679,2.99626301038122,49.1011487243751));
#2549=CARTESIAN_POINT('Ctrl Pts',(65.5387922910384,2.96590690074414,49.0360549579851));
#2550=CARTESIAN_POINT('Ctrl Pts',(65.6589935285675,2.93975397637328,48.9701882135053));
#2551=CARTESIAN_POINT('Ctrl Pts',(65.7727219632563,2.91500937962557,48.9078683746941));
#2552=CARTESIAN_POINT('Ctrl Pts',(65.8868201453394,2.89402786588396,48.8448561914783));
#2553=CARTESIAN_POINT('Ctrl Pts',(66.0010462952027,2.87687078897866,48.7812651823738));
#2554=CARTESIAN_POINT('Ctrl Pts',(66.111959343655,2.86021134887344,48.7195186148638));
#2555=CARTESIAN_POINT('Ctrl Pts',(66.2229936067284,2.84715786578168,48.657225993616));
#2556=CARTESIAN_POINT('Ctrl Pts',(66.333900328601,2.83780529542744,48.5945009031166));
#2557=CARTESIAN_POINT('Ctrl Pts',(66.4400871743644,2.82885074399063,48.5344452148959));
#2558=CARTESIAN_POINT('Ctrl Pts',(66.5461574803613,2.82328901216096,48.4739928576702));
#2559=CARTESIAN_POINT('Ctrl Pts',(66.6518608511434,2.82123681041219,48.4132563370067));
#2560=CARTESIAN_POINT('Ctrl Pts',(66.682568377178,2.82064063227555,48.395611977364));
#2561=CARTESIAN_POINT('Ctrl Pts',(66.713244702232,2.82034085017649,48.3779437333359));
#2562=CARTESIAN_POINT('Ctrl Pts',(66.7438830789773,2.82034085017649,48.360254620008));
#2563=CARTESIAN_POINT('Ctrl Pts',(66.7764660696987,2.82034085017649,48.3414427808487));
#2564=CARTESIAN_POINT('Ctrl Pts',(66.8091999389254,2.82067988890578,48.3224954488587));
#2565=CARTESIAN_POINT('Ctrl Pts',(66.8420793218864,2.82136327083862,48.303415456334));
#2566=CARTESIAN_POINT('Ctrl Pts',(66.940629696806,2.82341159229816,48.246226414222));
#2567=CARTESIAN_POINT('Ctrl Pts',(67.0388837233859,2.82851732981119,48.1887766529367));
#2568=CARTESIAN_POINT('Ctrl Pts',(67.1367022078316,2.83654767268171,48.1311778412801));
#2569=CARTESIAN_POINT('Ctrl Pts',(67.2377774610063,2.8448453777966,48.0716613347247));
#2570=CARTESIAN_POINT('Ctrl Pts',(67.3383881772359,2.85626552403737,48.0119854006819));
#2571=CARTESIAN_POINT('Ctrl Pts',(67.438411942204,2.87070313980733,47.9522482833706));
#2572=CARTESIAN_POINT('Ctrl Pts',(67.5414560714532,2.88557672056011,47.8907073161899));
#2573=CARTESIAN_POINT('Ctrl Pts',(67.6438778549348,2.90365259635641,47.8291010676244));
#2574=CARTESIAN_POINT('Ctrl Pts',(67.7455675758198,2.92486174862258,47.7675158446874));
#2575=CARTESIAN_POINT('Ctrl Pts',(67.8504321168077,2.94673306460004,47.7040078905037));
#2576=CARTESIAN_POINT('Ctrl Pts',(67.9545188635986,2.97193614794175,47.6405218890914));
#2577=CARTESIAN_POINT('Ctrl Pts',(68.057722839259,3.00044611446563,47.5771362125626));
#2578=CARTESIAN_POINT('Ctrl Pts',(68.161336398515,3.02906922793493,47.5134989785416));
#2579=CARTESIAN_POINT('Ctrl Pts',(68.2640609453377,3.06102551032021,47.4499623813147));
#2580=CARTESIAN_POINT('Ctrl Pts',(68.365794159266,3.09634156295999,47.3865964807229));
#2581=CARTESIAN_POINT('Ctrl Pts',(68.4659201145429,3.13109966575284,47.3242316827995));
#2582=CARTESIAN_POINT('Ctrl Pts',(68.5650865233608,3.16911233708765,47.2620317702446));
#2583=CARTESIAN_POINT('Ctrl Pts',(68.6631885768077,3.21045395197468,47.2000616420891));
#2584=CARTESIAN_POINT('Ctrl Pts',(68.7489380818559,3.24659002548076,47.1458945005218));
#2585=CARTESIAN_POINT('Ctrl Pts',(68.8338745804058,3.28527020318144,47.0919027095551));
#2586=CARTESIAN_POINT('Ctrl Pts',(68.9179170965185,3.32657480805004,47.0381324577894));
#2587=CARTESIAN_POINT('Ctrl Pts',(68.9291451267606,3.33209307873082,47.0309487840862));
#2588=CARTESIAN_POINT('Ctrl Pts',(68.9403573344624,3.33765822303533,47.0237693038504));
#2589=CARTESIAN_POINT('Ctrl Pts',(68.9515536943948,3.34327004514305,47.0165941000851));
#2590=CARTESIAN_POINT('Ctrl Pts',(69.0534479628847,3.39434133188384,46.9512950079386));
#2591=CARTESIAN_POINT('Ctrl Pts',(69.153659859482,3.44908825828765,46.8865876531643));
#2592=CARTESIAN_POINT('Ctrl Pts',(69.2521498728426,3.50728824613255,46.8225547465421));
#2593=CARTESIAN_POINT('Ctrl Pts',(69.3518967454833,3.56623094069796,46.7577046976516));
#2594=CARTESIAN_POINT('Ctrl Pts',(69.4498780489542,3.62871599012476,46.6935459548504));
#2595=CARTESIAN_POINT('Ctrl Pts',(69.5460271289643,3.6945580885188,46.6301752284587));
#2596=CARTESIAN_POINT('Ctrl Pts',(69.641872093965,3.76019193145827,46.5670049406883));
#2597=CARTESIAN_POINT('Ctrl Pts',(69.7358969036583,3.82916232667044,46.504617242119));
#2598=CARTESIAN_POINT('Ctrl Pts',(69.8280025549836,3.90132105046111,46.443125420909));
#2599=CARTESIAN_POINT('Ctrl Pts',(69.9171228432892,3.97114093855115,46.3836266957404));
#2600=CARTESIAN_POINT('Ctrl Pts',(70.0044466482708,4.0439465588478,46.3249664072621));
#2601=CARTESIAN_POINT('Ctrl Pts',(70.0898479601697,4.11962600849098,46.2672689492475));
#2602=CARTESIAN_POINT('Ctrl Pts',(70.1729322326349,4.19325218441699,46.2111368920735));
#2603=CARTESIAN_POINT('Ctrl Pts',(70.2541971876166,4.26959896283332,46.1559158500257));
#2604=CARTESIAN_POINT('Ctrl Pts',(70.3334878028495,4.34857524866623,46.1017455561411));
#2605=CARTESIAN_POINT('Ctrl Pts',(70.4091000105608,4.42388770917783,46.0500883013581));
#2606=CARTESIAN_POINT('Ctrl Pts',(70.4829169053592,4.5015918518372,45.9993864277536));
#2607=CARTESIAN_POINT('Ctrl Pts',(70.5547657495297,4.581611930379,45.9497871394126));
#2608=CARTESIAN_POINT('Ctrl Pts',(70.6089213689303,4.64192656686257,45.9124019843285));
#2609=CARTESIAN_POINT('Ctrl Pts',(70.6619581592334,4.70355706719656,45.8756437230198));
#2610=CARTESIAN_POINT('Ctrl Pts',(70.7137860451412,4.76646984258247,45.8395867165858));
#2611=CARTESIAN_POINT('Ctrl Pts',(70.726584305044,4.78200537980331,45.8306828816796));
#2612=CARTESIAN_POINT('Ctrl Pts',(70.7393539751478,4.7976738795787,45.8217905767356));
#2613=CARTESIAN_POINT('Ctrl Pts',(70.7520938475326,4.81347548394257,45.8129108098915));
#2614=CARTESIAN_POINT('Ctrl Pts',(70.8173557810613,4.89442160510412,45.7674228539667));
#2615=CARTESIAN_POINT('Ctrl Pts',(70.8807101920672,4.9774602424931,45.7230485476528));
#2616=CARTESIAN_POINT('Ctrl Pts',(70.9421478439171,5.06237099549813,45.6798361351344));
#2617=CARTESIAN_POINT('Ctrl Pts',(71.0056679797695,5.15015987420379,45.6351589993548));
#2618=CARTESIAN_POINT('Ctrl Pts',(71.0671396059936,5.23995021672546,45.59172353276));
#2619=CARTESIAN_POINT('Ctrl Pts',(71.126549836103,5.33155612710199,45.549579093709));
#2620=CARTESIAN_POINT('Ctrl Pts',(71.1878061144412,5.42600849890922,45.5061251046543));
#2621=CARTESIAN_POINT('Ctrl Pts',(71.2468713616058,5.52239137719349,45.4640432345949));
#2622=CARTESIAN_POINT('Ctrl Pts',(71.3037220113747,5.62055629730783,45.4233889947147));
#2623=CARTESIAN_POINT('Ctrl Pts',(71.3624620980578,5.72198373815859,45.3813836071896));
#2624=CARTESIAN_POINT('Ctrl Pts',(71.4188385001103,5.82531403997221,45.3409018535309));
#2625=CARTESIAN_POINT('Ctrl Pts',(71.4728073213087,5.93043574863131,45.3020130894342));
#2626=CARTESIAN_POINT('Ctrl Pts',(71.5270262850999,6.03604469077431,45.2629440780008));
#2627=CARTESIAN_POINT('Ctrl Pts',(71.5788158100438,6.14346232034443,45.2254824037253));
#2628=CARTESIAN_POINT('Ctrl Pts',(71.6281055390683,6.25261931217053,45.1897134265391));
#2629=CARTESIAN_POINT('Ctrl Pts',(71.6766000953164,6.3600153150449,45.1545214968933));
#2630=CARTESIAN_POINT('Ctrl Pts',(71.7226752498396,6.46909570031961,45.1209677241693));
#2631=CARTESIAN_POINT('Ctrl Pts',(71.7662325118474,6.57982660135702,45.0891539030234));
#2632=CARTESIAN_POINT('Ctrl Pts',(71.8094956570357,6.68980980111744,45.057554902081));
#2633=CARTESIAN_POINT('Ctrl Pts',(71.8502752265316,6.80142188009106,45.0276720503017));
#2634=CARTESIAN_POINT('Ctrl Pts',(71.8884372898067,6.91465235561273,44.9996310704784));
#2635=CARTESIAN_POINT('Ctrl Pts',(71.8891514334216,6.91677128771855,44.9991063271868));
#2636=CARTESIAN_POINT('Ctrl Pts',(71.8898646003969,6.91889061264183,44.9985822729717));
#2637=CARTESIAN_POINT('Ctrl Pts',(71.8905767901885,6.92101033015238,44.9980589084228));
#2638=CARTESIAN_POINT('Ctrl Pts',(71.9286063171023,7.03419905466297,44.9701122761729));
#2639=CARTESIAN_POINT('Ctrl Pts',(71.9638626770193,7.14850644279347,44.9441483386003));
#2640=CARTESIAN_POINT('Ctrl Pts',(71.9964493776235,7.26380038812727,44.9201065852916));
#2641=CARTESIAN_POINT('Ctrl Pts',(72.0295397156918,7.38087623678878,44.8956932593032));
#2642=CARTESIAN_POINT('Ctrl Pts',(72.059877292597,7.49897020154788,44.8732619132634));
#2643=CARTESIAN_POINT('Ctrl Pts',(72.0875287061603,7.61796175158762,44.8527791749074));
#2644=CARTESIAN_POINT('Ctrl Pts',(72.1152436106972,7.73722652054738,44.832249405719));
#2645=CARTESIAN_POINT('Ctrl Pts',(72.1402599938044,7.85739389776731,44.8136771684674));
#2646=CARTESIAN_POINT('Ctrl Pts',(72.1626030307336,7.97834718123475,44.7970595170219));
#2647=CARTESIAN_POINT('Ctrl Pts',(72.1850196028942,8.09969854521845,44.7803871736897));
#2648=CARTESIAN_POINT('Ctrl Pts',(72.2047452270708,8.22184193558369,44.7656822427622));
#2649=CARTESIAN_POINT('Ctrl Pts',(72.2217630891184,8.34465039585474,44.7529732929239));
#2650=CARTESIAN_POINT('Ctrl Pts',(72.2378997848502,8.4610999681416,44.740922398632));
#2651=CARTESIAN_POINT('Ctrl Pts',(72.2516015685488,8.57814816249564,44.7306663293959));
#2652=CARTESIAN_POINT('Ctrl Pts',(72.2628188061829,8.69566741514176,44.7222563354158));
#2653=CARTESIAN_POINT('Ctrl Pts',(72.2737300609719,8.80998098770426,44.7140757485294));
#2654=CARTESIAN_POINT('Ctrl Pts',(72.2822903531501,8.92474087379281,44.7076419532012));
#2655=CARTESIAN_POINT('Ctrl Pts',(72.2884224221249,9.03980188298607,44.7030266545937));
#2656=CARTESIAN_POINT('Ctrl Pts',(72.2943051419887,9.15018415153602,44.6985990284682));
#2657=CARTESIAN_POINT('Ctrl Pts',(72.2979529474785,9.26084397857155,44.6958451088425));
#2658=CARTESIAN_POINT('Ctrl Pts',(72.2992701880789,9.37162000834545,44.6948499320071));
#2659=CARTESIAN_POINT('Ctrl Pts',(72.2996342750327,9.40223864189255,44.6945748638818));
#2660=CARTESIAN_POINT('Ctrl Pts',(72.2998201523599,9.43286593035234,44.6944342875686));
#2661=CARTESIAN_POINT('Ctrl Pts',(72.2998254316655,9.46349792577276,44.6944302949458));
#2662=CARTESIAN_POINT('Ctrl Pts',(72.2998255088151,9.46394556957856,44.6944302365992));
#2663=CARTESIAN_POINT('Ctrl Pts',(72.299825547393,9.46439321104928,44.6944302074232));
#2664=CARTESIAN_POINT('Ctrl Pts',(72.299825547393,9.46484085017649,44.6944302074232));
#2665=CARTESIAN_POINT('Ctrl Pts',(0.466418522730455,9.46484085017649,40.8587721047665));
#2666=CARTESIAN_POINT('Ctrl Pts',(6.20255931280536,9.46484085017649,36.0455784834337));
#2667=CARTESIAN_POINT('Ctrl Pts',(0.466418522730455,8.62969597896465,40.8587721047665));
#2668=CARTESIAN_POINT('Ctrl Pts',(6.20255931280536,8.62969597896465,36.0455784834337));
#2669=CARTESIAN_POINT('Ctrl Pts',(0.343143461269353,7.739426373137,40.7441244146183));
#2670=CARTESIAN_POINT('Ctrl Pts',(6.07928425134426,7.739426373137,35.9309307932855));
#2671=CARTESIAN_POINT('Ctrl Pts',(-0.150144857409524,6.10259428716774,40.2725342233195));
#2672=CARTESIAN_POINT('Ctrl Pts',(5.58599593266538,6.10259428716774,35.4593406019867));
#2673=CARTESIAN_POINT('Ctrl Pts',(-0.519290148269172,5.35596419413302,39.9149191379171));
#2674=CARTESIAN_POINT('Ctrl Pts',(5.21685064180574,5.35596419413302,35.1017255165843));
#2675=CARTESIAN_POINT('Ctrl Pts',(-1.35311232439145,4.17697947120594,39.0755237670484));
#2676=CARTESIAN_POINT('Ctrl Pts',(4.38302846568345,4.17697947120594,34.2623301457156));
#2677=CARTESIAN_POINT('Ctrl Pts',(-1.87344564186106,3.66574528701182,38.5374766325689));
#2678=CARTESIAN_POINT('Ctrl Pts',(3.86269514821385,3.66574528701182,33.7242830112361));
#2679=CARTESIAN_POINT('Ctrl Pts',(-2.98255983328068,2.98740432908825,37.331393760408));
#2680=CARTESIAN_POINT('Ctrl Pts',(2.75358095679422,2.98740432908825,32.5182001390752));
#2681=CARTESIAN_POINT('Ctrl Pts',(-3.57057786451993,2.82034085017649,36.6626323920434));
#2682=CARTESIAN_POINT('Ctrl Pts',(2.16556292555497,2.82034085017649,31.8494387707106));
#2683=CARTESIAN_POINT('Ctrl Pts',(-4.64421216647591,2.82034085017649,35.383124855555));
#2684=CARTESIAN_POINT('Ctrl Pts',(1.091928623599,2.82034085017649,30.5699312342222));
#2685=CARTESIAN_POINT('Ctrl Pts',(-5.20070528739641,2.98740432908826,34.6879109465691));
#2686=CARTESIAN_POINT('Ctrl Pts',(0.535435502678494,2.98740432908826,29.8747173252363));
#2687=CARTESIAN_POINT('Ctrl Pts',(-6.19586939251109,3.66574528701182,33.3862125990171));
#2688=CARTESIAN_POINT('Ctrl Pts',(-0.459728602436187,3.66574528701182,28.5730189776843));
#2689=CARTESIAN_POINT('Ctrl Pts',(-6.63538744967454,4.17697947120594,32.7803534094212));
#2690=CARTESIAN_POINT('Ctrl Pts',(-0.899246659599635,4.17697947120594,27.9671597880884));
#2691=CARTESIAN_POINT('Ctrl Pts',(-7.31723881736675,5.35596419413302,31.8134393892491));
#2692=CARTESIAN_POINT('Ctrl Pts',(-1.58109802729184,5.35596419413302,27.0002457679163));
#2693=CARTESIAN_POINT('Ctrl Pts',(-7.60531951901303,6.10259428716774,31.3878030369362));
#2694=CARTESIAN_POINT('Ctrl Pts',(-1.86917872893812,6.10259428716774,26.5746094156034));
#2695=CARTESIAN_POINT('Ctrl Pts',(-7.98408657804562,7.739426373137,30.8201180989063));
#2696=CARTESIAN_POINT('Ctrl Pts',(-2.24794578797072,7.739426373137,26.0069244775735));
#2697=CARTESIAN_POINT('Ctrl Pts',(-8.07558602239396,8.62969597896465,30.6788075001584));
#2698=CARTESIAN_POINT('Ctrl Pts',(-2.33944523231905,8.62969597896465,25.8656138788256));
#2699=CARTESIAN_POINT('Ctrl Pts',(-8.07558602239396,10.2999857213883,30.6788075001584));
#2700=CARTESIAN_POINT('Ctrl Pts',(-2.33944523231905,10.2999857213883,25.8656138788256));
#2701=CARTESIAN_POINT('Ctrl Pts',(-7.98408657804562,11.190255327216,30.8201180989063));
#2702=CARTESIAN_POINT('Ctrl Pts',(-2.24794578797072,11.190255327216,26.0069244775735));
#2703=CARTESIAN_POINT('Ctrl Pts',(-7.60531951901303,12.8270874131852,31.3878030369362));
#2704=CARTESIAN_POINT('Ctrl Pts',(-1.86917872893812,12.8270874131852,26.5746094156034));
#2705=CARTESIAN_POINT('Ctrl Pts',(-7.31723881736675,13.5737175062199,31.8134393892491));
#2706=CARTESIAN_POINT('Ctrl Pts',(-1.58109802729184,13.5737175062199,27.0002457679163));
#2707=CARTESIAN_POINT('Ctrl Pts',(-6.63538744967454,14.752702229147,32.7803534094212));
#2708=CARTESIAN_POINT('Ctrl Pts',(-0.899246659599635,14.752702229147,27.9671597880884));
#2709=CARTESIAN_POINT('Ctrl Pts',(-6.1958693925111,15.2639364133412,33.3862125990171));
#2710=CARTESIAN_POINT('Ctrl Pts',(-0.459728602436188,15.2639364133412,28.5730189776843));
#2711=CARTESIAN_POINT('Ctrl Pts',(-5.20070528739641,15.9422773712647,34.6879109465691));
#2712=CARTESIAN_POINT('Ctrl Pts',(0.535435502678495,15.9422773712647,29.8747173252363));
#2713=CARTESIAN_POINT('Ctrl Pts',(-4.64421216647591,16.1093408501765,35.383124855555));
#2714=CARTESIAN_POINT('Ctrl Pts',(1.091928623599,16.1093408501765,30.5699312342222));
#2715=CARTESIAN_POINT('Ctrl Pts',(-3.57057786451993,16.1093408501765,36.6626323920434));
#2716=CARTESIAN_POINT('Ctrl Pts',(2.16556292555497,16.1093408501765,31.8494387707106));
#2717=CARTESIAN_POINT('Ctrl Pts',(-2.98255983328069,15.9422773712647,37.331393760408));
#2718=CARTESIAN_POINT('Ctrl Pts',(2.75358095679421,15.9422773712647,32.5182001390752));
#2719=CARTESIAN_POINT('Ctrl Pts',(-1.87344564186107,15.2639364133412,38.5374766325689));
#2720=CARTESIAN_POINT('Ctrl Pts',(3.86269514821384,15.2639364133412,33.7242830112361));
#2721=CARTESIAN_POINT('Ctrl Pts',(-1.35311232439145,14.752702229147,39.0755237670484));
#2722=CARTESIAN_POINT('Ctrl Pts',(4.38302846568345,14.752702229147,34.2623301457156));
#2723=CARTESIAN_POINT('Ctrl Pts',(-0.519290148269171,13.57371750622,39.9149191379171));
#2724=CARTESIAN_POINT('Ctrl Pts',(5.21685064180574,13.57371750622,35.1017255165843));
#2725=CARTESIAN_POINT('Ctrl Pts',(-0.15014485740952,12.8270874131852,40.2725342233195));
#2726=CARTESIAN_POINT('Ctrl Pts',(5.58599593266539,12.8270874131852,35.4593406019867));
#2727=CARTESIAN_POINT('Ctrl Pts',(0.343143461269357,11.190255327216,40.7441244146183));
#2728=CARTESIAN_POINT('Ctrl Pts',(6.07928425134427,11.190255327216,35.9309307932855));
#2729=CARTESIAN_POINT('Ctrl Pts',(0.466418522730453,10.2999857213883,40.8587721047665));
#2730=CARTESIAN_POINT('Ctrl Pts',(6.20255931280536,10.2999857213883,36.0455784834337));
#2731=CARTESIAN_POINT('Ctrl Pts',(0.466418522730453,9.46484085017649,40.8587721047665));
#2732=CARTESIAN_POINT('Ctrl Pts',(6.20255931280536,9.46484085017649,36.0455784834337));
#2733=CARTESIAN_POINT('',(0.620719692857307,9.46484085017649,40.7292980498228));
#2734=CARTESIAN_POINT('',(0.466418522730458,9.46484085017649,40.8587721047665));
#2735=CARTESIAN_POINT('Ctrl Pts',(0.620719692857307,9.46484085017649,40.7292980498228));
#2736=CARTESIAN_POINT('Ctrl Pts',(0.620719692857307,9.57677727271947,40.7292980498228));
#2737=CARTESIAN_POINT('Ctrl Pts',(0.618506451682845,9.68864718205797,40.7272412942827));
#2738=CARTESIAN_POINT('Ctrl Pts',(0.61419078355647,9.80027557563737,40.7232161358155));
#2739=CARTESIAN_POINT('Ctrl Pts',(0.609730448053974,9.91564591283406,40.7190560482719));
#2740=CARTESIAN_POINT('Ctrl Pts',(0.60302445914415,10.0307588084299,40.7127934902259));
#2741=CARTESIAN_POINT('Ctrl Pts',(0.594164541643166,10.145462093139,40.7044989119985));
#2742=CARTESIAN_POINT('Ctrl Pts',(0.585027936796665,10.2637474594381,40.6959453014684));
#2743=CARTESIAN_POINT('Ctrl Pts',(0.573600868468282,10.3815978764489,40.6852308969183));
#2744=CARTESIAN_POINT('Ctrl Pts',(0.559950485934258,10.4988801744129,40.6724028040437));
#2745=CARTESIAN_POINT('Ctrl Pts',(0.545651194504981,10.6217378125708,40.6589648920996));
#2746=CARTESIAN_POINT('Ctrl Pts',(0.528912407787047,10.7439727731501,40.6432078078425));
#2747=CARTESIAN_POINT('Ctrl Pts',(0.509772534062072,10.8654576759506,40.6251500553452));
#2748=CARTESIAN_POINT('Ctrl Pts',(0.490707290027531,10.9864688880247,40.6071627131598));
#2749=CARTESIAN_POINT('Ctrl Pts',(0.469259574989251,11.1067368238149,40.5868925882168));
#2750=CARTESIAN_POINT('Ctrl Pts',(0.445429079916263,11.2261473420103,40.5643221069971));
#2751=CARTESIAN_POINT('Ctrl Pts',(0.421458660397489,11.3462589975731,40.5416190996981));
#2752=CARTESIAN_POINT('Ctrl Pts',(0.39507741140344,11.4655040620604,40.5165887034629));
#2753=CARTESIAN_POINT('Ctrl Pts',(0.366246564350318,11.5837642840587,40.4891762970608));
#2754=CARTESIAN_POINT('Ctrl Pts',(0.337415717297195,11.702024506057,40.4617638906588));
#2755=CARTESIAN_POINT('Ctrl Pts',(0.306135274007201,11.8193008151342,40.4319695227522));
#2756=CARTESIAN_POINT('Ctrl Pts',(0.272328059071492,11.9354589599918,40.3997011784712));
#2757=CARTESIAN_POINT('Ctrl Pts',(0.265205709191741,11.9599306282624,40.3929030308436));
#2758=CARTESIAN_POINT('Ctrl Pts',(0.257976109369089,11.9843352791422,40.3859997482206));
#2759=CARTESIAN_POINT('Ctrl Pts',(0.250638910298745,12.0086713702006,40.3789908304368));
#2760=CARTESIAN_POINT('Ctrl Pts',(0.214427094908458,12.1287790609255,40.3443992056984));
#2761=CARTESIAN_POINT('Ctrl Pts',(0.175615928442964,12.2472199717783,40.3072228836314));
#2762=CARTESIAN_POINT('Ctrl Pts',(0.134377900551871,12.3639284076046,40.2675895062544));
#2763=CARTESIAN_POINT('Ctrl Pts',(0.0927463787395927,12.4817504771907,40.2275779465571));
#2764=CARTESIAN_POINT('Ctrl Pts',(0.048640962060981,12.5978075365645,40.1850618322383));
#2765=CARTESIAN_POINT('Ctrl Pts',(0.00220724775637449,12.7120040301135,
40.1401397460096));
#2766=CARTESIAN_POINT('Ctrl Pts',(-0.0438272921146258,12.8252188162692,
40.0956038392756));
#2767=CARTESIAN_POINT('Ctrl Pts',(-0.0921508357579032,12.9366054931876,
40.0487026930577));
#2768=CARTESIAN_POINT('Ctrl Pts',(-0.142644604260129,13.0460340890709,39.9995067684621));
#2769=CARTESIAN_POINT('Ctrl Pts',(-0.177831548406643,13.1222901896867,39.9652242361353));
#2770=CARTESIAN_POINT('Ctrl Pts',(-0.214072861017015,13.1975946766124,39.9298268010634));
#2771=CARTESIAN_POINT('Ctrl Pts',(-0.251332883380257,13.2718904132946,39.8933326112561));
#2772=CARTESIAN_POINT('Ctrl Pts',(-0.296631385538208,13.3622147173332,39.8489651624225));
#2773=CARTESIAN_POINT('Ctrl Pts',(-0.343619333550422,13.4514050071945,39.802796342396));
#2774=CARTESIAN_POINT('Ctrl Pts',(-0.392090289713925,13.538996644254,39.7549937436737));
#2775=CARTESIAN_POINT('Ctrl Pts',(-0.440926974203367,13.6272491872523,39.7068304595886));
#2776=CARTESIAN_POINT('Ctrl Pts',(-0.491268755900435,13.7138782262103,39.6570089252915));
#2777=CARTESIAN_POINT('Ctrl Pts',(-0.542871459170981,13.798433388677,39.6057340235242));
#2778=CARTESIAN_POINT('Ctrl Pts',(-0.594479056789652,13.8829965709251,39.5544542584997));
#2779=CARTESIAN_POINT('Ctrl Pts',(-0.647347350119208,13.9654848691355,39.5017212126568));
#2780=CARTESIAN_POINT('Ctrl Pts',(-0.701205577560548,14.045481932676,39.4477682975882));
#2781=CARTESIAN_POINT('Ctrl Pts',(-0.728053316686731,14.0853595965879,39.4208733577123));
#2782=CARTESIAN_POINT('Ctrl Pts',(-0.755146676746914,14.1246187994634,39.3936757000709));
#2783=CARTESIAN_POINT('Ctrl Pts',(-0.782450223054566,14.1632118577705,39.3662064360759));
#2784=CARTESIAN_POINT('Ctrl Pts',(-0.833528385100112,14.2354098962168,39.3148182573461));
#2785=CARTESIAN_POINT('Ctrl Pts',(-0.886178596883141,14.3064589391625,39.2616336700627));
#2786=CARTESIAN_POINT('Ctrl Pts',(-0.940165855417398,14.3760530279998,39.2068604675907));
#2787=CARTESIAN_POINT('Ctrl Pts',(-1.00144503845217,14.4550470170221,39.1446891851286));
#2788=CARTESIAN_POINT('Ctrl Pts',(-1.06403809942738,14.531648997925,39.0808863791343));
#2789=CARTESIAN_POINT('Ctrl Pts',(-1.12777884780675,14.6058129346944,39.0155905041869));
#2790=CARTESIAN_POINT('Ctrl Pts',(-1.19363125636011,14.6824338402883,38.9481314494501));
#2791=CARTESIAN_POINT('Ctrl Pts',(-1.26070893420038,14.7564530463847,38.8790785765718));
#2792=CARTESIAN_POINT('Ctrl Pts',(-1.32886794935571,14.8278150151823,38.8085439717042));
#2793=CARTESIAN_POINT('Ctrl Pts',(-1.39895906343549,14.9011998768113,38.7360099272336));
#2794=CARTESIAN_POINT('Ctrl Pts',(-1.47019404212111,14.9717753697937,38.6619087134614));
#2795=CARTESIAN_POINT('Ctrl Pts',(-1.54245233179365,15.0394667338575,38.5863233322539));
#2796=CARTESIAN_POINT('Ctrl Pts',(-1.61634164173643,15.1086860331576,38.5090318313827));
#2797=CARTESIAN_POINT('Ctrl Pts',(-1.69130140810263,15.1748902685624,38.4301881033967));
#2798=CARTESIAN_POINT('Ctrl Pts',(-1.76723374688933,15.2379740057477,38.3498450448708));
#2799=CARTESIAN_POINT('Ctrl Pts',(-1.84306648678063,15.3009749972855,38.2696073706911));
#2800=CARTESIAN_POINT('Ctrl Pts',(-1.91986978022109,15.3608643222154,38.1878738751866));
#2801=CARTESIAN_POINT('Ctrl Pts',(-1.99756929494537,15.4175014875953,38.1046675652805));
#2802=CARTESIAN_POINT('Ctrl Pts',(-2.07378902283828,15.4730599984715,38.0230459190898));
#2803=CARTESIAN_POINT('Ctrl Pts',(-2.15087168007293,15.5254895364183,37.9400065850659));
#2804=CARTESIAN_POINT('Ctrl Pts',(-2.22876156809009,15.5746150814815,37.8555491664977));
#2805=CARTESIAN_POINT('Ctrl Pts',(-2.24402187587213,15.5842398345362,37.8390021379342));
#2806=CARTESIAN_POINT('Ctrl Pts',(-2.25931320109458,15.5937376171456,37.8224006180444));
#2807=CARTESIAN_POINT('Ctrl Pts',(-2.27463516574122,15.6031068923029,37.8057445235316));
#2808=CARTESIAN_POINT('Ctrl Pts',(-2.3261755319241,15.634623468905,37.7497163815693));
#2809=CARTESIAN_POINT('Ctrl Pts',(-2.3780559692132,15.6646862562863,37.6930646001617));
#2810=CARTESIAN_POINT('Ctrl Pts',(-2.43025015194304,15.6933100366907,37.635817602419));
#2811=CARTESIAN_POINT('Ctrl Pts',(-2.54100881474045,15.7540511284367,37.5143366137813));
#2812=CARTESIAN_POINT('Ctrl Pts',(-2.65304989717268,15.808240329352,37.3903182238152));
#2813=CARTESIAN_POINT('Ctrl Pts',(-2.7658226569392,15.8558438897897,37.2643597167116));
#2814=CARTESIAN_POINT('Ctrl Pts',(-2.87194639506425,15.900640769747,37.1458276558651));
#2815=CARTESIAN_POINT('Ctrl Pts',(-2.97871851541519,15.939605301308,37.0255769579093));
#2816=CARTESIAN_POINT('Ctrl Pts',(-3.08566018537813,15.9726719468275,36.904121187308));
#2817=CARTESIAN_POINT('Ctrl Pts',(-3.18885890515026,16.0045812623071,36.786916359299));
#2818=CARTESIAN_POINT('Ctrl Pts',(-3.29221590566896,16.030998134194,36.6685888721875));
#2819=CARTESIAN_POINT('Ctrl Pts',(-3.39527583672522,16.0518315354508,36.5496226762102));
#2820=CARTESIAN_POINT('Ctrl Pts',(-3.49292747101459,16.0715716581124,36.4368994932688));
#2821=CARTESIAN_POINT('Ctrl Pts',(-3.59031259568235,16.0862987143388,36.3236026188062));
#2822=CARTESIAN_POINT('Ctrl Pts',(-3.68701695046601,16.0959089652727,36.210169201732));
#2823=CARTESIAN_POINT('Ctrl Pts',(-3.7767786223593,16.1048292687385,36.1048794948937));
#2824=CARTESIAN_POINT('Ctrl Pts',(-3.86595377659989,16.1093408501765,35.9994720931491));
#2825=CARTESIAN_POINT('Ctrl Pts',(-3.95418607642699,16.1093408501765,35.8943210595317));
#2826=CARTESIAN_POINT('Ctrl Pts',(-4.01053833279521,16.1093408501765,35.827163136465));
#2827=CARTESIAN_POINT('Ctrl Pts',(-4.06728638196117,16.1075001711257,35.7591795971138));
#2828=CARTESIAN_POINT('Ctrl Pts',(-4.12435415563433,16.1037759897998,35.6904612812599));
#2829=CARTESIAN_POINT('Ctrl Pts',(-4.19876687496869,16.0989198960377,35.6008570016177));
#2830=CARTESIAN_POINT('Ctrl Pts',(-4.27275618080171,16.0909270516504,35.5111685044463));
#2831=CARTESIAN_POINT('Ctrl Pts',(-4.3462270045833,16.0799209810951,35.4215500131649));
#2832=CARTESIAN_POINT('Ctrl Pts',(-4.42211072896079,16.0685534533948,35.3289883057893));
#2833=CARTESIAN_POINT('Ctrl Pts',(-4.49744174363993,16.0539716892997,35.2365008103817));
#2834=CARTESIAN_POINT('Ctrl Pts',(-4.57213437618863,16.0362689475661,35.1442252458339));
#2835=CARTESIAN_POINT('Ctrl Pts',(-4.64896412548971,16.0180596923433,35.0493094790586));
#2836=CARTESIAN_POINT('Ctrl Pts',(-4.72511890324525,15.9965484696566,34.9546173783641));
#2837=CARTESIAN_POINT('Ctrl Pts',(-4.80051870581011,15.9717897449842,34.8602733476556));
#2838=CARTESIAN_POINT('Ctrl Pts',(-4.8777963216753,15.9464144104414,34.7635797023641));
#2839=CARTESIAN_POINT('Ctrl Pts',(-4.95428143009154,15.9176279731434,34.6672510174749));
#2840=CARTESIAN_POINT('Ctrl Pts',(-5.0298938348463,15.885437852145,34.5714043468794));
#2841=CARTESIAN_POINT('Ctrl Pts',(-5.10554484683449,15.8532312950669,34.4755087375576));
#2842=CARTESIAN_POINT('Ctrl Pts',(-5.18032283165428,15.8176175729924,34.3800949060595));
#2843=CARTESIAN_POINT('Ctrl Pts',(-5.25414490398727,15.7785525331873,34.2852740387024));
#2844=CARTESIAN_POINT('Ctrl Pts',(-5.32667837332632,15.7401693941424,34.1921083193208));
#2845=CARTESIAN_POINT('Ctrl Pts',(-5.39828950995375,15.6984542516664,34.0995143816351));
#2846=CARTESIAN_POINT('Ctrl Pts',(-5.46888935710179,15.6533166209079,34.0076021433064));
#2847=CARTESIAN_POINT('Ctrl Pts',(-5.49436623036176,15.637028119664,33.974434416441));
#2848=CARTESIAN_POINT('Ctrl Pts',(-5.51971127640003,15.6202934782879,33.9413555522962));
#2849=CARTESIAN_POINT('Ctrl Pts',(-5.54491978522692,15.6031068923029,33.9083711141873));
#2850=CARTESIAN_POINT('Ctrl Pts',(-5.58324498576938,15.5769776452682,33.8582239510216));
#2851=CARTESIAN_POINT('Ctrl Pts',(-5.62125970489011,15.5498041866599,33.808298667949));
#2852=CARTESIAN_POINT('Ctrl Pts',(-5.65896334660382,15.5216079523246,33.7586059152308));
#2853=CARTESIAN_POINT('Ctrl Pts',(-5.75428612445921,15.4503219104536,33.632972129923));
#2854=CARTESIAN_POINT('Ctrl Pts',(-5.84749080366419,15.3725966290981,33.508995701929));
#2855=CARTESIAN_POINT('Ctrl Pts',(-5.93832162016097,15.2889652870539,33.3871763429804));
#2856=CARTESIAN_POINT('Ctrl Pts',(-6.02420345723007,15.2098906561266,33.2719943954807));
#2857=CARTESIAN_POINT('Ctrl Pts',(-6.10796315993295,15.1255351691977,33.1587405476533));
#2858=CARTESIAN_POINT('Ctrl Pts',(-6.18935819166576,15.0363358684782,33.0478714655845));
#2859=CARTESIAN_POINT('Ctrl Pts',(-6.26788702819717,14.9502775777472,32.9409064600206));
#2860=CARTESIAN_POINT('Ctrl Pts',(-6.34421492896866,14.8597099822318,32.8361609074957));
#2861=CARTESIAN_POINT('Ctrl Pts',(-6.41809716231928,14.7650228163593,32.7340823443001));
#2862=CARTESIAN_POINT('Ctrl Pts',(-6.49056468685375,14.6721487354771,32.6339583977525));
#2863=CARTESIAN_POINT('Ctrl Pts',(-6.56067949038816,14.5753108027599,32.53639990882));
#2864=CARTESIAN_POINT('Ctrl Pts',(-6.62818186785521,14.4748824584828,32.4418710353116));
#2865=CARTESIAN_POINT('Ctrl Pts',(-6.69180112861293,14.3802313178596,32.3527799946916));
#2866=CARTESIAN_POINT('Ctrl Pts',(-6.75309984412485,14.2823906212796,32.2663800122752));
#2867=CARTESIAN_POINT('Ctrl Pts',(-6.81183409798607,14.1816841943451,32.1830994969579));
#2868=CARTESIAN_POINT('Ctrl Pts',(-6.81541904945928,14.1755373953332,32.1780163199964));
#2869=CARTESIAN_POINT('Ctrl Pts',(-6.81899443847991,14.1693799246374,32.1729447776724));
#2870=CARTESIAN_POINT('Ctrl Pts',(-6.82256020619223,14.1632118577705,32.1678849725955));
#2871=CARTESIAN_POINT('Ctrl Pts',(-6.8566856625576,14.1041816253752,32.1194611347857));
#2872=CARTESIAN_POINT('Ctrl Pts',(-6.89038887343277,14.0433899022406,32.0714643481884));
#2873=CARTESIAN_POINT('Ctrl Pts',(-6.92361998381603,13.9808797424974,32.0239813899658));
#2874=CARTESIAN_POINT('Ctrl Pts',(-6.96913358349833,13.8952653181277,31.9589483433011));
#2875=CARTESIAN_POINT('Ctrl Pts',(-7.0131627858023,13.8075578246368,31.8957351211205));
#2876=CARTESIAN_POINT('Ctrl Pts',(-7.05570969121794,13.7179716992593,31.8343988872417));
#2877=CARTESIAN_POINT('Ctrl Pts',(-7.09967642123618,13.6253960125114,31.7710158136918));
#2878=CARTESIAN_POINT('Ctrl Pts',(-7.14206055173435,13.5308139085525,31.7096366128831));
#2879=CARTESIAN_POINT('Ctrl Pts',(-7.18285874658981,13.4344053059773,31.6503244670694));
#2880=CARTESIAN_POINT('Ctrl Pts',(-7.22484385492124,13.3351919550548,31.5892867942953));
#2881=CARTESIAN_POINT('Ctrl Pts',(-7.26514973273249,13.2340438874456,31.530437633983));
#2882=CARTESIAN_POINT('Ctrl Pts',(-7.30376217810939,13.1311036621107,31.4738540349825));
#2883=CARTESIAN_POINT('Ctrl Pts',(-7.34334240010216,13.0255833582043,31.4158522330316));
#2884=CARTESIAN_POINT('Ctrl Pts',(-7.38114360922051,12.9181794515809,31.3602303349087));
#2885=CARTESIAN_POINT('Ctrl Pts',(-7.41713420290398,12.80899690747,31.3070891553649));
#2886=CARTESIAN_POINT('Ctrl Pts',(-7.45312699686078,12.6998076885196,31.2539447270523));
#2887=CARTESIAN_POINT('Ctrl Pts',(-7.48730927104604,12.5888389556759,31.2032807295107));
#2888=CARTESIAN_POINT('Ctrl Pts',(-7.51962820036217,12.4761566472167,31.1552248763548));
#2889=CARTESIAN_POINT('Ctrl Pts',(-7.55134533073549,12.3655725547424,31.1080638536352));
#2890=CARTESIAN_POINT('Ctrl Pts',(-7.58126809181822,12.2533374323374,31.063414292602));
#2891=CARTESIAN_POINT('Ctrl Pts',(-7.60932220555846,12.1394860208231,31.0214303807559));
#2892=CARTESIAN_POINT('Ctrl Pts',(-7.62000912074158,12.0961155408429,31.0054370576693));
#2893=CARTESIAN_POINT('Ctrl Pts',(-7.63042459458463,12.0525102761964,30.989830945977));
#2894=CARTESIAN_POINT('Ctrl Pts',(-7.64056345856731,12.0086713702006,30.9746220948343));
#2895=CARTESIAN_POINT('Ctrl Pts',(-7.65400555554571,11.9505497870697,30.9544582133245));
#2896=CARTESIAN_POINT('Ctrl Pts',(-7.66696560034087,11.8920171878895,30.9349962511961));
#2897=CARTESIAN_POINT('Ctrl Pts',(-7.67944865429957,11.8330903669113,30.9162315203929));
#2898=CARTESIAN_POINT('Ctrl Pts',(-7.7112069561963,11.6831738659789,30.8684919217473));
#2899=CARTESIAN_POINT('Ctrl Pts',(-7.73981926276609,11.5309894498855,30.8253534878398));
#2900=CARTESIAN_POINT('Ctrl Pts',(-7.76531929397003,11.3770995860027,30.7868143806248));
#2901=CARTESIAN_POINT('Ctrl Pts',(-7.79110943585093,11.2214589363178,30.7478368187902));
#2902=CARTESIAN_POINT('Ctrl Pts',(-7.81371610246256,11.0640725612985,30.713563719859));
#2903=CARTESIAN_POINT('Ctrl Pts',(-7.83314462175771,10.9055338683813,30.6840384134147));
#2904=CARTESIAN_POINT('Ctrl Pts',(-7.85111598991488,10.7588856769115,30.6567275234801));
#2905=CARTESIAN_POINT('Ctrl Pts',(-7.86636773713482,10.6112508586513,30.6334793983094));
#2906=CARTESIAN_POINT('Ctrl Pts',(-7.87888179930886,10.4631220372543,30.6143633719961));
#2907=CARTESIAN_POINT('Ctrl Pts',(-7.89098779530072,10.3198234909334,30.5958706927436));
#2908=CARTESIAN_POINT('Ctrl Pts',(-7.90053162159705,10.1760619960502,30.5812451572597));
#2909=CARTESIAN_POINT('Ctrl Pts',(-7.90747807283346,10.0323153276258,30.5705799987793));
#2910=CARTESIAN_POINT('Ctrl Pts',(-7.91410519129898,9.89517678475664,30.5604051244014));
#2911=CARTESIAN_POINT('Ctrl Pts',(-7.91836811994772,9.75805133524239,30.5538350460372));
#2912=CARTESIAN_POINT('Ctrl Pts',(-7.9202206798543,9.6213904716677,30.5509766249777));
#2913=CARTESIAN_POINT('Ctrl Pts',(-7.92092911829702,9.56912991640662,30.5498835346237));
#2914=CARTESIAN_POINT('Ctrl Pts',(-7.92128491152962,9.51693772612075,30.5493334949419));
#2915=CARTESIAN_POINT('Ctrl Pts',(-7.92128489029452,9.46484085017648,30.5493334771235));
#2916=CARTESIAN_POINT('Ctrl Pts',(-7.92128486125291,9.39359198537564,30.5493334527547));
#2917=CARTESIAN_POINT('Ctrl Pts',(-7.92061938988629,9.32171892830453,30.5503621027566));
#2918=CARTESIAN_POINT('Ctrl Pts',(-7.91927130420524,9.24927804398708,30.5524404972737));
#2919=CARTESIAN_POINT('Ctrl Pts',(-7.91711935240019,9.13364051889661,30.5557582424998));
#2920=CARTESIAN_POINT('Ctrl Pts',(-7.9132595871513,9.01818382684689,30.5617020090242));
#2921=CARTESIAN_POINT('Ctrl Pts',(-7.90775270155998,8.90308601575389,30.5701573920586));
#2922=CARTESIAN_POINT('Ctrl Pts',(-7.90206400345046,8.78418819419615,30.5788919336948));
#2923=CARTESIAN_POINT('Ctrl Pts',(-7.89461773195711,8.66567274848174,30.5903065577885));
#2924=CARTESIAN_POINT('Ctrl Pts',(-7.8854582354334,8.54769817188213,30.6043115837494));
#2925=CARTESIAN_POINT('Ctrl Pts',(-7.87603142209127,8.42628054703337,30.6187253416719));
#2926=CARTESIAN_POINT('Ctrl Pts',(-7.86479003446868,8.3054351067291,30.6358827899156));
#2927=CARTESIAN_POINT('Ctrl Pts',(-7.85175727889524,8.18530545169961,30.6557259161283));
#2928=CARTESIAN_POINT('Ctrl Pts',(-7.83837250788483,8.06193108815316,30.6761050062593));
#2929=CARTESIAN_POINT('Ctrl Pts',(-7.82309841782213,7.93931085988979,30.6993166806121));
#2930=CARTESIAN_POINT('Ctrl Pts',(-7.80593220441642,7.81758202238958,30.7253413483752));
#2931=CARTESIAN_POINT('Ctrl Pts',(-7.78873731304978,7.69564982409201,30.7514094930769));
#2932=CARTESIAN_POINT('Ctrl Pts',(-7.76964399805933,7.57461107507199,30.7803000581496));
#2933=CARTESIAN_POINT('Ctrl Pts',(-7.7486207949309,7.45459908278914,30.812036761741));
#2934=CARTESIAN_POINT('Ctrl Pts',(-7.72795464470863,7.33662534463701,30.843234456972));
#2935=CARTESIAN_POINT('Ctrl Pts',(-7.70542355825391,7.21964294926086,30.8771825580858));
#2936=CARTESIAN_POINT('Ctrl Pts',(-7.68097025858501,7.10378703858906,30.9139442419932));
#2937=CARTESIAN_POINT('Ctrl Pts',(-7.66804285907932,7.04253904086975,30.9333785506881));
#2938=CARTESIAN_POINT('Ctrl Pts',(-7.65457778513695,6.98160608944818,30.9535998687469));
#2939=CARTESIAN_POINT('Ctrl Pts',(-7.64056344982345,6.92101033015237,30.9746220874973));
#2940=CARTESIAN_POINT('Ctrl Pts',(-7.62975463989978,6.87427475334778,30.9908358544413));
#2941=CARTESIAN_POINT('Ctrl Pts',(-7.61861639631053,6.82773957180476,31.0075237124193));
#2942=CARTESIAN_POINT('Ctrl Pts',(-7.60715227268192,6.78140802016356,31.0246773615046));
#2943=CARTESIAN_POINT('Ctrl Pts',(-7.57277821585377,6.64248738037941,31.0761109056264));
#2944=CARTESIAN_POINT('Ctrl Pts',(-7.53555575986588,6.50571818246855,31.1316104228141));
#2945=CARTESIAN_POINT('Ctrl Pts',(-7.49564627025816,6.37137597871124,31.1908538435417));
#2946=CARTESIAN_POINT('Ctrl Pts',(-7.4559384087796,6.23771248990314,31.24979795851));
#2947=CARTESIAN_POINT('Ctrl Pts',(-7.4135701960041,6.10645080398617,31.3124489729238));
#2948=CARTESIAN_POINT('Ctrl Pts',(-7.36867944535584,5.97790029143514,31.3785165663131));
#2949=CARTESIAN_POINT('Ctrl Pts',(-7.32556459409225,5.85443529812453,31.441970494376));
#2950=CARTESIAN_POINT('Ctrl Pts',(-7.28012242008427,5.73347081677262,31.5085767395713));
#2951=CARTESIAN_POINT('Ctrl Pts',(-7.23246161457769,5.61532379878577,31.5780923007237));
#2952=CARTESIAN_POINT('Ctrl Pts',(-7.186272957418,5.50082610932727,31.6454606632012));
#2953=CARTESIAN_POINT('Ctrl Pts',(-7.13800028537682,5.38897415226621,31.7155619501511));
#2954=CARTESIAN_POINT('Ctrl Pts',(-7.0877349903772,5.28010302033176,31.7881795433685));
#2955=CARTESIAN_POINT('Ctrl Pts',(-7.03996388950345,5.17663413934901,31.8571938079983));
#2956=CARTESIAN_POINT('Ctrl Pts',(-6.99039274955911,5.0758574774248,31.9284812749479));
#2957=CARTESIAN_POINT('Ctrl Pts',(-6.93909726619192,4.9781066533603,32.0018532525116));
#2958=CARTESIAN_POINT('Ctrl Pts',(-6.90118326267129,4.90585613841348,32.0560846435241));
#2959=CARTESIAN_POINT('Ctrl Pts',(-6.86232715624802,4.83525956076056,32.1114548061796));
#2960=CARTESIAN_POINT('Ctrl Pts',(-6.8225596719778,4.76646984258247,32.1678845243364));
#2961=CARTESIAN_POINT('Ctrl Pts',(-6.79879572040974,4.72536300464278,32.2016053672282));
#2962=CARTESIAN_POINT('Ctrl Pts',(-6.77448390731899,4.68451817837237,32.2360185047509));
#2963=CARTESIAN_POINT('Ctrl Pts',(-6.74962508289395,4.64396691441499,32.2711142907201));
#2964=CARTESIAN_POINT('Ctrl Pts',(-6.7010969031197,4.56480472260135,32.339626565545));
#2965=CARTESIAN_POINT('Ctrl Pts',(-6.65120390798296,4.48793159375527,32.4097244521268));
#2966=CARTESIAN_POINT('Ctrl Pts',(-6.60005681301262,4.41338536134147,32.4812179265535));
#2967=CARTESIAN_POINT('Ctrl Pts',(-6.547189752925,4.33633230191333,32.5551155704095));
#2968=CARTESIAN_POINT('Ctrl Pts',(-6.49298270686396,4.26176473902285,32.6305045282814));
#2969=CARTESIAN_POINT('Ctrl Pts',(-6.43752458161469,4.18972673854608,32.7072215712453));
#2970=CARTESIAN_POINT('Ctrl Pts',(-6.38040345036956,4.11552855637936,32.7862391049283));
#2971=CARTESIAN_POINT('Ctrl Pts',(-6.32195492251526,4.04401329658818,32.8666659286205));
#2972=CARTESIAN_POINT('Ctrl Pts',(-6.26224357030027,3.9752404156049,32.9483672556036));
#2973=CARTESIAN_POINT('Ctrl Pts',(-6.20083336869848,3.9045108754211,33.0323930693736));
#2974=CARTESIAN_POINT('Ctrl Pts',(-6.13808727299653,3.83668124937075,33.117767365942));
#2975=CARTESIAN_POINT('Ctrl Pts',(-6.07404430984694,3.7718384651059,33.2043828207864));
#2976=CARTESIAN_POINT('Ctrl Pts',(-6.00987750268555,3.70687029016354,33.2911657695268));
#2977=CARTESIAN_POINT('Ctrl Pts',(-5.94440849368883,3.64489985668818,33.3791952672932));
#2978=CARTESIAN_POINT('Ctrl Pts',(-5.87764967096431,3.58604706714954,33.4683943217446));
#2979=CARTESIAN_POINT('Ctrl Pts',(-5.81208238724711,3.52824470647653,33.5560013146757));
#2980=CARTESIAN_POINT('Ctrl Pts',(-5.74527057365743,3.47344918875279,33.6447370866151));
#2981=CARTESIAN_POINT('Ctrl Pts',(-5.6772050939781,3.42181384919122,33.7345496241486));
#2982=CARTESIAN_POINT('Ctrl Pts',(-5.63362631891283,3.38875443553877,33.7920519056231));
#2983=CARTESIAN_POINT('Ctrl Pts',(-5.58953324099497,3.35699125253851,33.8499959655326));
#2984=CARTESIAN_POINT('Ctrl Pts',(-5.54491979585222,3.32657480805004,33.908371123103));
#2985=CARTESIAN_POINT('Ctrl Pts',(-5.52470089208784,3.31279001375766,33.9348268628327));
#2986=CARTESIAN_POINT('Ctrl Pts',(-5.5043736729653,3.29928202221845,33.9613701394919));
#2987=CARTESIAN_POINT('Ctrl Pts',(-5.48393996833397,3.28604948634174,33.9879985456916));
#2988=CARTESIAN_POINT('Ctrl Pts',(-5.4055980801705,3.23531654953579,34.0900906360936));
#2989=CARTESIAN_POINT('Ctrl Pts',(-5.32593323107645,3.1887849836777,34.1931189820737));
#2990=CARTESIAN_POINT('Ctrl Pts',(-5.24512033259111,3.14637326047729,34.2968625248513));
#2991=CARTESIAN_POINT('Ctrl Pts',(-5.16378309646201,3.10368635765299,34.4012791859775));
#2992=CARTESIAN_POINT('Ctrl Pts',(-5.081282257098,3.0651728976934,34.5064211401604));
#2993=CARTESIAN_POINT('Ctrl Pts',(-4.99778700930501,3.03080148968315,34.6120653545713));
#2994=CARTESIAN_POINT('Ctrl Pts',(-4.91388591084272,2.99626301038066,34.7182230805444));
#2995=CARTESIAN_POINT('Ctrl Pts',(-4.82898007032954,2.96590690074367,34.8248887940793));
#2996=CARTESIAN_POINT('Ctrl Pts',(-4.74324139164376,2.9397539763729,34.9318263670321));
#2997=CARTESIAN_POINT('Ctrl Pts',(-4.66211971669539,2.91500937962526,35.0330053817524));
#2998=CARTESIAN_POINT('Ctrl Pts',(-4.58025200993997,2.89402786588371,35.1344283031205));
#2999=CARTESIAN_POINT('Ctrl Pts',(-4.49779204962036,2.87687078897847,35.2358767367977));
#3000=CARTESIAN_POINT('Ctrl Pts',(-4.41772382018838,2.86021134887316,35.3343826835833));
#3001=CARTESIAN_POINT('Ctrl Pts',(-4.33709678413324,2.84715786578136,35.4329131828986));
#3002=CARTESIAN_POINT('Ctrl Pts',(-4.25606599606331,2.83780529542714,35.5312429816357));
#3003=CARTESIAN_POINT('Ctrl Pts',(-4.17848364893825,2.82885074399039,35.6253881425068));
#3004=CARTESIAN_POINT('Ctrl Pts',(-4.10053089580033,2.8232890121608,35.7193496537051));
#3005=CARTESIAN_POINT('Ctrl Pts',(-4.02236201344632,2.82123681041211,35.8129004600542));
#3006=CARTESIAN_POINT('Ctrl Pts',(-3.99965343781513,2.82064063227553,35.8400775860071));
#3007=CARTESIAN_POINT('Ctrl Pts',(-3.97692675860777,2.82034085017649,35.8672198375341));
#3008=CARTESIAN_POINT('Ctrl Pts',(-3.9541861167578,2.82034085017649,35.8943210933733));
#3009=CARTESIAN_POINT('Ctrl Pts',(-3.93000212918589,2.82034085017649,35.9231424625643));
#3010=CARTESIAN_POINT('Ctrl Pts',(-3.90565850759591,2.82067988890578,35.9520888901845));
#3011=CARTESIAN_POINT('Ctrl Pts',(-3.88115897283166,2.82136327083863,35.9811555847848));
#3012=CARTESIAN_POINT('Ctrl Pts',(-3.80772577187319,2.82341159229817,36.0682780728777));
#3013=CARTESIAN_POINT('Ctrl Pts',(-3.73408727259773,2.82851732981121,36.155063441664));
#3014=CARTESIAN_POINT('Ctrl Pts',(-3.66037761791543,2.83654767268174,36.2413940029395));
#3015=CARTESIAN_POINT('Ctrl Pts',(-3.58421387390916,2.84484537779663,36.330598854017));
#3016=CARTESIAN_POINT('Ctrl Pts',(-3.50797378989144,2.85626552403736,36.419318541308));
#3017=CARTESIAN_POINT('Ctrl Pts',(-3.43177537443002,2.87070313980729,36.5074495700332));
#3018=CARTESIAN_POINT('Ctrl Pts',(-3.35327603605858,2.88557672056008,36.5982418444266));
#3019=CARTESIAN_POINT('Ctrl Pts',(-3.2748204765357,2.9036525963564,36.6884098918374));
#3020=CARTESIAN_POINT('Ctrl Pts',(-3.19651274369355,2.92486174862259,36.7778606492126));
#3021=CARTESIAN_POINT('Ctrl Pts',(-3.11576019182474,2.94673306460005,36.8701041181841));
#3022=CARTESIAN_POINT('Ctrl Pts',(-3.03516432084958,2.97193614794176,36.9615854212716));
#3023=CARTESIAN_POINT('Ctrl Pts',(-2.95482054117751,3.00044611446565,37.0522147854375));
#3024=CARTESIAN_POINT('Ctrl Pts',(-2.87415790272137,3.02906922793503,37.1432038285852));
#3025=CARTESIAN_POINT('Ctrl Pts',(-2.79374874652393,3.06102551032039,37.233334840489));
#3026=CARTESIAN_POINT('Ctrl Pts',(-2.71367983571548,3.09634156296028,37.3225192208255));
#3027=CARTESIAN_POINT('Ctrl Pts',(-2.63487591442877,3.13109966575313,37.410294598523));
#3028=CARTESIAN_POINT('Ctrl Pts',(-2.55640099593022,3.16911233708794,37.497153639079));
#3029=CARTESIAN_POINT('Ctrl Pts',(-2.47833719305537,3.21045395197497,37.5830043953647));
#3030=CARTESIAN_POINT('Ctrl Pts',(-2.41010281647013,3.24659002548097,37.6580452288725));
#3031=CARTESIAN_POINT('Ctrl Pts',(-2.3421823026923,3.28527020318155,37.7323158562148));
#3032=CARTESIAN_POINT('Ctrl Pts',(-2.2746351998522,3.32657480805004,37.8057445521541));
#3033=CARTESIAN_POINT('Ctrl Pts',(-2.26561094702698,3.33209307873089,37.8155545823245));
#3034=CARTESIAN_POINT('Ctrl Pts',(-2.25659357149861,3.33765822303548,37.8253497585142));
#3035=CARTESIAN_POINT('Ctrl Pts',(-2.24758315938996,3.34327004514328,37.8351300702908));
#3036=CARTESIAN_POINT('Ctrl Pts',(-2.16558245950781,3.3943413318841,37.9241373655261));
#3037=CARTESIAN_POINT('Ctrl Pts',(-2.08445664613366,3.44908825828794,38.0115906009489));
#3038=CARTESIAN_POINT('Ctrl Pts',(-2.00429403452849,3.50728824613287,38.0974652279519));
#3039=CARTESIAN_POINT('Ctrl Pts',(-1.92310844486818,3.56623094069833,38.1844357256751));
#3040=CARTESIAN_POINT('Ctrl Pts',(-1.84291024473885,3.6287159901252,38.2697875200541));
#3041=CARTESIAN_POINT('Ctrl Pts',(-1.76380624955129,3.6945580885193,38.3534717628694));
#3042=CARTESIAN_POINT('Ctrl Pts',(-1.68495245657302,3.76019193145875,38.4368913163681));
#3043=CARTESIAN_POINT('Ctrl Pts',(-1.60718542817988,3.82916232667089,38.5186542606981));
#3044=CARTESIAN_POINT('Ctrl Pts',(-1.53063392303643,3.90132105046153,38.5986827690063));
#3045=CARTESIAN_POINT('Ctrl Pts',(-1.45656363407524,3.97114093855161,38.6761173631977));
#3046=CARTESIAN_POINT('Ctrl Pts',(-1.38363099818225,4.04394655884831,38.7519283583272));
#3047=CARTESIAN_POINT('Ctrl Pts',(-1.31198040055244,4.11962600849154,38.8260132595871));
#3048=CARTESIAN_POINT('Ctrl Pts',(-1.2422737690802,4.19325218441765,38.8980881491291));
#3049=CARTESIAN_POINT('Ctrl Pts',(-1.17378023158086,4.26959896283408,38.9685295553747));
#3050=CARTESIAN_POINT('Ctrl Pts',(-1.1066643174131,4.34857524866709,39.0372090753861));
#3051=CARTESIAN_POINT('Ctrl Pts',(-1.04266200859159,4.42388770917871,39.102702452091));
#3052=CARTESIAN_POINT('Ctrl Pts',(-0.979912317462893,4.50159185183809,39.1665936894239));
#3053=CARTESIAN_POINT('Ctrl Pts',(-0.918590207167692,4.58161193037991,39.2287382354558));
#3054=CARTESIAN_POINT('Ctrl Pts',(-0.872369047950629,4.64192656686319,39.275579300494));
#3055=CARTESIAN_POINT('Ctrl Pts',(-0.826959540031223,4.70355706719688,39.3214273919544));
#3056=CARTESIAN_POINT('Ctrl Pts',(-0.782450556117281,4.76646984258247,39.3662067155487));
#3057=CARTESIAN_POINT('Ctrl Pts',(-0.771459609174861,4.78200537980346,39.377264419555));
#3058=CARTESIAN_POINT('Ctrl Pts',(-0.760484981563814,4.79767387957899,39.388295970243));
#3059=CARTESIAN_POINT('Ctrl Pts',(-0.749527875858001,4.81347548394301,39.3993003531035));
#3060=CARTESIAN_POINT('Ctrl Pts',(-0.693398435732173,4.89442160510449,39.4556719776433));
#3061=CARTESIAN_POINT('Ctrl Pts',(-0.638696962173351,4.9774602424934,39.5103584407327));
#3062=CARTESIAN_POINT('Ctrl Pts',(-0.585472570352336,5.06237099549836,39.5633590235198));
#3063=CARTESIAN_POINT('Ctrl Pts',(-0.53044409030239,5.15015987420405,39.6181561083289));
#3064=CARTESIAN_POINT('Ctrl Pts',(-0.476994133503103,5.23995021672576,39.6711514166787));
#3065=CARTESIAN_POINT('Ctrl Pts',(-0.425173546158934,5.33155612710231,39.722340828786));
#3066=CARTESIAN_POINT('Ctrl Pts',(-0.371742742807988,5.4260084989098,39.775120844454));
#3067=CARTESIAN_POINT('Ctrl Pts',(-0.320043679158404,5.52239137719433,39.8259813795288));
#3068=CARTESIAN_POINT('Ctrl Pts',(-0.270135115269738,5.62055629730893,39.8749088651577));
#3069=CARTESIAN_POINT('Ctrl Pts',(-0.218567835371239,5.72198373815968,39.9254624605644));
#3070=CARTESIAN_POINT('Ctrl Pts',(-0.168911488980326,5.82531403997328,39.9739528549819));
#3071=CARTESIAN_POINT('Ctrl Pts',(-0.121242000585545,5.93043574863236,40.0203488624684));
#3072=CARTESIAN_POINT('Ctrl Pts',(-0.0733515666677588,6.03604469077519,
40.0669599129622));
#3073=CARTESIAN_POINT('Ctrl Pts',(-0.0274659159477507,6.14346232034513,
40.1114575420161));
#3074=CARTESIAN_POINT('Ctrl Pts',(0.0163186711398683,6.25261931217105,40.1537872839218));
#3075=CARTESIAN_POINT('Ctrl Pts',(0.0593968978485367,6.36001531504538,40.195434135922));
#3076=CARTESIAN_POINT('Ctrl Pts',(0.100441732726769,6.46909570032005,40.2349828028802));
#3077=CARTESIAN_POINT('Ctrl Pts',(0.139335824956341,6.57982660135742,40.2723539666185));
#3078=CARTESIAN_POINT('Ctrl Pts',(0.177967288035828,6.68980980111779,40.3094727846557));
#3079=CARTESIAN_POINT('Ctrl Pts',(0.214477408287793,6.80142188009138,40.3444437617355));
#3080=CARTESIAN_POINT('Ctrl Pts',(0.248719116270492,6.91465235561301,40.3771568333934));
#3081=CARTESIAN_POINT('Ctrl Pts',(0.249359896538041,6.91677128771873,40.3777690076114));
#3082=CARTESIAN_POINT('Ctrl Pts',(0.249999828607161,6.91889061264192,40.3783803396832));
#3083=CARTESIAN_POINT('Ctrl Pts',(0.25063891180242,6.92101033015237,40.3789908291751));
#3084=CARTESIAN_POINT('Ctrl Pts',(0.284764691002158,7.03419905466304,40.4115897611425));
#3085=CARTESIAN_POINT('Ctrl Pts',(0.31645634456872,7.14850644279362,40.4418019451597));
#3086=CARTESIAN_POINT('Ctrl Pts',(0.345791437437771,7.2638003881275,40.4697188089662));
#3087=CARTESIAN_POINT('Ctrl Pts',(0.375579913174853,7.3808762367891,40.4980671364751));
#3088=CARTESIAN_POINT('Ctrl Pts',(0.402938510561021,7.4989702015483,40.524048687751));
#3089=CARTESIAN_POINT('Ctrl Pts',(0.427911659380306,7.61796175158813,40.5477232538645));
#3090=CARTESIAN_POINT('Ctrl Pts',(0.452942149554909,7.73722652054802,40.5714521796311));
#3091=CARTESIAN_POINT('Ctrl Pts',(0.475576256542222,7.85739389776809,40.592863499562));
#3092=CARTESIAN_POINT('Ctrl Pts',(0.495821253322385,7.97834718123565,40.6119814948585));
#3093=CARTESIAN_POINT('Ctrl Pts',(0.516132880280212,8.09969854521932,40.6311624111541));
#3094=CARTESIAN_POINT('Ctrl Pts',(0.534039708793665,8.22184193558452,40.6480348957171));
#3095=CARTESIAN_POINT('Ctrl Pts',(0.549510684468733,8.34465039585553,40.6625873507101));
#3096=CARTESIAN_POINT('Ctrl Pts',(0.564180589915375,8.46109996814248,40.6763862954728));
#3097=CARTESIAN_POINT('Ctrl Pts',(0.576660122187553,8.57814816249661,40.6880989854698));
#3098=CARTESIAN_POINT('Ctrl Pts',(0.586890190879442,8.69566741514281,40.6976854401556));
#3099=CARTESIAN_POINT('Ctrl Pts',(0.596841204635895,8.80998098770539,40.7070103963536));
#3100=CARTESIAN_POINT('Ctrl Pts',(0.604663726554141,8.92474087379401,40.7143234309727));
#3101=CARTESIAN_POINT('Ctrl Pts',(0.610273724749115,9.03980188298734,40.7195609085526));
#3102=CARTESIAN_POINT('Ctrl Pts',(0.615655602864595,9.15018415153732,40.7245854139067));
#3103=CARTESIAN_POINT('Ctrl Pts',(0.619001115317447,9.26084397857288,40.7276995919081));
#3104=CARTESIAN_POINT('Ctrl Pts',(0.620209908266623,9.37162000834681,40.7288240114645));
#3105=CARTESIAN_POINT('Ctrl Pts',(0.620544020153646,9.40223864189357,40.72913480244));
#3106=CARTESIAN_POINT('Ctrl Pts',(0.620714737866337,9.43286593035301,40.7292934452563));
#3107=CARTESIAN_POINT('Ctrl Pts',(0.620719586568607,9.46349792577308,40.7292979510515));
#3108=CARTESIAN_POINT('Ctrl Pts',(0.620719657425615,9.46394556957877,40.7292980168974));
#3109=CARTESIAN_POINT('Ctrl Pts',(0.620719692857309,9.46439321104938,40.7292980498228));
#3110=CARTESIAN_POINT('Ctrl Pts',(0.620719692857309,9.46484085017648,40.7292980498228));
#3111=CARTESIAN_POINT('Ctrl Pts',(35.5724824961831,9.46484085017649,56.6987512989938));
#3112=CARTESIAN_POINT('Ctrl Pts',(37.0066500706648,9.46484085017649,48.5651828075505));
#3113=CARTESIAN_POINT('Ctrl Pts',(35.5724824961831,8.62968050861892,56.6987512989938));
#3114=CARTESIAN_POINT('Ctrl Pts',(37.0066500706648,8.62968050861892,48.5651828075505));
#3115=CARTESIAN_POINT('Ctrl Pts',(35.4043152325827,7.73940437090127,56.690352105512));
#3116=CARTESIAN_POINT('Ctrl Pts',(36.8384828070644,7.73940437090127,48.5567836140687));
#3117=CARTESIAN_POINT('Ctrl Pts',(34.7231794492551,6.10257663891997,56.6468431354861));
#3118=CARTESIAN_POINT('Ctrl Pts',(36.1573470237368,6.10257663891997,48.5132746440428));
#3119=CARTESIAN_POINT('Ctrl Pts',(34.2104460716536,5.35595617928617,56.6106500292534));
#3120=CARTESIAN_POINT('Ctrl Pts',(35.6446136461353,5.35595617928617,48.4770815378101));
#3121=CARTESIAN_POINT('Ctrl Pts',(33.0320082798857,4.1769876322545,56.5044935840566));
#3122=CARTESIAN_POINT('Ctrl Pts',(34.4661758543673,4.1769876322545,48.3709250926133));
#3123=CARTESIAN_POINT('Ctrl Pts',(32.2874865088738,3.66575572884301,56.4272601551853));
#3124=CARTESIAN_POINT('Ctrl Pts',(33.7216540833555,3.66575572884301,48.293691663742));
#3125=CARTESIAN_POINT('Ctrl Pts',(30.662488116908,2.98741029888324,56.2169337974735));
#3126=CARTESIAN_POINT('Ctrl Pts',(32.0966556913897,2.98741029888324,48.0833653060302));
#3127=CARTESIAN_POINT('Ctrl Pts',(29.7821298822232,2.82034085017649,56.0827853898831));
#3128=CARTESIAN_POINT('Ctrl Pts',(31.2162974567049,2.82034085017649,47.9492168984398));
#3129=CARTESIAN_POINT('Ctrl Pts',(28.1371966380082,2.82034085017649,55.7927392774637));
#3130=CARTESIAN_POINT('Ctrl Pts',(29.5713642124899,2.82034085017649,47.6591707860204));
#3131=CARTESIAN_POINT('Ctrl Pts',(27.2640490436359,2.98741029888324,55.6176972965617));
#3132=CARTESIAN_POINT('Ctrl Pts',(28.6982166181176,2.98741029888324,47.4841288051184));
#3133=CARTESIAN_POINT('Ctrl Pts',(25.6651141949068,3.66575572884301,55.2595572399362));
#3134=CARTESIAN_POINT('Ctrl Pts',(27.0992817693885,3.66575572884301,47.1259887484929));
#3135=CARTESIAN_POINT('Ctrl Pts',(24.9390771922604,4.1769876322545,55.077491480294));
#3136=CARTESIAN_POINT('Ctrl Pts',(26.3732447667422,4.1769876322545,46.9439229888507));
#3137=CARTESIAN_POINT('Ctrl Pts',(23.7954002526797,5.35595617928617,54.7741964460534));
#3138=CARTESIAN_POINT('Ctrl Pts',(25.2295678271614,5.35595617928617,46.6406279546101));
#3139=CARTESIAN_POINT('Ctrl Pts',(23.3012097099359,6.10257663891997,54.6328416976085));
#3140=CARTESIAN_POINT('Ctrl Pts',(24.7353772844176,6.10257663891997,46.4992732061652));
#3141=CARTESIAN_POINT('Ctrl Pts',(22.6462704964255,7.73940437090127,54.4407645974418));
#3142=CARTESIAN_POINT('Ctrl Pts',(24.0804380709072,7.73940437090127,46.3071961059985));
#3143=CARTESIAN_POINT('Ctrl Pts',(22.4853722664039,8.62968050861892,54.391140665978));
#3144=CARTESIAN_POINT('Ctrl Pts',(23.9195398408856,8.62968050861892,46.2575721745347));
#3145=CARTESIAN_POINT('Ctrl Pts',(22.4853722664039,10.3000011917341,54.391140665978));
#3146=CARTESIAN_POINT('Ctrl Pts',(23.9195398408856,10.3000011917341,46.2575721745347));
#3147=CARTESIAN_POINT('Ctrl Pts',(22.6462704964255,11.1902773294517,54.4407645974418));
#3148=CARTESIAN_POINT('Ctrl Pts',(24.0804380709072,11.1902773294517,46.3071961059985));
#3149=CARTESIAN_POINT('Ctrl Pts',(23.3012097099359,12.827105061433,54.6328416976085));
#3150=CARTESIAN_POINT('Ctrl Pts',(24.7353772844176,12.827105061433,46.4992732061652));
#3151=CARTESIAN_POINT('Ctrl Pts',(23.7954002526797,13.5737255210668,54.7741964460534));
#3152=CARTESIAN_POINT('Ctrl Pts',(25.2295678271614,13.5737255210668,46.6406279546101));
#3153=CARTESIAN_POINT('Ctrl Pts',(24.9390771922604,14.7526940680985,55.077491480294));
#3154=CARTESIAN_POINT('Ctrl Pts',(26.3732447667421,14.7526940680985,46.9439229888507));
#3155=CARTESIAN_POINT('Ctrl Pts',(25.6651141949068,15.26392597151,55.2595572399362));
#3156=CARTESIAN_POINT('Ctrl Pts',(27.0992817693885,15.26392597151,47.1259887484929));
#3157=CARTESIAN_POINT('Ctrl Pts',(27.2640490436359,15.9422714014697,55.6176972965617));
#3158=CARTESIAN_POINT('Ctrl Pts',(28.6982166181176,15.9422714014697,47.4841288051184));
#3159=CARTESIAN_POINT('Ctrl Pts',(28.1371966380082,16.1093408501765,55.7927392774637));
#3160=CARTESIAN_POINT('Ctrl Pts',(29.5713642124899,16.1093408501765,47.6591707860204));
#3161=CARTESIAN_POINT('Ctrl Pts',(29.7821298822232,16.1093408501765,56.0827853898831));
#3162=CARTESIAN_POINT('Ctrl Pts',(31.2162974567049,16.1093408501765,47.9492168984398));
#3163=CARTESIAN_POINT('Ctrl Pts',(30.662488116908,15.9422714014697,56.2169337974735));
#3164=CARTESIAN_POINT('Ctrl Pts',(32.0966556913897,15.9422714014697,48.0833653060302));
#3165=CARTESIAN_POINT('Ctrl Pts',(32.2874865088738,15.26392597151,56.4272601551853));
#3166=CARTESIAN_POINT('Ctrl Pts',(33.7216540833555,15.26392597151,48.293691663742));
#3167=CARTESIAN_POINT('Ctrl Pts',(33.0320082798857,14.7526940680985,56.5044935840566));
#3168=CARTESIAN_POINT('Ctrl Pts',(34.4661758543673,14.7526940680985,48.3709250926133));
#3169=CARTESIAN_POINT('Ctrl Pts',(34.2104460716536,13.5737255210668,56.6106500292534));
#3170=CARTESIAN_POINT('Ctrl Pts',(35.6446136461353,13.5737255210668,48.4770815378101));
#3171=CARTESIAN_POINT('Ctrl Pts',(34.7231794492551,12.827105061433,56.6468431354861));
#3172=CARTESIAN_POINT('Ctrl Pts',(36.1573470237368,12.827105061433,48.5132746440428));
#3173=CARTESIAN_POINT('Ctrl Pts',(35.4043152325827,11.1902773294517,56.690352105512));
#3174=CARTESIAN_POINT('Ctrl Pts',(36.8384828070644,11.1902773294517,48.5567836140687));
#3175=CARTESIAN_POINT('Ctrl Pts',(35.5724824961831,10.3000011917341,56.6987512989938));
#3176=CARTESIAN_POINT('Ctrl Pts',(37.0066500706648,10.3000011917341,48.5651828075505));
#3177=CARTESIAN_POINT('Ctrl Pts',(35.5724824961831,9.46484085017648,56.6987512989938));
#3178=CARTESIAN_POINT('Ctrl Pts',(37.0066500706648,9.46484085017648,48.5651828075505));
#3179=CARTESIAN_POINT('',(35.7386435938961,9.46484085017649,55.7564048864068));
#3180=CARTESIAN_POINT('',(35.7911128269963,9.46484085017649,55.458837078636));
#3181=CARTESIAN_POINT('Ctrl Pts',(35.7386435938961,9.46484085017648,55.7564048864068));
#3182=CARTESIAN_POINT('Ctrl Pts',(35.7386435938961,9.4833125697963,55.7564048864068));
#3183=CARTESIAN_POINT('Ctrl Pts',(35.7385613404113,9.50178822930572,55.7564007279032));
#3184=CARTESIAN_POINT('Ctrl Pts',(35.7383973849019,9.52026724930959,55.7563923874194));
#3185=CARTESIAN_POINT('Ctrl Pts',(35.7373952506531,9.63321532219069,55.7563414084402));
#3186=CARTESIAN_POINT('Ctrl Pts',(35.7333457493632,9.74606752710586,55.7561342888839));
#3187=CARTESIAN_POINT('Ctrl Pts',(35.7263877867591,9.8586482119209,55.7557670794487));
#3188=CARTESIAN_POINT('Ctrl Pts',(35.7191973524724,9.97499031695602,55.7553876012216));
#3189=CARTESIAN_POINT('Ctrl Pts',(35.708901004873,10.0910430081265,55.7548371862399));
#3190=CARTESIAN_POINT('Ctrl Pts',(35.6956105812346,10.2066527412944,55.7541103927848));
#3191=CARTESIAN_POINT('Ctrl Pts',(35.68191192831,10.3258135485379,55.7533612751073));
#3192=CARTESIAN_POINT('Ctrl Pts',(35.6650325969616,10.4445044322501,55.7524248114076));
#3193=CARTESIAN_POINT('Ctrl Pts',(35.6450494335638,10.562589902637,55.7512934185595));
#3194=CARTESIAN_POINT('Ctrl Pts',(35.6243469748622,10.6849258674326,55.7501213011501));
#3195=CARTESIAN_POINT('Ctrl Pts',(35.6003134573127,10.8066128283968,55.7487400126938));
#3196=CARTESIAN_POINT('Ctrl Pts',(35.5729829811491,10.9275234565395,55.7471387969445));
#3197=CARTESIAN_POINT('Ctrl Pts',(35.5455662435995,11.0488157069529,55.7455325273831));
#3198=CARTESIAN_POINT('Ctrl Pts',(35.5148316997498,11.1693276364893,55.7437049738887));
#3199=CARTESIAN_POINT('Ctrl Pts',(35.4807616185678,11.2889406306254,55.7416424081266));
#3200=CARTESIAN_POINT('Ctrl Pts',(35.4468523296256,11.4079891165311,55.7395895765523));
#3201=CARTESIAN_POINT('Ctrl Pts',(35.4096388742701,11.5261480207298,55.7373039761883));
#3202=CARTESIAN_POINT('Ctrl Pts',(35.3690526025224,11.643296684859,55.7347687593145));
#3203=CARTESIAN_POINT('Ctrl Pts',(35.3284663307747,11.7604453489881,55.7322335424407));
#3204=CARTESIAN_POINT('Ctrl Pts',(35.2845072766825,11.8765846594899,55.7294487439348));
#3205=CARTESIAN_POINT('Ctrl Pts',(35.2370554741499,11.9915769668574,55.7263937033917));
#3206=CARTESIAN_POINT('Ctrl Pts',(35.2346998381225,11.9972854965159,55.7262420429028));
#3207=CARTESIAN_POINT('Ctrl Pts',(35.2323359753859,12.0029902458266,55.7260897408495));
#3208=CARTESIAN_POINT('Ctrl Pts',(35.2299638780744,12.0086911954424,55.7259367952093));
#3209=CARTESIAN_POINT('Ctrl Pts',(35.1802528875367,12.128163466257,55.7227315813099));
#3210=CARTESIAN_POINT('Ctrl Pts',(35.1269346768801,12.2459702203795,55.7192209855692));
#3211=CARTESIAN_POINT('Ctrl Pts',(35.0702206050332,12.36205244584,55.7153921616058));
#3212=CARTESIAN_POINT('Ctrl Pts',(35.0129653573887,12.4792423486175,55.7115268023207));
#3213=CARTESIAN_POINT('Ctrl Pts',(34.9522485052829,12.5946753339428,55.7073371388014));
#3214=CARTESIAN_POINT('Ctrl Pts',(34.8882415758219,12.7082631511262,55.7028054003444));
#3215=CARTESIAN_POINT('Ctrl Pts',(34.8248306369034,12.8207933130626,55.6983158584635));
#3216=CARTESIAN_POINT('Ctrl Pts',(34.7581898794034,12.9315131031463,55.693490596449));
#3217=CARTESIAN_POINT('Ctrl Pts',(34.6884515205951,13.0403004398019,55.6883076091311));
#3218=CARTESIAN_POINT('Ctrl Pts',(34.6271920823888,13.1358612078116,55.6837547791426));
#3219=CARTESIAN_POINT('Ctrl Pts',(34.5635416887168,13.2299306238031,55.6789258633709));
#3220=CARTESIAN_POINT('Ctrl Pts',(34.4975741733146,13.3223968635155,55.6738027422186));
#3221=CARTESIAN_POINT('Ctrl Pts',(34.4365895582723,13.407878604019,55.6690665994462));
#3222=CARTESIAN_POINT('Ctrl Pts',(34.3733603427633,13.4923498488939,55.6640584815862));
#3223=CARTESIAN_POINT('Ctrl Pts',(34.3081454673291,13.5753617198187,55.6587763414791));
#3224=CARTESIAN_POINT('Ctrl Pts',(34.2426397354306,13.6587438212946,55.6534706431794));
#3225=CARTESIAN_POINT('Ctrl Pts',(34.1751310649248,13.7406528915021,55.6478884450234));
#3226=CARTESIAN_POINT('Ctrl Pts',(34.1059264987845,13.8206617337059,55.6420321759598));
#3227=CARTESIAN_POINT('Ctrl Pts',(34.0369618139338,13.9003932441479,55.6361962062703));
#3228=CARTESIAN_POINT('Ctrl Pts',(33.9663135537399,13.9782371155451,55.6300880440397));
#3229=CARTESIAN_POINT('Ctrl Pts',(33.894321765836,14.0538067875198,55.6237148935375));
#3230=CARTESIAN_POINT('Ctrl Pts',(33.8590472254282,14.090834419772,55.6205921768853));
#3231=CARTESIAN_POINT('Ctrl Pts',(33.8234506268848,14.1273166655972,55.6174059165943));
#3232=CARTESIAN_POINT('Ctrl Pts',(33.7875744942963,14.1632118577705,55.6141574019273));
#3233=CARTESIAN_POINT('Ctrl Pts',(33.7143740861394,14.2364511544387,55.6075292460374));
#3234=CARTESIAN_POINT('Ctrl Pts',(33.6387901229916,14.3084627489507,55.6005291641818));
#3235=CARTESIAN_POINT('Ctrl Pts',(33.5611978232374,14.3788999619788,55.5931707547819));
#3236=CARTESIAN_POINT('Ctrl Pts',(33.5468739235271,14.3919029993741,55.5918123581549));
#3237=CARTESIAN_POINT('Ctrl Pts',(33.5324816977647,14.4048524649912,55.5904417710395));
#3238=CARTESIAN_POINT('Ctrl Pts',(33.5180236582161,14.4177462938817,55.5890591075715));
#3239=CARTESIAN_POINT('Ctrl Pts',(33.4295618332774,14.4966374623743,55.5805992515006));
#3240=CARTESIAN_POINT('Ctrl Pts',(33.3390442828467,14.5730862743903,55.5717262715279));
#3241=CARTESIAN_POINT('Ctrl Pts',(33.2466858078156,14.6470424029798,55.562438546273));
#3242=CARTESIAN_POINT('Ctrl Pts',(33.1512964723573,14.7234254956722,55.5528460325412));
#3243=CARTESIAN_POINT('Ctrl Pts',(33.05394306244,14.7971501946094,55.5428111469816));
#3244=CARTESIAN_POINT('Ctrl Pts',(32.9548064401951,14.8681550640413,55.5323262122253));
#3245=CARTESIAN_POINT('Ctrl Pts',(32.8518138482545,14.9419217042353,55.5214334605616));
#3246=CARTESIAN_POINT('Ctrl Pts',(32.7468962645302,15.0127535453227,55.5100550266722));
#3247=CARTESIAN_POINT('Ctrl Pts',(32.6402026787164,15.0805651992729,55.4981752693159));
#3248=CARTESIAN_POINT('Ctrl Pts',(32.5325951284373,15.1489577451443,55.4861937469284));
#3249=CARTESIAN_POINT('Ctrl Pts',(32.4231803776088,15.214278836507,55.4737023042251));
#3250=CARTESIAN_POINT('Ctrl Pts',(32.3120656784113,15.2764136334094,55.4606772652709));
#3251=CARTESIAN_POINT('Ctrl Pts',(32.2021595832502,15.3378725848398,55.4477939007734));
#3252=CARTESIAN_POINT('Ctrl Pts',(32.0905896100579,15.3962147567424,55.4343884921465));
#3253=CARTESIAN_POINT('Ctrl Pts',(31.9774254097158,15.4512931231576,55.42043046358));
#3254=CARTESIAN_POINT('Ctrl Pts',(31.8669459371723,15.505064800523,55.4068035777882));
#3255=CARTESIAN_POINT('Ctrl Pts',(31.7549463290237,15.5557261254697,55.3926499755422));
#3256=CARTESIAN_POINT('Ctrl Pts',(31.6414687409434,15.6030986864898,55.3779338801113));
#3257=CARTESIAN_POINT('Ctrl Pts',(31.5460801145626,15.642919796546,55.3655636125316));
#3258=CARTESIAN_POINT('Ctrl Pts',(31.4496481114602,15.6804156268772,55.3527811652496));
#3259=CARTESIAN_POINT('Ctrl Pts',(31.3522526200215,15.7156147449566,55.3395967579191));
#3260=CARTESIAN_POINT('Ctrl Pts',(31.1731225051062,15.7803530811296,55.3153479516826));
#3261=CARTESIAN_POINT('Ctrl Pts',(30.9907801019865,15.8372990246045,55.2897455189845));
#3262=CARTESIAN_POINT('Ctrl Pts',(30.8064018487706,15.8863243722751,55.2629366384223));
#3263=CARTESIAN_POINT('Ctrl Pts',(30.639605645845,15.9306747319078,55.2386842149154));
#3264=CARTESIAN_POINT('Ctrl Pts',(30.471143591442,15.9685427620121,55.2134444623358));
#3265=CARTESIAN_POINT('Ctrl Pts',(30.3019318060533,15.9998160554418,55.187330657152));
#3266=CARTESIAN_POINT('Ctrl Pts',(30.1368543432232,16.0303252538517,55.1618548860958));
#3267=CARTESIAN_POINT('Ctrl Pts',(29.9710630754466,16.0545579751229,55.1355472084187));
#3268=CARTESIAN_POINT('Ctrl Pts',(29.8054547822217,16.0723945559098,55.1085175053622));
#3269=CARTESIAN_POINT('Ctrl Pts',(29.6452387324189,16.0896503735988,55.0823678955406));
#3270=CARTESIAN_POINT('Ctrl Pts',(29.4851937886168,16.1009197177548,55.0555424848424));
#3271=CARTESIAN_POINT('Ctrl Pts',(29.3261785576081,16.1060807241856,55.0281457345395));
#3272=CARTESIAN_POINT('Ctrl Pts',(29.2593139123788,16.1082508865143,55.0166256180209));
#3273=CARTESIAN_POINT('Ctrl Pts',(29.1926319248816,16.1093408501765,55.005004544938));
#3274=CARTESIAN_POINT('Ctrl Pts',(29.1261991135045,16.1093408501765,54.9932905760353));
#3275=CARTESIAN_POINT('Ctrl Pts',(29.0217923435323,16.1093408501765,54.9748807325959));
#3276=CARTESIAN_POINT('Ctrl Pts',(28.9162510427084,16.1066488618254,54.9559328512876));
#3277=CARTESIAN_POINT('Ctrl Pts',(28.8098062853887,16.1012039106005,54.936489816338));
#3278=CARTESIAN_POINT('Ctrl Pts',(28.6943160519299,16.0952962576173,54.9153945486891));
#3279=CARTESIAN_POINT('Ctrl Pts',(28.5791265549471,16.0862204081988,54.8939660793269));
#3280=CARTESIAN_POINT('Ctrl Pts',(28.4644112710176,16.0740963165422,54.8722614927278));
#3281=CARTESIAN_POINT('Ctrl Pts',(28.345955875102,16.0615769378848,54.8498492621104));
#3282=CARTESIAN_POINT('Ctrl Pts',(28.228005505869,16.0458074713361,54.8271425036554));
#3283=CARTESIAN_POINT('Ctrl Pts',(28.1107168499622,16.026876670559,54.8041917615216));
#3284=CARTESIAN_POINT('Ctrl Pts',(27.990155638747,16.0074176678676,54.7806006541929));
#3285=CARTESIAN_POINT('Ctrl Pts',(27.870292844607,15.9846186168111,54.7567516190126));
#3286=CARTESIAN_POINT('Ctrl Pts',(27.7512734583073,15.9585284279722,54.7326887161916));
#3287=CARTESIAN_POINT('Ctrl Pts',(27.6295715964633,15.931850214815,54.7080834803074));
#3288=CARTESIAN_POINT('Ctrl Pts',(27.5087507321611,15.9017309945309,54.6832544625891));
#3289=CARTESIAN_POINT('Ctrl Pts',(27.3889522288685,15.8681717299747,54.6582399567859));
#3290=CARTESIAN_POINT('Ctrl Pts',(27.2692480418899,15.8346388863341,54.6332451446843));
#3291=CARTESIAN_POINT('Ctrl Pts',(27.1505637035376,15.7976714010376,54.6080649421144));
#3292=CARTESIAN_POINT('Ctrl Pts',(27.033040142752,15.7572187743826,54.5827316196714));
#3293=CARTESIAN_POINT('Ctrl Pts',(26.9176159943487,15.7174887836376,54.5578508455554));
#3294=CARTESIAN_POINT('Ctrl Pts',(26.8033107207919,15.6743969320161,54.5328221879659));
#3295=CARTESIAN_POINT('Ctrl Pts',(26.6902702989895,15.6278469388889,54.507673317978));
#3296=CARTESIAN_POINT('Ctrl Pts',(26.6704955120724,15.6197036908329,54.5032738868958));
#3297=CARTESIAN_POINT('Ctrl Pts',(26.6507594811616,15.611454495889,54.4988707736671));
#3298=CARTESIAN_POINT('Ctrl Pts',(26.6310630558793,15.6030986864898,54.4944641235104));
#3299=CARTESIAN_POINT('Ctrl Pts',(26.5516417834943,15.5694058206639,54.4766953275291));
#3300=CARTESIAN_POINT('Ctrl Pts',(26.4728614779782,15.5339807147202,54.4588791747955));
#3301=CARTESIAN_POINT('Ctrl Pts',(26.3947391706067,15.4968698209057,54.4410327156759));
#3302=CARTESIAN_POINT('Ctrl Pts',(26.2323026051468,15.4197066349325,54.4039252924246));
#3303=CARTESIAN_POINT('Ctrl Pts',(26.0727989208129,15.3352936185741,54.3667061429953));
#3304=CARTESIAN_POINT('Ctrl Pts',(25.9169565618558,15.2442833009457,54.329659021331));
#3305=CARTESIAN_POINT('Ctrl Pts',(25.7704885569524,15.158747508637,54.2948403877202));
#3306=CARTESIAN_POINT('Ctrl Pts',(25.6272546367513,15.0673838519743,54.2601736558147));
#3307=CARTESIAN_POINT('Ctrl Pts',(25.4879024450139,14.9707444086287,54.2259070232027));
#3308=CARTESIAN_POINT('Ctrl Pts',(25.3528282665888,14.8770717275564,54.1926923518741));
#3309=CARTESIAN_POINT('Ctrl Pts',(25.221400969681,14.778441874013,54.1598535019397));
#3310=CARTESIAN_POINT('Ctrl Pts',(25.0942535700189,14.6753728605523,54.1276298494481));
#3311=CARTESIAN_POINT('Ctrl Pts',(24.9724203289846,14.5766116433078,54.0967529928907));
#3312=CARTESIAN_POINT('Ctrl Pts',(24.8545166598122,14.4737743552869,54.0664409429087));
#3313=CARTESIAN_POINT('Ctrl Pts',(24.7411411600971,14.3673349226686,54.036917622515));
#3314=CARTESIAN_POINT('Ctrl Pts',(24.6701282151978,14.300666395671,54.0184256385359));
#3315=CARTESIAN_POINT('Ctrl Pts',(24.6008925739142,14.2325850596694,54.000243352237));
#3316=CARTESIAN_POINT('Ctrl Pts',(24.5335903737238,14.1632118577705,53.9824287491804));
#3317=CARTESIAN_POINT('Ctrl Pts',(24.4649367744791,14.0924456719992,53.9642564366039));
#3318=CARTESIAN_POINT('Ctrl Pts',(24.3971918324518,14.0191985399161,53.9461766816248));
#3319=CARTESIAN_POINT('Ctrl Pts',(24.3305230263294,13.9435666421183,53.9282510471871));
#3320=CARTESIAN_POINT('Ctrl Pts',(24.2539324171016,13.8566790335604,53.9076576791303));
#3321=CARTESIAN_POINT('Ctrl Pts',(24.1796868044313,13.7676971541869,53.8875171382352));
#3322=CARTESIAN_POINT('Ctrl Pts',(24.1078244674053,13.6768340358704,53.8678755795711));
#3323=CARTESIAN_POINT('Ctrl Pts',(24.0335788915812,13.5829575378358,53.8475826292797));
#3324=CARTESIAN_POINT('Ctrl Pts',(23.9618767571999,13.4870726346213,53.8278221136527));
#3325=CARTESIAN_POINT('Ctrl Pts',(23.8927656011686,13.3893578633783,53.8086416504806));
#3326=CARTESIAN_POINT('Ctrl Pts',(23.8216894481712,13.2888648253537,53.7889158404484));
#3327=CARTESIAN_POINT('Ctrl Pts',(23.7533530821318,13.1864359743453,53.769803308164));
#3328=CARTESIAN_POINT('Ctrl Pts',(23.6878226959255,13.0822125457138,53.75135570196));
#3329=CARTESIAN_POINT('Ctrl Pts',(23.6207969191049,12.9756107587971,53.7324871249854));
#3330=CARTESIAN_POINT('Ctrl Pts',(23.5567059457224,12.8671310521122,53.7143139062216));
#3331=CARTESIAN_POINT('Ctrl Pts',(23.4956457245108,12.7568770352632,53.6968949309706));
#3332=CARTESIAN_POINT('Ctrl Pts',(23.4346576043258,12.6467532083749,53.6794965243643));
#3333=CARTESIAN_POINT('Ctrl Pts',(23.3766924654828,12.5348585955078,53.6628503319735));
#3334=CARTESIAN_POINT('Ctrl Pts',(23.3218805128006,12.4212586749736,53.6470224352519));
#3335=CARTESIAN_POINT('Ctrl Pts',(23.2681106828693,12.3098185946911,53.6314954694489));
#3336=CARTESIAN_POINT('Ctrl Pts',(23.2173748139638,12.1967367643973,53.6167557769279));
#3337=CARTESIAN_POINT('Ctrl Pts',(23.1698369373584,12.0820486307557,53.6028761587083));
#3338=CARTESIAN_POINT('Ctrl Pts',(23.1597315477307,12.0576687392063,53.5999256914176));
#3339=CARTESIAN_POINT('Ctrl Pts',(23.1497708348916,12.0332161853286,53.5970141338062));
#3340=CARTESIAN_POINT('Ctrl Pts',(23.1399566511646,12.0086911954424,53.5941422608246));
#3341=CARTESIAN_POINT('Ctrl Pts',(23.1101838965643,11.9342910694853,53.5854300161894));
#3342=CARTESIAN_POINT('Ctrl Pts',(23.0817578216988,11.8592238709583,53.5770918967563));
#3343=CARTESIAN_POINT('Ctrl Pts',(23.0546644402549,11.7835257508914,53.5691272527681));
#3344=CARTESIAN_POINT('Ctrl Pts',(22.9963660256817,11.6206416754873,53.5519892621443));
#3345=CARTESIAN_POINT('Ctrl Pts',(22.9443110729023,11.4550400951214,53.536601671068));
#3346=CARTESIAN_POINT('Ctrl Pts',(22.898519837339,11.287505494994,53.5230061416944));
#3347=CARTESIAN_POINT('Ctrl Pts',(22.8553344694253,11.1295048807765,53.5101843007731));
#3348=CARTESIAN_POINT('Ctrl Pts',(22.8177205733918,10.969784243577,53.4989564433952));
#3349=CARTESIAN_POINT('Ctrl Pts',(22.7857322169185,10.8090248079775,53.4893693549655));
#3350=CARTESIAN_POINT('Ctrl Pts',(22.7548596820843,10.6538730020507,53.4801166844898));
#3351=CARTESIAN_POINT('Ctrl Pts',(22.7292272568472,10.4977529715008,53.4723923431195));
#3352=CARTESIAN_POINT('Ctrl Pts',(22.7089153582592,10.3413092344274,53.4662490170898));
#3353=CARTESIAN_POINT('Ctrl Pts',(22.6896863732969,10.1932061777577,53.4604332178757));
#3354=CARTESIAN_POINT('Ctrl Pts',(22.675225952394,10.0448126698424,53.4560344025934));
#3355=CARTESIAN_POINT('Ctrl Pts',(22.6656282258115,9.89671147400282,53.4531063014444));
#3356=CARTESIAN_POINT('Ctrl Pts',(22.6562685267957,9.75228324873485,53.4502508184082));
#3357=CARTESIAN_POINT('Ctrl Pts',(22.6515334062187,9.60813258767502,53.4487940146193));
#3358=CARTESIAN_POINT('Ctrl Pts',(22.6515333825074,9.46484085017649,53.4487941490929));
#3359=CARTESIAN_POINT('Ctrl Pts',(22.6515333682642,9.37876694970498,53.4487942298698));
#3360=CARTESIAN_POINT('Ctrl Pts',(22.6532423108642,9.29183310322414,53.4493202005058));
#3361=CARTESIAN_POINT('Ctrl Pts',(22.6567008388583,9.20415020001651,53.4503790270496));
#3362=CARTESIAN_POINT('Ctrl Pts',(22.6612916304924,9.08776139553663,53.451784495517));
#3363=CARTESIAN_POINT('Ctrl Pts',(22.6689025243787,8.97157781614958,53.4541095225943));
#3364=CARTESIAN_POINT('Ctrl Pts',(22.6794162332123,8.85577853283704,53.4573061077026));
#3365=CARTESIAN_POINT('Ctrl Pts',(22.6902753481727,8.73617490392424,53.4606077099935));
#3366=CARTESIAN_POINT('Ctrl Pts',(22.7042309868663,8.61698063074797,53.4648390546441));
#3367=CARTESIAN_POINT('Ctrl Pts',(22.7211949831221,8.49835602107453,53.469960800262));
#3368=CARTESIAN_POINT('Ctrl Pts',(22.738645263048,8.37633096202172,53.4752293639538));
#3369=CARTESIAN_POINT('Ctrl Pts',(22.7592786855764,8.2549079640707,53.4814400889494));
#3370=CARTESIAN_POINT('Ctrl Pts',(22.7830444478505,8.13423339511717,53.488564569063));
#3371=CARTESIAN_POINT('Ctrl Pts',(22.8074070856707,8.01052809235378,53.4958679800229));
#3372=CARTESIAN_POINT('Ctrl Pts',(22.8350612052925,7.88760843061528,53.5041316026907));
#3373=CARTESIAN_POINT('Ctrl Pts',(22.8660013858002,7.76561519869824,53.5133400433352));
#3374=CARTESIAN_POINT('Ctrl Pts',(22.8969611626869,7.64354470072875,53.5225543162693));
#3375=CARTESIAN_POINT('Ctrl Pts',(22.9312111622177,7.52240088343895,53.5327146392703));
#3376=CARTESIAN_POINT('Ctrl Pts',(22.9687957209405,7.40232166534634,53.5438204035668));
#3377=CARTESIAN_POINT('Ctrl Pts',(23.0057264113335,7.28433149659834,53.5547329579975));
#3378=CARTESIAN_POINT('Ctrl Pts',(23.0458767593056,7.16736837857873,53.5665584090827));
#3379=CARTESIAN_POINT('Ctrl Pts',(23.0893358107393,7.05157306428831,53.5793096695892));
#3380=CARTESIAN_POINT('Ctrl Pts',(23.1057356055648,7.00787631220858,53.5841215108323));
#3381=CARTESIAN_POINT('Ctrl Pts',(23.1226070427703,6.9643460232447,53.5890653234711));
#3382=CARTESIAN_POINT('Ctrl Pts',(23.1399566466749,6.92099050491062,53.5941422862869));
#3383=CARTESIAN_POINT('Ctrl Pts',(23.1645594172625,6.85950980038576,53.6013417216242));
#3384=CARTESIAN_POINT('Ctrl Pts',(23.1901244576845,6.79838005493724,53.6088026834925));
#3385=CARTESIAN_POINT('Ctrl Pts',(23.2166332604907,6.73760913179886,53.6165158145472));
#3386=CARTESIAN_POINT('Ctrl Pts',(23.2822804270913,6.58711425864701,53.6356168355575));
#3387=CARTESIAN_POINT('Ctrl Pts',(23.3536031861223,6.43907269948557,53.6562320209493));
#3388=CARTESIAN_POINT('Ctrl Pts',(23.4301700990447,6.2939219240771,53.6781745818983));
#3389=CARTESIAN_POINT('Ctrl Pts',(23.5043705684038,6.15325730469963,53.699438966986));
#3390=CARTESIAN_POINT('Ctrl Pts',(23.5834968942112,6.01530700205993,53.7219502568342));
#3391=CARTESIAN_POINT('Ctrl Pts',(23.6671782478239,5.88051201276872,53.7455414619126));
#3392=CARTESIAN_POINT('Ctrl Pts',(23.7471346404833,5.75171723798345,53.7680825367771));
#3393=CARTESIAN_POINT('Ctrl Pts',(23.8312502508262,5.62580281891588,53.7916097633426));
#3394=CARTESIAN_POINT('Ctrl Pts',(23.919210866476,5.50319894573863,53.8159763643477));
#3395=CARTESIAN_POINT('Ctrl Pts',(24.004199855054,5.38473707390999,53.8395197736247));
#3396=CARTESIAN_POINT('Ctrl Pts',(24.0927789686978,5.26936554769311,53.8638469901583));
#3397=CARTESIAN_POINT('Ctrl Pts',(24.1846650301365,5.15752022606368,53.8888215147047));
#3398=CARTESIAN_POINT('Ctrl Pts',(24.2723827516006,5.0507486807809,53.9126630892979));
#3399=CARTESIAN_POINT('Ctrl Pts',(24.3631145865859,4.94719055023232,53.9370947072894));
#3400=CARTESIAN_POINT('Ctrl Pts',(24.4566078969966,4.84727211045757,53.961991557747));
#3401=CARTESIAN_POINT('Ctrl Pts',(24.4820656928804,4.82006478157338,53.9687708549428));
#3402=CARTESIAN_POINT('Ctrl Pts',(24.5077281820903,4.79312760266763,53.9755846044818));
#3403=CARTESIAN_POINT('Ctrl Pts',(24.5335901206849,4.76646984258247,53.9824301842355));
#3404=CARTESIAN_POINT('Ctrl Pts',(24.5843763082487,4.71412086654705,53.9958731400327));
#3405=CARTESIAN_POINT('Ctrl Pts',(24.636535312121,4.66222710896037,54.0095975824175));
#3406=CARTESIAN_POINT('Ctrl Pts',(24.6900441691817,4.61085614821601,54.0235873042343));
#3407=CARTESIAN_POINT('Ctrl Pts',(24.7724424195086,4.53175004288188,54.0451300667521));
#3408=CARTESIAN_POINT('Ctrl Pts',(24.8569068345417,4.45496964076359,54.0670047038999));
#3409=CARTESIAN_POINT('Ctrl Pts',(24.9432319797393,4.38055561653765,54.0891366905135));
#3410=CARTESIAN_POINT('Ctrl Pts',(25.0324471013482,4.30365037409036,54.1120096074679));
#3411=CARTESIAN_POINT('Ctrl Pts',(25.1236499098256,4.22927206452725,54.1351575382254));
#3412=CARTESIAN_POINT('Ctrl Pts',(25.2166689074542,4.15746875481767,54.158512348188));
#3413=CARTESIAN_POINT('Ctrl Pts',(25.3124267450007,4.08355127729422,54.1825548143008));
#3414=CARTESIAN_POINT('Ctrl Pts',(25.4101096632545,4.01236203517022,54.2068166999005));
#3415=CARTESIAN_POINT('Ctrl Pts',(25.5095830733769,3.94396586573825,54.231235878804));
#3416=CARTESIAN_POINT('Ctrl Pts',(25.6116759243394,3.87376861479814,54.2562980897943));
#3417=CARTESIAN_POINT('Ctrl Pts',(25.7156552470151,3.80651273967678,54.2815261981313));
#3418=CARTESIAN_POINT('Ctrl Pts',(25.8214237792574,3.74229176322298,54.3068626924128));
#3419=CARTESIAN_POINT('Ctrl Pts',(25.9272727128249,3.67802196835881,54.33221844656));
#3420=CARTESIAN_POINT('Ctrl Pts',(26.0349141992901,3.61679102866124,54.3576830006615));
#3421=CARTESIAN_POINT('Ctrl Pts',(26.1442900868912,3.55872625230871,54.3832047057312));
#3422=CARTESIAN_POINT('Ctrl Pts',(26.2516573670911,3.50172779269281,54.4082577235351));
#3423=CARTESIAN_POINT('Ctrl Pts',(26.3606965788278,3.44777977654945,54.4333660475783));
#3424=CARTESIAN_POINT('Ctrl Pts',(26.4713810495473,3.39704333819988,54.4584829966986));
#3425=CARTESIAN_POINT('Ctrl Pts',(26.5242332898243,3.37281650300771,54.4704764319231));
#3426=CARTESIAN_POINT('Ctrl Pts',(26.5774610254321,3.34932258803111,54.4824718443332));
#3427=CARTESIAN_POINT('Ctrl Pts',(26.6310630603715,3.32658301386313,54.4944640980342));
#3428=CARTESIAN_POINT('Ctrl Pts',(26.678784961316,3.30633796706232,54.5051408035709));
#3429=CARTESIAN_POINT('Ctrl Pts',(26.7268044636363,3.28669104152532,54.5158113284934));
#3430=CARTESIAN_POINT('Ctrl Pts',(26.775111974493,3.26763809767622,54.5264735202505));
#3431=CARTESIAN_POINT('Ctrl Pts',(26.9102275800067,3.21434721186294,54.5562955597183));
#3432=CARTESIAN_POINT('Ctrl Pts',(27.0472610994802,3.16583182023269,54.585978879886));
#3433=CARTESIAN_POINT('Ctrl Pts',(27.185824724522,3.12203627428474,54.6154402125708));
#3434=CARTESIAN_POINT('Ctrl Pts',(27.3240322614267,3.0783532764486,54.6448258339636));
#3435=CARTESIAN_POINT('Ctrl Pts',(27.4637630946445,3.03936592997599,54.6739908267967));
#3436=CARTESIAN_POINT('Ctrl Pts',(27.6046333043358,3.00507008484518,54.7028468903931));
#3437=CARTESIAN_POINT('Ctrl Pts',(27.7404640203919,2.97200113994849,54.7306706566063));
#3438=CARTESIAN_POINT('Ctrl Pts',(27.8773549102955,2.94329430139799,54.7582073542453));
#3439=CARTESIAN_POINT('Ctrl Pts',(28.0149488384699,2.91899074941354,54.7853698972114));
#3440=CARTESIAN_POINT('Ctrl Pts',(28.1485101713963,2.89539948458842,54.8117363618683));
#3441=CARTESIAN_POINT('Ctrl Pts',(28.2827346527325,2.87595736425278,54.8377504142602));
#3442=CARTESIAN_POINT('Ctrl Pts',(28.4172718829608,2.86074201060323,54.863322738316));
#3443=CARTESIAN_POINT('Ctrl Pts',(28.5451642007361,2.84627815668927,54.8876320227337));
#3444=CARTESIAN_POINT('Ctrl Pts',(28.6733395841141,2.83563411217218,54.9115422018123));
#3445=CARTESIAN_POINT('Ctrl Pts',(28.801467189905,2.82890989150988,54.9349663462025));
#3446=CARTESIAN_POINT('Ctrl Pts',(28.9098195329534,2.82322348958706,54.9547751993604));
#3447=CARTESIAN_POINT('Ctrl Pts',(29.0181374387005,2.82034085017649,54.9742363500666));
#3448=CARTESIAN_POINT('Ctrl Pts',(29.126199130613,2.82034085017649,54.9932904790078));
#3449=CARTESIAN_POINT('Ctrl Pts',(29.1796727354397,2.82034085017649,55.0027192871571));
#3450=CARTESIAN_POINT('Ctrl Pts',(29.2335421525864,2.82104697496489,55.012129233651));
#3451=CARTESIAN_POINT('Ctrl Pts',(29.2877860739586,2.8224731452126,55.0215161251641));
#3452=CARTESIAN_POINT('Ctrl Pts',(29.4008890006962,2.82544682456619,55.0410885468519));
#3453=CARTESIAN_POINT('Ctrl Pts',(29.5139063255261,2.83150322370587,55.0602646235772));
#3454=CARTESIAN_POINT('Ctrl Pts',(29.6266589685821,2.8405125533463,55.0790401519675));
#3455=CARTESIAN_POINT('Ctrl Pts',(29.7431510103595,2.84982067399352,55.0984383636488));
#3456=CARTESIAN_POINT('Ctrl Pts',(29.8593610952641,2.86228068609395,55.1174091154802));
#3457=CARTESIAN_POINT('Ctrl Pts',(29.9751308314306,2.87779143125888,55.135948464765));
#3458=CARTESIAN_POINT('Ctrl Pts',(30.0943404736837,2.89376305254281,55.1550386801272));
#3459=CARTESIAN_POINT('Ctrl Pts',(30.2130838996349,2.91296923487724,55.1736715896311));
#3460=CARTESIAN_POINT('Ctrl Pts',(30.3312191357161,2.93534571349358,55.1918419690184));
#3461=CARTESIAN_POINT('Ctrl Pts',(30.4527956716276,2.9583740227967,55.2105416546956));
#3462=CARTESIAN_POINT('Ctrl Pts',(30.5737288784757,2.98475982485226,55.2287516058811));
#3463=CARTESIAN_POINT('Ctrl Pts',(30.6938847005987,3.01448402568737,55.2464632350781));
#3464=CARTESIAN_POINT('Ctrl Pts',(30.8143804701359,3.04429232286532,55.2642249743941));
#3465=CARTESIAN_POINT('Ctrl Pts',(30.9340953620218,3.07745792761415,55.2814856961383));
#3466=CARTESIAN_POINT('Ctrl Pts',(31.0529014630923,3.11401331368837,55.2982318882787));
#3467=CARTESIAN_POINT('Ctrl Pts',(31.1697545040209,3.14996776372584,55.3147027888297));
#3468=CARTESIAN_POINT('Ctrl Pts',(31.285729222208,3.18920158342479,55.3306760400403));
#3469=CARTESIAN_POINT('Ctrl Pts',(31.4006980008372,3.23179454671111,55.3461324176441));
#3470=CARTESIAN_POINT('Ctrl Pts',(31.4814679663352,3.26171773295448,55.3569911142456));
#3471=CARTESIAN_POINT('Ctrl Pts',(31.5617413343559,3.29329986304676,55.3675945739499));
#3472=CARTESIAN_POINT('Ctrl Pts',(31.6414687577312,3.32658301386313,55.3779337849026));
#3473=CARTESIAN_POINT('Ctrl Pts',(31.6711236868358,3.33896281288396,55.3817794951341));
#3474=CARTESIAN_POINT('Ctrl Pts',(31.7007028704598,3.35157801065969,55.3855900308317));
#3475=CARTESIAN_POINT('Ctrl Pts',(31.7302054235667,3.36442637375561,55.3893659221944));
#3476=CARTESIAN_POINT('Ctrl Pts',(31.8579293468474,3.42005014761682,55.4057126992678));
#3477=CARTESIAN_POINT('Ctrl Pts',(31.9838354829745,3.4798734116509,55.4213616719309));
#3478=CARTESIAN_POINT('Ctrl Pts',(32.1077601079521,3.54362417344403,55.4363489323279));
#3479=CARTESIAN_POINT('Ctrl Pts',(32.2325038228287,3.60779630108798,55.4514352522428));
#3480=CARTESIAN_POINT('Ctrl Pts',(32.3552404970589,3.67594871123016,55.4658510653238));
#3481=CARTESIAN_POINT('Ctrl Pts',(32.4757720440055,3.74784558555309,55.4796250811807));
#3482=CARTESIAN_POINT('Ctrl Pts',(32.5951443510886,3.81905097515774,55.4932666222733));
#3483=CARTESIAN_POINT('Ctrl Pts',(32.712354407162,3.89392991525769,55.5062786166105));
#3484=CARTESIAN_POINT('Ctrl Pts',(32.8271689700068,3.97228293541945,55.5186814659652));
#3485=CARTESIAN_POINT('Ctrl Pts',(32.9371760675693,4.0473551921061,55.5305649886231));
#3486=CARTESIAN_POINT('Ctrl Pts',(33.0449844109882,4.12561742722664,55.5418892477496));
#3487=CARTESIAN_POINT('Ctrl Pts',(33.1503444066631,4.20691045157513,55.5526660484311));
#3488=CARTESIAN_POINT('Ctrl Pts',(33.2525611447498,4.28577822036041,55.5631213394134));
#3489=CARTESIAN_POINT('Ctrl Pts',(33.352473790738,4.36749921088228,55.5730613098675));
#3490=CARTESIAN_POINT('Ctrl Pts',(33.4498066814361,4.45193438090759,55.582491547001));
#3491=CARTESIAN_POINT('Ctrl Pts',(33.5429546274648,4.5327391592722,55.59151631975));
#3492=CARTESIAN_POINT('Ctrl Pts',(33.6337400563401,4.61603019132448,55.6000742081475));
#3493=CARTESIAN_POINT('Ctrl Pts',(33.7218734662514,4.70168416540355,55.6081658817183));
#3494=CARTESIAN_POINT('Ctrl Pts',(33.7439420788625,4.7231319270918,55.6101920374019));
#3495=CARTESIAN_POINT('Ctrl Pts',(33.7658441586643,4.74472782000673,55.6121889414783));
#3496=CARTESIAN_POINT('Ctrl Pts',(33.7875746418747,4.76646984258247,55.6141565649684));
#3497=CARTESIAN_POINT('Ctrl Pts',(33.8157770654797,4.79468724229572,55.6167102012878));
#3498=CARTESIAN_POINT('Ctrl Pts',(33.8438710700974,4.82333150981964,55.6192311779785));
#3499=CARTESIAN_POINT('Ctrl Pts',(33.8718467540996,4.85240177222228,55.6217194900602));
#3500=CARTESIAN_POINT('Ctrl Pts',(33.9510456157491,4.93469937359471,55.6287638749011));
#3501=CARTESIAN_POINT('Ctrl Pts',(34.0280275313359,5.01908894820276,55.6354344978887));
#3502=CARTESIAN_POINT('Ctrl Pts',(34.1027516758187,5.10535195784793,55.6417622671856));
#3503=CARTESIAN_POINT('Ctrl Pts',(34.18000031162,5.19452928950322,55.6483038147568));
#3504=CARTESIAN_POINT('Ctrl Pts',(34.2548365686375,5.28570906982431,55.6544789526135));
#3505=CARTESIAN_POINT('Ctrl Pts',(34.3272148843064,5.37870729053966,55.6603170041056));
#3506=CARTESIAN_POINT('Ctrl Pts',(34.4018056567,5.47454827620365,55.666333512863));
#3507=CARTESIAN_POINT('Ctrl Pts',(34.4737865395141,5.57232094081633,55.6719920117161));
#3508=CARTESIAN_POINT('Ctrl Pts',(34.543098328765,5.67187871845255,55.6773195539807));
#3509=CARTESIAN_POINT('Ctrl Pts',(34.6145506915001,5.77451116406747,55.6828116280778));
#3510=CARTESIAN_POINT('Ctrl Pts',(34.6831672929532,5.87904110881179,55.6879519886957));
#3511=CARTESIAN_POINT('Ctrl Pts',(34.7488629878904,5.98535925543712,55.6927649932475));
#3512=CARTESIAN_POINT('Ctrl Pts',(34.8147737103241,6.09202539023592,55.6975937511652));
#3513=CARTESIAN_POINT('Ctrl Pts',(34.8777450549729,6.20049209563122,55.7020929861241));
#3514=CARTESIAN_POINT('Ctrl Pts',(34.9376602670409,6.31069135551366,55.7062822463287));
#3515=CARTESIAN_POINT('Ctrl Pts',(34.9965479524243,6.41900073340721,55.7103996620635));
#3516=CARTESIAN_POINT('Ctrl Pts',(35.0524839536912,6.52898443597769,55.7142176121199));
#3517=CARTESIAN_POINT('Ctrl Pts',(35.1053190060096,6.6406086898994,55.7177501984479));
#3518=CARTESIAN_POINT('Ctrl Pts',(35.149026139101,6.73294845125666,55.7206724860964));
#3519=CARTESIAN_POINT('Ctrl Pts',(35.1906107124183,6.82641157421563,55.7233994097609));
#3520=CARTESIAN_POINT('Ctrl Pts',(35.2299638785576,6.92099050491062,55.7259367924684));
#3521=CARTESIAN_POINT('Ctrl Pts',(35.2363787698567,6.93640765222334,55.726350406819));
#3522=CARTESIAN_POINT('Ctrl Pts',(35.2427342324555,6.95185449095726,55.7267593650746));
#3523=CARTESIAN_POINT('Ctrl Pts',(35.2490304005327,6.96733072932692,55.7271637051919));
#3524=CARTESIAN_POINT('Ctrl Pts',(35.295225017792,7.08087898587347,55.7301303250042));
#3525=CARTESIAN_POINT('Ctrl Pts',(35.3380303753449,7.1955128021879,55.7328357357904));
#3526=CARTESIAN_POINT('Ctrl Pts',(35.3775611015456,7.31110338200553,55.7352996815134));
#3527=CARTESIAN_POINT('Ctrl Pts',(35.4176612531169,7.42835900102345,55.7377991194558));
#3528=CARTESIAN_POINT('Ctrl Pts',(35.4543918424687,7.54659998229414,55.7400500603612));
#3529=CARTESIAN_POINT('Ctrl Pts',(35.4878210859906,7.66570846711245,55.7420693086081));
#3530=CARTESIAN_POINT('Ctrl Pts',(35.5212835073242,7.78493516456387,55.7440905609159));
#3531=CARTESIAN_POINT('Ctrl Pts',(35.5514380336137,7.9050319849394,55.7458796277367));
#3532=CARTESIAN_POINT('Ctrl Pts',(35.5783013654411,8.02588409275429,55.7474500291379));
#3533=CARTESIAN_POINT('Ctrl Pts',(35.6044709911371,8.1436153721958,55.7489798772269));
#3534=CARTESIAN_POINT('Ctrl Pts',(35.6275170264748,8.26206423468937,55.7503021666486));
#3535=CARTESIAN_POINT('Ctrl Pts',(35.6474074933708,8.38111525865603,55.7514267962109));
#3536=CARTESIAN_POINT('Ctrl Pts',(35.6668151279046,8.49727637121837,55.7525241258837));
#3537=CARTESIAN_POINT('Ctrl Pts',(35.6832184034908,8.61401146333395,55.7534332415116));
#3538=CARTESIAN_POINT('Ctrl Pts',(35.6965441175605,8.73119353522215,55.7541613701319));
#3539=CARTESIAN_POINT('Ctrl Pts',(35.7095052756416,8.84516981822419,55.7548695790956));
#3540=CARTESIAN_POINT('Ctrl Pts',(35.7195548336136,8.95956955703623,55.7554065385076));
#3541=CARTESIAN_POINT('Ctrl Pts',(35.7265856443147,9.07424759438869,55.7557774749765));
#3542=CARTESIAN_POINT('Ctrl Pts',(35.7333370058746,9.18436759705211,55.7561336680705));
#3543=CARTESIAN_POINT('Ctrl Pts',(35.7373046474252,9.29474464377115,55.7563367470281));
#3544=CARTESIAN_POINT('Ctrl Pts',(35.7383587349734,9.40521652353107,55.7563904149714));
#3545=CARTESIAN_POINT('Ctrl Pts',(35.7385483488883,9.42508869225934,55.7564000689976));
#3546=CARTESIAN_POINT('Ctrl Pts',(35.7386435938961,9.44496382873712,55.7564048864068));
#3547=CARTESIAN_POINT('Ctrl Pts',(35.7386435938961,9.46484085017646,55.7564048864068));
#3548=CARTESIAN_POINT('Origin',(38.823,-1.29315914982351,2.84089418656208E-15));
#3549=CARTESIAN_POINT('',(86.1766249907433,-1.29315914982351,29.5960156192156));
#3550=CARTESIAN_POINT('Origin',(85.9222254995418,-1.29315914982351,29.4370159372146));
#3551=UNCERTAINTY_MEASURE_WITH_UNIT(LENGTH_MEASURE(0.01),#3555,
'DISTANCE_ACCURACY_VALUE',
'Maximum model space distance between geometric entities at asserted c
onnectivities');
#3552=UNCERTAINTY_MEASURE_WITH_UNIT(LENGTH_MEASURE(0.01),#3555,
'DISTANCE_ACCURACY_VALUE',
'Maximum model space distance between geometric entities at asserted c
onnectivities');
#3553=(
GEOMETRIC_REPRESENTATION_CONTEXT(3)
GLOBAL_UNCERTAINTY_ASSIGNED_CONTEXT((#3551))
GLOBAL_UNIT_ASSIGNED_CONTEXT((#3555,#3557,#3558))
REPRESENTATION_CONTEXT('','3D')
);
#3554=(
GEOMETRIC_REPRESENTATION_CONTEXT(3)
GLOBAL_UNCERTAINTY_ASSIGNED_CONTEXT((#3552))
GLOBAL_UNIT_ASSIGNED_CONTEXT((#3555,#3557,#3558))
REPRESENTATION_CONTEXT('','3D')
);
#3555=(
LENGTH_UNIT()
NAMED_UNIT(*)
SI_UNIT(.MILLI.,.METRE.)
);
#3556=(
LENGTH_UNIT()
NAMED_UNIT(*)
SI_UNIT($,.METRE.)
);
#3557=(
NAMED_UNIT(*)
PLANE_ANGLE_UNIT()
SI_UNIT($,.RADIAN.)
);
#3558=(
NAMED_UNIT(*)
SI_UNIT($,.STERADIAN.)
SOLID_ANGLE_UNIT()
);
#3559=SHAPE_DEFINITION_REPRESENTATION(#3560,#3561);
#3560=PRODUCT_DEFINITION_SHAPE('',$,#3563);
#3561=SHAPE_REPRESENTATION('',(#661),#3553);
#3562=PRODUCT_DEFINITION_CONTEXT('part definition',#3567,'design');
#3563=PRODUCT_DEFINITION('beamsplitter rotary inner',
'REV11146mmdepth_rotary_forex v36',#3564,#3562);
#3564=PRODUCT_DEFINITION_FORMATION('',$,#3569);
#3565=PRODUCT_RELATED_PRODUCT_CATEGORY(
'REV11146mmdepth_rotary_forex v36','REV11146mmdepth_rotary_forex v36',(#3569));
#3566=APPLICATION_PROTOCOL_DEFINITION('international standard',
'automotive_design',2009,#3567);
#3567=APPLICATION_CONTEXT(
'Core Data for Automotive Mechanical Design Process');
#3568=PRODUCT_CONTEXT('part definition',#3567,'mechanical');
#3569=PRODUCT('beamsplitter rotary inner',
'REV11146mmdepth_rotary_forex v36',$,(#3568));
#3570=PRESENTATION_STYLE_ASSIGNMENT((#3573));
#3571=PRESENTATION_STYLE_ASSIGNMENT((#3574));
#3572=PRESENTATION_STYLE_ASSIGNMENT((#3575));
#3573=SURFACE_STYLE_USAGE(.BOTH.,#3576);
#3574=SURFACE_STYLE_USAGE(.BOTH.,#3577);
#3575=SURFACE_STYLE_USAGE(.BOTH.,#3578);
#3576=SURFACE_SIDE_STYLE('',(#3579));
#3577=SURFACE_SIDE_STYLE('',(#3580));
#3578=SURFACE_SIDE_STYLE('',(#3581));
#3579=SURFACE_STYLE_FILL_AREA(#3582);
#3580=SURFACE_STYLE_FILL_AREA(#3583);
#3581=SURFACE_STYLE_FILL_AREA(#3584);
#3582=FILL_AREA_STYLE('Default',(#3585));
#3583=FILL_AREA_STYLE('Paint - Enamel Glossy (Blue)',(#3586));
#3584=FILL_AREA_STYLE('Opaque(191,191,191)',(#3587));
#3585=FILL_AREA_STYLE_COLOUR('Default',#3588);
#3586=FILL_AREA_STYLE_COLOUR('Paint - Enamel Glossy (Blue)',#3589);
#3587=FILL_AREA_STYLE_COLOUR('Opaque(191,191,191)',#3590);
#3588=COLOUR_RGB('Default',0.749019607843137,0.749019607843137,0.749019607843137);
#3589=COLOUR_RGB('Paint - Enamel Glossy (Blue)',0.188235294117647,0.231372549019608,
0.588235294117647);
#3590=COLOUR_RGB('Opaque(191,191,191)',0.749019607843137,0.749019607843137,
0.749019607843137);
ENDSEC;
END-ISO-10303-21;
